공종,작업명,단위작업명,기인물,사고건수,단위작업명전체건수,비중(%)
4. 마감공사,4.8 판넬 등 외부마감 작업,4.8.2 판넬 등 외부마감 시공,"지붕(채광판,선라이트)",69,232,29.7
4. 마감공사,4.8 판넬 등 외부마감 작업,4.8.2 판넬 등 외부마감 시공,"지붕(처마,홈통)",55,232,23.7
4. 마감공사,4.8 판넬 등 외부마감 작업,4.8.2 판넬 등 외부마감 시공,고소작업대,14,232,6.0
4. 마감공사,4.8 판넬 등 외부마감 작업,4.8.2 판넬 등 외부마감 시공,사다리,11,232,4.7
4. 마감공사,4.8 판넬 등 외부마감 작업,4.8.2 판넬 등 외부마감 시공,외부마감재,11,232,4.7
4. 마감공사,4.8 판넬 등 외부마감 작업,4.8.2 판넬 등 외부마감 시공,천장(판넬 등 마감재),9,232,3.9
4. 마감공사,4.8 판넬 등 외부마감 작업,4.8.2 판넬 등 외부마감 시공,철골(철골구조물),8,232,3.4
4. 마감공사,4.8 판넬 등 외부마감 작업,4.8.2 판넬 등 외부마감 시공,슬라브단부,7,232,3.0
4. 마감공사,4.8 판넬 등 외부마감 작업,4.8.2 판넬 등 외부마감 시공,이동식비계,7,232,3.0
4. 마감공사,4.8 판넬 등 외부마감 작업,4.8.2 판넬 등 외부마감 시공,개구부(바닥개구부),5,232,2.2
4. 마감공사,4.8 판넬 등 외부마감 작업,4.8.2 판넬 등 외부마감 시공,이동식크레인,5,232,2.2
4. 마감공사,4.8 판넬 등 외부마감 작업,4.8.2 판넬 등 외부마감 시공,비계,4,232,1.7
4. 마감공사,4.8 판넬 등 외부마감 작업,4.8.2 판넬 등 외부마감 시공,작업발판/가설계단,4,232,1.7
4. 마감공사,4.8 판넬 등 외부마감 작업,4.8.2 판넬 등 외부마감 시공,개구부(기타개구부),3,232,1.3
4. 마감공사,4.8 판넬 등 외부마감 작업,4.8.2 판넬 등 외부마감 시공,기타구조물,3,232,1.3
4. 마감공사,4.8 판넬 등 외부마감 작업,4.8.2 판넬 등 외부마감 시공,"각재(파이프,강관,합판)",2,232,0.9
4. 마감공사,4.8 판넬 등 외부마감 작업,4.8.2 판넬 등 외부마감 시공,"기타자재(내부마감재,시멘트,마대)",2,232,0.9
4. 마감공사,4.8 판넬 등 외부마감 작업,4.8.2 판넬 등 외부마감 시공,달비계,2,232,0.9
4. 마감공사,4.8 판넬 등 외부마감 작업,4.8.2 판넬 등 외부마감 시공,벽체,2,232,0.9
4. 마감공사,4.8 판넬 등 외부마감 작업,4.8.2 판넬 등 외부마감 시공,엘리베이터피트,2,232,0.9
4. 마감공사,4.8 판넬 등 외부마감 작업,4.8.2 판넬 등 외부마감 시공,철골(철골자재),2,232,0.9
4. 마감공사,4.8 판넬 등 외부마감 작업,4.8.2 판넬 등 외부마감 시공,굴착기,1,232,0.4
4. 마감공사,4.8 판넬 등 외부마감 작업,4.8.2 판넬 등 외부마감 시공,기계설비,1,232,0.4
4. 마감공사,4.8 판넬 등 외부마감 작업,4.8.2 판넬 등 외부마감 시공,분류불능,1,232,0.4
4. 마감공사,4.8 판넬 등 외부마감 작업,4.8.2 판넬 등 외부마감 시공,"철근콘크리트자재(철근,콘크리트,PC)",1,232,0.4
4. 마감공사,4.8 판넬 등 외부마감 작업,4.8.2 판넬 등 외부마감 시공,충전부,1,232,0.4
"5. 전기, 기계설비공사",5.2 기계설비 작업,5.2.2 기계설비 설치,기계설비,30,176,17.0
"5. 전기, 기계설비공사",5.2 기계설비 작업,5.2.2 기계설비 설치,사다리,18,176,10.2
"5. 전기, 기계설비공사",5.2 기계설비 작업,5.2.2 기계설비 설치,고소작업대,15,176,8.5
"5. 전기, 기계설비공사",5.2 기계설비 작업,5.2.2 기계설비 설치,이동식비계,15,176,8.5
"5. 전기, 기계설비공사",5.2 기계설비 작업,5.2.2 기계설비 설치,화학물질,12,176,6.8
"5. 전기, 기계설비공사",5.2 기계설비 작업,5.2.2 기계설비 설치,개구부(바닥개구부),9,176,5.1
"5. 전기, 기계설비공사",5.2 기계설비 작업,5.2.2 기계설비 설치,"지붕(채광판,선라이트)",9,176,5.1
"5. 전기, 기계설비공사",5.2 기계설비 작업,5.2.2 기계설비 설치,작업발판/가설계단,8,176,4.5
"5. 전기, 기계설비공사",5.2 기계설비 작업,5.2.2 기계설비 설치,기타구조물,7,176,4.0
"5. 전기, 기계설비공사",5.2 기계설비 작업,5.2.2 기계설비 설치,"기타자재(내부마감재,시멘트,마대)",6,176,3.4
"5. 전기, 기계설비공사",5.2 기계설비 작업,5.2.2 기계설비 설치,배관,6,176,3.4
"5. 전기, 기계설비공사",5.2 기계설비 작업,5.2.2 기계설비 설치,리프트,4,176,2.3
"5. 전기, 기계설비공사",5.2 기계설비 작업,5.2.2 기계설비 설치,"지붕(처마,홈통)",4,176,2.3
"5. 전기, 기계설비공사",5.2 기계설비 작업,5.2.2 기계설비 설치,천장(판넬 등 마감재),4,176,2.3
"5. 전기, 기계설비공사",5.2 기계설비 작업,5.2.2 기계설비 설치,개구부(기타개구부),3,176,1.7
"5. 전기, 기계설비공사",5.2 기계설비 작업,5.2.2 기계설비 설치,달비계,2,176,1.1
"5. 전기, 기계설비공사",5.2 기계설비 작업,5.2.2 기계설비 설치,물,2,176,1.1
"5. 전기, 기계설비공사",5.2 기계설비 작업,5.2.2 기계설비 설치,이동식크레인,2,176,1.1
"5. 전기, 기계설비공사",5.2 기계설비 작업,5.2.2 기계설비 설치,지게차,2,176,1.1
"5. 전기, 기계설비공사",5.2 기계설비 작업,5.2.2 기계설비 설치,철골(철골구조물),2,176,1.1
"5. 전기, 기계설비공사",5.2 기계설비 작업,5.2.2 기계설비 설치,충전부,2,176,1.1
"5. 전기, 기계설비공사",5.2 기계설비 작업,5.2.2 기계설비 설치,"각재(파이프,강관,합판)",1,176,0.6
"5. 전기, 기계설비공사",5.2 기계설비 작업,5.2.2 기계설비 설치,계단,1,176,0.6
"5. 전기, 기계설비공사",5.2 기계설비 작업,5.2.2 기계설비 설치,고정식크레인,1,176,0.6
"5. 전기, 기계설비공사",5.2 기계설비 작업,5.2.2 기계설비 설치,기타가설구조물,1,176,0.6
"5. 전기, 기계설비공사",5.2 기계설비 작업,5.2.2 기계설비 설치,말비계,1,176,0.6
"5. 전기, 기계설비공사",5.2 기계설비 작업,5.2.2 기계설비 설치,바닥(바닥에 걸려 넘어짐),1,176,0.6
"5. 전기, 기계설비공사",5.2 기계설비 작업,5.2.2 기계설비 설치,분류불능,1,176,0.6
"5. 전기, 기계설비공사",5.2 기계설비 작업,5.2.2 기계설비 설치,슬라브단부,1,176,0.6
"5. 전기, 기계설비공사",5.2 기계설비 작업,5.2.2 기계설비 설치,암석,1,176,0.6
"5. 전기, 기계설비공사",5.2 기계설비 작업,5.2.2 기계설비 설치,엘리베이터피트,1,176,0.6
"5. 전기, 기계설비공사",5.2 기계설비 작업,5.2.2 기계설비 설치,용접(단)기,1,176,0.6
"5. 전기, 기계설비공사",5.2 기계설비 작업,5.2.2 기계설비 설치,원인미상,1,176,0.6
"5. 전기, 기계설비공사",5.2 기계설비 작업,5.2.2 기계설비 설치,절단기/톱,1,176,0.6
"5. 전기, 기계설비공사",5.2 기계설비 작업,5.2.2 기계설비 설치,철골(철골자재),1,176,0.6
3. 철골공사,3.1 철골 작업,"3.1.2 철골 부재 인양, 조립",철골(철골구조물),62,129,48.1
3. 철골공사,3.1 철골 작업,"3.1.2 철골 부재 인양, 조립",철골(철골자재),19,129,14.7
3. 철골공사,3.1 철골 작업,"3.1.2 철골 부재 인양, 조립",고소작업대,15,129,11.6
3. 철골공사,3.1 철골 작업,"3.1.2 철골 부재 인양, 조립",개구부(기타개구부),4,129,3.1
3. 철골공사,3.1 철골 작업,"3.1.2 철골 부재 인양, 조립",사다리,4,129,3.1
3. 철골공사,3.1 철골 작업,"3.1.2 철골 부재 인양, 조립","지붕(처마,홈통)",4,129,3.1
3. 철골공사,3.1 철골 작업,"3.1.2 철골 부재 인양, 조립","각재(파이프,강관,합판)",3,129,2.3
3. 철골공사,3.1 철골 작업,"3.1.2 철골 부재 인양, 조립",계단,3,129,2.3
3. 철골공사,3.1 철골 작업,"3.1.2 철골 부재 인양, 조립",이동식비계,3,129,2.3
3. 철골공사,3.1 철골 작업,"3.1.2 철골 부재 인양, 조립",개구부(바닥개구부),2,129,1.6
3. 철골공사,3.1 철골 작업,"3.1.2 철골 부재 인양, 조립",이동식크레인,2,129,1.6
3. 철골공사,3.1 철골 작업,"3.1.2 철골 부재 인양, 조립",기타건설장비,1,129,0.8
3. 철골공사,3.1 철골 작업,"3.1.2 철골 부재 인양, 조립",바닥(바닥에 걸려 넘어짐),1,129,0.8
3. 철골공사,3.1 철골 작업,"3.1.2 철골 부재 인양, 조립",벽체,1,129,0.8
3. 철골공사,3.1 철골 작업,"3.1.2 철골 부재 인양, 조립",비계(일체형비계),1,129,0.8
3. 철골공사,3.1 철골 작업,"3.1.2 철골 부재 인양, 조립",외부마감재,1,129,0.8
3. 철골공사,3.1 철골 작업,"3.1.2 철골 부재 인양, 조립",작업발판/가설계단,1,129,0.8
3. 철골공사,3.1 철골 작업,"3.1.2 철골 부재 인양, 조립",전주,1,129,0.8
3. 철골공사,3.1 철골 작업,"3.1.2 철골 부재 인양, 조립",천장(판넬 등 마감재),1,129,0.8
12. 공통공사,"12.7 기타(작업환경, 청소 등)","12.7.1 기타(작업환경, 청소 등)",분류불능,17,126,13.5
12. 공통공사,"12.7 기타(작업환경, 청소 등)","12.7.1 기타(작업환경, 청소 등)",화학물질,10,126,7.9
12. 공통공사,"12.7 기타(작업환경, 청소 등)","12.7.1 기타(작업환경, 청소 등)",트럭,9,126,7.1
12. 공통공사,"12.7 기타(작업환경, 청소 등)","12.7.1 기타(작업환경, 청소 등)",기계설비,8,126,6.3
12. 공통공사,"12.7 기타(작업환경, 청소 등)","12.7.1 기타(작업환경, 청소 등)","기타자재(내부마감재,시멘트,마대)",8,126,6.3
12. 공통공사,"12.7 기타(작업환경, 청소 등)","12.7.1 기타(작업환경, 청소 등)",개구부(기타개구부),7,126,5.6
12. 공통공사,"12.7 기타(작업환경, 청소 등)","12.7.1 기타(작업환경, 청소 등)",슬라브단부,7,126,5.6
12. 공통공사,"12.7 기타(작업환경, 청소 등)","12.7.1 기타(작업환경, 청소 등)",교통수단,6,126,4.8
12. 공통공사,"12.7 기타(작업환경, 청소 등)","12.7.1 기타(작업환경, 청소 등)",사다리,6,126,4.8
12. 공통공사,"12.7 기타(작업환경, 청소 등)","12.7.1 기타(작업환경, 청소 등)",개구부(바닥개구부),5,126,4.0
12. 공통공사,"12.7 기타(작업환경, 청소 등)","12.7.1 기타(작업환경, 청소 등)",충전부,5,126,4.0
12. 공통공사,"12.7 기타(작업환경, 청소 등)","12.7.1 기타(작업환경, 청소 등)",굴착기,3,126,2.4
12. 공통공사,"12.7 기타(작업환경, 청소 등)","12.7.1 기타(작업환경, 청소 등)",기타건설장비,3,126,2.4
12. 공통공사,"12.7 기타(작업환경, 청소 등)","12.7.1 기타(작업환경, 청소 등)",기타구조물,3,126,2.4
12. 공통공사,"12.7 기타(작업환경, 청소 등)","12.7.1 기타(작업환경, 청소 등)",비계,3,126,2.4
12. 공통공사,"12.7 기타(작업환경, 청소 등)","12.7.1 기타(작업환경, 청소 등)","각재(파이프,강관,합판)",2,126,1.6
12. 공통공사,"12.7 기타(작업환경, 청소 등)","12.7.1 기타(작업환경, 청소 등)",계단,2,126,1.6
12. 공통공사,"12.7 기타(작업환경, 청소 등)","12.7.1 기타(작업환경, 청소 등)",고소작업대,2,126,1.6
12. 공통공사,"12.7 기타(작업환경, 청소 등)","12.7.1 기타(작업환경, 청소 등)",물,2,126,1.6
12. 공통공사,"12.7 기타(작업환경, 청소 등)","12.7.1 기타(작업환경, 청소 등)",암석,2,126,1.6
12. 공통공사,"12.7 기타(작업환경, 청소 등)","12.7.1 기타(작업환경, 청소 등)",지게차,2,126,1.6
12. 공통공사,"12.7 기타(작업환경, 청소 등)","12.7.1 기타(작업환경, 청소 등)","지붕(처마,홈통)",2,126,1.6
12. 공통공사,"12.7 기타(작업환경, 청소 등)","12.7.1 기타(작업환경, 청소 등)",철골(철골구조물),2,126,1.6
12. 공통공사,"12.7 기타(작업환경, 청소 등)","12.7.1 기타(작업환경, 청소 등)",거푸집,1,126,0.8
12. 공통공사,"12.7 기타(작업환경, 청소 등)","12.7.1 기타(작업환경, 청소 등)",기타가설구조물,1,126,0.8
12. 공통공사,"12.7 기타(작업환경, 청소 등)","12.7.1 기타(작업환경, 청소 등)",배관,1,126,0.8
12. 공통공사,"12.7 기타(작업환경, 청소 등)","12.7.1 기타(작업환경, 청소 등)",수목,1,126,0.8
12. 공통공사,"12.7 기타(작업환경, 청소 등)","12.7.1 기타(작업환경, 청소 등)",엘리베이터피트,1,126,0.8
12. 공통공사,"12.7 기타(작업환경, 청소 등)","12.7.1 기타(작업환경, 청소 등)",용접(단)기,1,126,0.8
12. 공통공사,"12.7 기타(작업환경, 청소 등)","12.7.1 기타(작업환경, 청소 등)",원인미상,1,126,0.8
12. 공통공사,"12.7 기타(작업환경, 청소 등)","12.7.1 기타(작업환경, 청소 등)",작업발판/가설계단,1,126,0.8
12. 공통공사,"12.7 기타(작업환경, 청소 등)","12.7.1 기타(작업환경, 청소 등)","철근콘크리트자재(철근,콘크리트,PC)",1,126,0.8
12. 공통공사,"12.7 기타(작업환경, 청소 등)","12.7.1 기타(작업환경, 청소 등)",흙막이가시설,1,126,0.8
12. 공통공사,"12.1 철거, 해체",12.1.1 철거 및 해체,"지붕(처마,홈통)",20,124,16.1
12. 공통공사,"12.1 철거, 해체",12.1.1 철거 및 해체,벽체,16,124,12.9
12. 공통공사,"12.1 철거, 해체",12.1.1 철거 및 해체,슬라브단부,11,124,8.9
12. 공통공사,"12.1 철거, 해체",12.1.1 철거 및 해체,굴착기,9,124,7.3
12. 공통공사,"12.1 철거, 해체",12.1.1 철거 및 해체,기타구조물,9,124,7.3
12. 공통공사,"12.1 철거, 해체",12.1.1 철거 및 해체,"기타자재(내부마감재,시멘트,마대)",8,124,6.5
12. 공통공사,"12.1 철거, 해체",12.1.1 철거 및 해체,철골(철골구조물),8,124,6.5
12. 공통공사,"12.1 철거, 해체",12.1.1 철거 및 해체,"지붕(채광판,선라이트)",5,124,4.0
12. 공통공사,"12.1 철거, 해체",12.1.1 철거 및 해체,개구부(기타개구부),4,124,3.2
12. 공통공사,"12.1 철거, 해체",12.1.1 철거 및 해체,기계설비,4,124,3.2
12. 공통공사,"12.1 철거, 해체",12.1.1 철거 및 해체,천장(판넬 등 마감재),4,124,3.2
12. 공통공사,"12.1 철거, 해체",12.1.1 철거 및 해체,배관,3,124,2.4
12. 공통공사,"12.1 철거, 해체",12.1.1 철거 및 해체,외부마감재,3,124,2.4
12. 공통공사,"12.1 철거, 해체",12.1.1 철거 및 해체,이동식크레인,3,124,2.4
12. 공통공사,"12.1 철거, 해체",12.1.1 철거 및 해체,고소작업대,2,124,1.6
12. 공통공사,"12.1 철거, 해체",12.1.1 철거 및 해체,전주,2,124,1.6
12. 공통공사,"12.1 철거, 해체",12.1.1 철거 및 해체,충전부,2,124,1.6
12. 공통공사,"12.1 철거, 해체",12.1.1 철거 및 해체,화학물질,2,124,1.6
12. 공통공사,"12.1 철거, 해체",12.1.1 철거 및 해체,"각재(파이프,강관,합판)",1,124,0.8
12. 공통공사,"12.1 철거, 해체",12.1.1 철거 및 해체,개구부(바닥개구부),1,124,0.8
12. 공통공사,"12.1 철거, 해체",12.1.1 철거 및 해체,고정식크레인,1,124,0.8
12. 공통공사,"12.1 철거, 해체",12.1.1 철거 및 해체,바닥(바닥에 걸려 넘어짐),1,124,0.8
12. 공통공사,"12.1 철거, 해체",12.1.1 철거 및 해체,비계,1,124,0.8
12. 공통공사,"12.1 철거, 해체",12.1.1 철거 및 해체,사다리,1,124,0.8
12. 공통공사,"12.1 철거, 해체",12.1.1 철거 및 해체,이동식비계,1,124,0.8
12. 공통공사,"12.1 철거, 해체",12.1.1 철거 및 해체,작업발판/가설계단,1,124,0.8
12. 공통공사,"12.1 철거, 해체",12.1.1 철거 및 해체,"철근콘크리트자재(철근,콘크리트,PC)",1,124,0.8
4. 마감공사,4.4 도장작업,4.4.3 실외 도장,달비계,51,88,58.0
4. 마감공사,4.4 도장작업,4.4.3 실외 도장,고소작업대,11,88,12.5
4. 마감공사,4.4 도장작업,4.4.3 실외 도장,"지붕(처마,홈통)",6,88,6.8
4. 마감공사,4.4 도장작업,4.4.3 실외 도장,사다리,4,88,4.5
4. 마감공사,4.4 도장작업,4.4.3 실외 도장,슬라브단부,3,88,3.4
4. 마감공사,4.4 도장작업,4.4.3 실외 도장,이동식비계,3,88,3.4
4. 마감공사,4.4 도장작업,4.4.3 실외 도장,기타구조물,2,88,2.3
4. 마감공사,4.4 도장작업,4.4.3 실외 도장,작업발판/가설계단,2,88,2.3
4. 마감공사,4.4 도장작업,4.4.3 실외 도장,개구부(기타개구부),1,88,1.1
4. 마감공사,4.4 도장작업,4.4.3 실외 도장,개구부(바닥개구부),1,88,1.1
4. 마감공사,4.4 도장작업,4.4.3 실외 도장,바닥(바닥에 걸려 넘어짐),1,88,1.1
4. 마감공사,4.4 도장작업,4.4.3 실외 도장,비계,1,88,1.1
4. 마감공사,4.4 도장작업,4.4.3 실외 도장,이동식크레인,1,88,1.1
4. 마감공사,4.4 도장작업,4.4.3 실외 도장,철골(철골구조물),1,88,1.1
2. 철근콘크리트공사,2.1 거푸집 작업,2.1.2 거푸집 동바리 조립,거푸집,24,76,31.6
2. 철근콘크리트공사,2.1 거푸집 작업,2.1.2 거푸집 동바리 조립,슬라브단부,9,76,11.8
2. 철근콘크리트공사,2.1 거푸집 작업,2.1.2 거푸집 동바리 조립,비계,8,76,10.5
2. 철근콘크리트공사,2.1 거푸집 작업,2.1.2 거푸집 동바리 조립,동바리,6,76,7.9
2. 철근콘크리트공사,2.1 거푸집 작업,2.1.2 거푸집 동바리 조립,작업발판/가설계단,6,76,7.9
2. 철근콘크리트공사,2.1 거푸집 작업,2.1.2 거푸집 동바리 조립,개구부(기타개구부),5,76,6.6
2. 철근콘크리트공사,2.1 거푸집 작업,2.1.2 거푸집 동바리 조립,개구부(바닥개구부),3,76,3.9
2. 철근콘크리트공사,2.1 거푸집 작업,2.1.2 거푸집 동바리 조립,"기타자재(내부마감재,시멘트,마대)",2,76,2.6
2. 철근콘크리트공사,2.1 거푸집 작업,2.1.2 거푸집 동바리 조립,분류불능,2,76,2.6
2. 철근콘크리트공사,2.1 거푸집 작업,2.1.2 거푸집 동바리 조립,엘리베이터피트,2,76,2.6
2. 철근콘크리트공사,2.1 거푸집 작업,2.1.2 거푸집 동바리 조립,계단,1,76,1.3
2. 철근콘크리트공사,2.1 거푸집 작업,2.1.2 거푸집 동바리 조립,리프트,1,76,1.3
2. 철근콘크리트공사,2.1 거푸집 작업,2.1.2 거푸집 동바리 조립,바닥(바닥에 걸려 넘어짐),1,76,1.3
2. 철근콘크리트공사,2.1 거푸집 작업,2.1.2 거푸집 동바리 조립,비계(일체형비계),1,76,1.3
2. 철근콘크리트공사,2.1 거푸집 작업,2.1.2 거푸집 동바리 조립,사다리,1,76,1.3
2. 철근콘크리트공사,2.1 거푸집 작업,2.1.2 거푸집 동바리 조립,이동식크레인,1,76,1.3
2. 철근콘크리트공사,2.1 거푸집 작업,2.1.2 거푸집 동바리 조립,철골(철골구조물),1,76,1.3
2. 철근콘크리트공사,2.1 거푸집 작업,2.1.2 거푸집 동바리 조립,화학물질,1,76,1.3
2. 철근콘크리트공사,2.1 거푸집 작업,2.1.2 거푸집 동바리 조립,흙막이가시설,1,76,1.3
11. 기타 토목공사,11.4 맨홀 및 관부설작업,11.4.2 맨홀 및 관 부설,토사,21,73,28.8
11. 기타 토목공사,11.4 맨홀 및 관부설작업,11.4.2 맨홀 및 관 부설,굴착기,17,73,23.3
11. 기타 토목공사,11.4 맨홀 및 관부설작업,11.4.2 맨홀 및 관 부설,트럭,6,73,8.2
11. 기타 토목공사,11.4 맨홀 및 관부설작업,11.4.2 맨홀 및 관 부설,배관,5,73,6.8
11. 기타 토목공사,11.4 맨홀 및 관부설작업,11.4.2 맨홀 및 관 부설,화학물질,5,73,6.8
11. 기타 토목공사,11.4 맨홀 및 관부설작업,11.4.2 맨홀 및 관 부설,물,4,73,5.5
11. 기타 토목공사,11.4 맨홀 및 관부설작업,11.4.2 맨홀 및 관 부설,기타구조물,3,73,4.1
11. 기타 토목공사,11.4 맨홀 및 관부설작업,11.4.2 맨홀 및 관 부설,"기타자재(내부마감재,시멘트,마대)",2,73,2.7
11. 기타 토목공사,11.4 맨홀 및 관부설작업,11.4.2 맨홀 및 관 부설,암석,2,73,2.7
11. 기타 토목공사,11.4 맨홀 및 관부설작업,11.4.2 맨홀 및 관 부설,절단기/톱,2,73,2.7
11. 기타 토목공사,11.4 맨홀 및 관부설작업,11.4.2 맨홀 및 관 부설,"철근콘크리트자재(철근,콘크리트,PC)",2,73,2.7
11. 기타 토목공사,11.4 맨홀 및 관부설작업,11.4.2 맨홀 및 관 부설,"각재(파이프,강관,합판)",1,73,1.4
11. 기타 토목공사,11.4 맨홀 및 관부설작업,11.4.2 맨홀 및 관 부설,교통수단,1,73,1.4
11. 기타 토목공사,11.4 맨홀 및 관부설작업,11.4.2 맨홀 및 관 부설,바닥(바닥에 걸려 넘어짐),1,73,1.4
11. 기타 토목공사,11.4 맨홀 및 관부설작업,11.4.2 맨홀 및 관 부설,흙막이가시설,1,73,1.4
12. 공통공사,12.2 안전가시설 작업,12.2.3 안전가시설(비계),비계,44,71,62.0
12. 공통공사,12.2 안전가시설 작업,12.2.3 안전가시설(비계),"각재(파이프,강관,합판)",6,71,8.5
12. 공통공사,12.2 안전가시설 작업,12.2.3 안전가시설(비계),충전부,6,71,8.5
12. 공통공사,12.2 안전가시설 작업,12.2.3 안전가시설(비계),작업발판/가설계단,5,71,7.0
12. 공통공사,12.2 안전가시설 작업,12.2.3 안전가시설(비계),이동식크레인,4,71,5.6
12. 공통공사,12.2 안전가시설 작업,12.2.3 안전가시설(비계),개구부(기타개구부),3,71,4.2
12. 공통공사,12.2 안전가시설 작업,12.2.3 안전가시설(비계),거푸집,1,71,1.4
12. 공통공사,12.2 안전가시설 작업,12.2.3 안전가시설(비계),슬라브단부,1,71,1.4
12. 공통공사,12.2 안전가시설 작업,12.2.3 안전가시설(비계),지게차,1,71,1.4
4. 마감공사,"4.1 조적, 미장 및 견출작업",4.1.3 미장 및 견출 시공,말비계,9,68,13.2
4. 마감공사,"4.1 조적, 미장 및 견출작업",4.1.3 미장 및 견출 시공,비계,7,68,10.3
4. 마감공사,"4.1 조적, 미장 및 견출작업",4.1.3 미장 및 견출 시공,작업발판/가설계단,7,68,10.3
4. 마감공사,"4.1 조적, 미장 및 견출작업",4.1.3 미장 및 견출 시공,이동식비계,6,68,8.8
4. 마감공사,"4.1 조적, 미장 및 견출작업",4.1.3 미장 및 견출 시공,고소작업대,5,68,7.4
4. 마감공사,"4.1 조적, 미장 및 견출작업",4.1.3 미장 및 견출 시공,슬라브단부,5,68,7.4
4. 마감공사,"4.1 조적, 미장 및 견출작업",4.1.3 미장 및 견출 시공,개구부(바닥개구부),3,68,4.4
4. 마감공사,"4.1 조적, 미장 및 견출작업",4.1.3 미장 및 견출 시공,계단,3,68,4.4
4. 마감공사,"4.1 조적, 미장 및 견출작업",4.1.3 미장 및 견출 시공,사다리,3,68,4.4
4. 마감공사,"4.1 조적, 미장 및 견출작업",4.1.3 미장 및 견출 시공,기타구조물,2,68,2.9
4. 마감공사,"4.1 조적, 미장 및 견출작업",4.1.3 미장 및 견출 시공,리프트,2,68,2.9
4. 마감공사,"4.1 조적, 미장 및 견출작업",4.1.3 미장 및 견출 시공,벽체,2,68,2.9
4. 마감공사,"4.1 조적, 미장 및 견출작업",4.1.3 미장 및 견출 시공,"철근콘크리트자재(철근,콘크리트,PC)",2,68,2.9
4. 마감공사,"4.1 조적, 미장 및 견출작업",4.1.3 미장 및 견출 시공,"각재(파이프,강관,합판)",1,68,1.5
4. 마감공사,"4.1 조적, 미장 및 견출작업",4.1.3 미장 및 견출 시공,개구부(기타개구부),1,68,1.5
4. 마감공사,"4.1 조적, 미장 및 견출작업",4.1.3 미장 및 견출 시공,거푸집,1,68,1.5
4. 마감공사,"4.1 조적, 미장 및 견출작업",4.1.3 미장 및 견출 시공,기타건설기계기구,1,68,1.5
4. 마감공사,"4.1 조적, 미장 및 견출작업",4.1.3 미장 및 견출 시공,기타건설장비,1,68,1.5
4. 마감공사,"4.1 조적, 미장 및 견출작업",4.1.3 미장 및 견출 시공,"기타자재(내부마감재,시멘트,마대)",1,68,1.5
4. 마감공사,"4.1 조적, 미장 및 견출작업",4.1.3 미장 및 견출 시공,달비계,1,68,1.5
4. 마감공사,"4.1 조적, 미장 및 견출작업",4.1.3 미장 및 견출 시공,물,1,68,1.5
4. 마감공사,"4.1 조적, 미장 및 견출작업",4.1.3 미장 및 견출 시공,암석,1,68,1.5
4. 마감공사,"4.1 조적, 미장 및 견출작업",4.1.3 미장 및 견출 시공,엘리베이터피트,1,68,1.5
4. 마감공사,"4.1 조적, 미장 및 견출작업",4.1.3 미장 및 견출 시공,"지붕(처마,홈통)",1,68,1.5
4. 마감공사,"4.1 조적, 미장 및 견출작업",4.1.3 미장 및 견출 시공,충전부,1,68,1.5
4. 마감공사,4.2 방수 작업,"4.2.1 방수면처리, 방수 및 보호몰탈 등 시공","지붕(처마,홈통)",14,58,24.1
4. 마감공사,4.2 방수 작업,"4.2.1 방수면처리, 방수 및 보호몰탈 등 시공",슬라브단부,10,58,17.2
4. 마감공사,4.2 방수 작업,"4.2.1 방수면처리, 방수 및 보호몰탈 등 시공",화학물질,6,58,10.3
4. 마감공사,4.2 방수 작업,"4.2.1 방수면처리, 방수 및 보호몰탈 등 시공",사다리,5,58,8.6
4. 마감공사,4.2 방수 작업,"4.2.1 방수면처리, 방수 및 보호몰탈 등 시공",개구부(바닥개구부),3,58,5.2
4. 마감공사,4.2 방수 작업,"4.2.1 방수면처리, 방수 및 보호몰탈 등 시공",고소작업대,2,58,3.4
4. 마감공사,4.2 방수 작업,"4.2.1 방수면처리, 방수 및 보호몰탈 등 시공",달비계,2,58,3.4
4. 마감공사,4.2 방수 작업,"4.2.1 방수면처리, 방수 및 보호몰탈 등 시공",비계,2,58,3.4
4. 마감공사,4.2 방수 작업,"4.2.1 방수면처리, 방수 및 보호몰탈 등 시공",충전부,2,58,3.4
4. 마감공사,4.2 방수 작업,"4.2.1 방수면처리, 방수 및 보호몰탈 등 시공","각재(파이프,강관,합판)",1,58,1.7
4. 마감공사,4.2 방수 작업,"4.2.1 방수면처리, 방수 및 보호몰탈 등 시공",개구부(기타개구부),1,58,1.7
4. 마감공사,4.2 방수 작업,"4.2.1 방수면처리, 방수 및 보호몰탈 등 시공",계단,1,58,1.7
4. 마감공사,4.2 방수 작업,"4.2.1 방수면처리, 방수 및 보호몰탈 등 시공",기타구조물,1,58,1.7
4. 마감공사,4.2 방수 작업,"4.2.1 방수면처리, 방수 및 보호몰탈 등 시공","기타자재(내부마감재,시멘트,마대)",1,58,1.7
4. 마감공사,4.2 방수 작업,"4.2.1 방수면처리, 방수 및 보호몰탈 등 시공",리프트,1,58,1.7
4. 마감공사,4.2 방수 작업,"4.2.1 방수면처리, 방수 및 보호몰탈 등 시공",방망,1,58,1.7
4. 마감공사,4.2 방수 작업,"4.2.1 방수면처리, 방수 및 보호몰탈 등 시공",분류불능,1,58,1.7
4. 마감공사,4.2 방수 작업,"4.2.1 방수면처리, 방수 및 보호몰탈 등 시공",외부마감재,1,58,1.7
4. 마감공사,4.2 방수 작업,"4.2.1 방수면처리, 방수 및 보호몰탈 등 시공",이동식비계,1,58,1.7
4. 마감공사,4.2 방수 작업,"4.2.1 방수면처리, 방수 및 보호몰탈 등 시공",이동식크레인,1,58,1.7
4. 마감공사,4.2 방수 작업,"4.2.1 방수면처리, 방수 및 보호몰탈 등 시공","지붕(채광판,선라이트)",1,58,1.7
4. 마감공사,4.7 수장 작업,"4.7.2 수장시공(석고보드, 도배 등)",사다리,9,52,17.3
4. 마감공사,4.5 금속 및 잡철물 작업,4.5.2 금속 및 잡철물 시공,사다리,8,52,15.4
4. 마감공사,4.7 수장 작업,"4.7.2 수장시공(석고보드, 도배 등)",이동식비계,8,52,15.4
4. 마감공사,4.5 금속 및 잡철물 작업,4.5.2 금속 및 잡철물 시공,철골(철골구조물),6,52,11.5
4. 마감공사,4.5 금속 및 잡철물 작업,4.5.2 금속 및 잡철물 시공,고소작업대,5,52,9.6
4. 마감공사,4.5 금속 및 잡철물 작업,4.5.2 금속 및 잡철물 시공,이동식비계,5,52,9.6
4. 마감공사,4.5 금속 및 잡철물 작업,4.5.2 금속 및 잡철물 시공,기계설비,4,52,7.7
4. 마감공사,4.5 금속 및 잡철물 작업,4.5.2 금속 및 잡철물 시공,슬라브단부,4,52,7.7
4. 마감공사,4.7 수장 작업,"4.7.2 수장시공(석고보드, 도배 등)",작업발판/가설계단,4,52,7.7
4. 마감공사,4.5 금속 및 잡철물 작업,4.5.2 금속 및 잡철물 시공,개구부(바닥개구부),3,52,5.8
4. 마감공사,4.5 금속 및 잡철물 작업,4.5.2 금속 및 잡철물 시공,"지붕(처마,홈통)",3,52,5.8
4. 마감공사,4.7 수장 작업,"4.7.2 수장시공(석고보드, 도배 등)",개구부(기타개구부),3,52,5.8
4. 마감공사,4.7 수장 작업,"4.7.2 수장시공(석고보드, 도배 등)",고소작업대,3,52,5.8
4. 마감공사,4.7 수장 작업,"4.7.2 수장시공(석고보드, 도배 등)","기타자재(내부마감재,시멘트,마대)",3,52,5.8
4. 마감공사,4.7 수장 작업,"4.7.2 수장시공(석고보드, 도배 등)",비계,3,52,5.8
4. 마감공사,4.7 수장 작업,"4.7.2 수장시공(석고보드, 도배 등)",슬라브단부,3,52,5.8
4. 마감공사,4.5 금속 및 잡철물 작업,4.5.2 금속 및 잡철물 시공,"각재(파이프,강관,합판)",2,52,3.8
4. 마감공사,4.5 금속 및 잡철물 작업,4.5.2 금속 및 잡철물 시공,개구부(기타개구부),2,52,3.8
4. 마감공사,4.5 금속 및 잡철물 작업,4.5.2 금속 및 잡철물 시공,"기타자재(내부마감재,시멘트,마대)",2,52,3.8
4. 마감공사,4.5 금속 및 잡철물 작업,4.5.2 금속 및 잡철물 시공,엘리베이터피트,2,52,3.8
4. 마감공사,4.7 수장 작업,"4.7.2 수장시공(석고보드, 도배 등)",개구부(바닥개구부),2,52,3.8
4. 마감공사,4.7 수장 작업,"4.7.2 수장시공(석고보드, 도배 등)",말비계,2,52,3.8
4. 마감공사,4.5 금속 및 잡철물 작업,4.5.2 금속 및 잡철물 시공,계단,1,52,1.9
4. 마감공사,4.5 금속 및 잡철물 작업,4.5.2 금속 및 잡철물 시공,교통수단,1,52,1.9
4. 마감공사,4.5 금속 및 잡철물 작업,4.5.2 금속 및 잡철물 시공,기타구조물,1,52,1.9
4. 마감공사,4.5 금속 및 잡철물 작업,4.5.2 금속 및 잡철물 시공,리프트,1,52,1.9
4. 마감공사,4.5 금속 및 잡철물 작업,4.5.2 금속 및 잡철물 시공,말비계,1,52,1.9
4. 마감공사,4.5 금속 및 잡철물 작업,4.5.2 금속 및 잡철물 시공,작업발판/가설계단,1,52,1.9
4. 마감공사,4.7 수장 작업,"4.7.2 수장시공(석고보드, 도배 등)",기타가설구조물,1,52,1.9
4. 마감공사,4.7 수장 작업,"4.7.2 수장시공(석고보드, 도배 등)",달비계,1,52,1.9
4. 마감공사,4.7 수장 작업,"4.7.2 수장시공(석고보드, 도배 등)",리프트,1,52,1.9
4. 마감공사,4.7 수장 작업,"4.7.2 수장시공(석고보드, 도배 등)",벽체,1,52,1.9
4. 마감공사,4.7 수장 작업,"4.7.2 수장시공(석고보드, 도배 등)",분류불능,1,52,1.9
4. 마감공사,4.7 수장 작업,"4.7.2 수장시공(석고보드, 도배 등)",이동식크레인,1,52,1.9
4. 마감공사,4.7 수장 작업,"4.7.2 수장시공(석고보드, 도배 등)",절단기/톱,1,52,1.9
4. 마감공사,4.7 수장 작업,"4.7.2 수장시공(석고보드, 도배 등)","지붕(처마,홈통)",1,52,1.9
4. 마감공사,4.7 수장 작업,"4.7.2 수장시공(석고보드, 도배 등)",철골(철골구조물),1,52,1.9
4. 마감공사,4.7 수장 작업,"4.7.2 수장시공(석고보드, 도배 등)",충전부,1,52,1.9
4. 마감공사,4.7 수장 작업,"4.7.2 수장시공(석고보드, 도배 등)",트럭,1,52,1.9
4. 마감공사,4.7 수장 작업,"4.7.2 수장시공(석고보드, 도배 등)",화학물질,1,52,1.9
"5. 전기, 기계설비공사",5.1 전기 설비 작업,5.1.3 전기설비 설치,충전부,12,50,24.0
"5. 전기, 기계설비공사",5.1 전기 설비 작업,5.1.3 전기설비 설치,사다리,10,50,20.0
"5. 전기, 기계설비공사",5.1 전기 설비 작업,5.1.3 전기설비 설치,기계설비,4,50,8.0
"5. 전기, 기계설비공사",5.1 전기 설비 작업,5.1.3 전기설비 설치,이동식비계,4,50,8.0
"5. 전기, 기계설비공사",5.1 전기 설비 작업,5.1.3 전기설비 설치,전주,4,50,8.0
"5. 전기, 기계설비공사",5.1 전기 설비 작업,5.1.3 전기설비 설치,고소작업대,3,50,6.0
"5. 전기, 기계설비공사",5.1 전기 설비 작업,5.1.3 전기설비 설치,화학물질,2,50,4.0
"5. 전기, 기계설비공사",5.1 전기 설비 작업,5.1.3 전기설비 설치,개구부(바닥개구부),1,50,2.0
"5. 전기, 기계설비공사",5.1 전기 설비 작업,5.1.3 전기설비 설치,기타구조물,1,50,2.0
"5. 전기, 기계설비공사",5.1 전기 설비 작업,5.1.3 전기설비 설치,"기타자재(내부마감재,시멘트,마대)",1,50,2.0
"5. 전기, 기계설비공사",5.1 전기 설비 작업,5.1.3 전기설비 설치,비계,1,50,2.0
"5. 전기, 기계설비공사",5.1 전기 설비 작업,5.1.3 전기설비 설치,슬라브단부,1,50,2.0
"5. 전기, 기계설비공사",5.1 전기 설비 작업,5.1.3 전기설비 설치,외부마감재,1,50,2.0
"5. 전기, 기계설비공사",5.1 전기 설비 작업,5.1.3 전기설비 설치,작업발판/가설계단,1,50,2.0
"5. 전기, 기계설비공사",5.1 전기 설비 작업,5.1.3 전기설비 설치,절단기/톱,1,50,2.0
"5. 전기, 기계설비공사",5.1 전기 설비 작업,5.1.3 전기설비 설치,"지붕(처마,홈통)",1,50,2.0
"5. 전기, 기계설비공사",5.1 전기 설비 작업,5.1.3 전기설비 설치,천장(판넬 등 마감재),1,50,2.0
"5. 전기, 기계설비공사",5.1 전기 설비 작업,5.1.3 전기설비 설치,토사,1,50,2.0
2. 철근콘크리트공사,2.4 콘크리트 작업,2.4.2 콘크리트 타설 및 다짐,콘크리트펌프카,16,49,32.7
2. 철근콘크리트공사,2.4 콘크리트 작업,2.4.2 콘크리트 타설 및 다짐,철골(철골구조물),7,49,14.3
2. 철근콘크리트공사,2.4 콘크리트 작업,2.4.2 콘크리트 타설 및 다짐,거푸집,5,49,10.2
2. 철근콘크리트공사,2.4 콘크리트 작업,2.4.2 콘크리트 타설 및 다짐,개구부(기타개구부),3,49,6.1
2. 철근콘크리트공사,2.4 콘크리트 작업,2.4.2 콘크리트 타설 및 다짐,"철근콘크리트자재(철근,콘크리트,PC)",3,49,6.1
2. 철근콘크리트공사,2.4 콘크리트 작업,2.4.2 콘크리트 타설 및 다짐,"기타자재(내부마감재,시멘트,마대)",2,49,4.1
2. 철근콘크리트공사,2.4 콘크리트 작업,2.4.2 콘크리트 타설 및 다짐,콘크리트믹서,2,49,4.1
2. 철근콘크리트공사,2.4 콘크리트 작업,2.4.2 콘크리트 타설 및 다짐,"각재(파이프,강관,합판)",1,49,2.0
2. 철근콘크리트공사,2.4 콘크리트 작업,2.4.2 콘크리트 타설 및 다짐,개구부(바닥개구부),1,49,2.0
2. 철근콘크리트공사,2.4 콘크리트 작업,2.4.2 콘크리트 타설 및 다짐,동바리,1,49,2.0
2. 철근콘크리트공사,2.4 콘크리트 작업,2.4.2 콘크리트 타설 및 다짐,리프트,1,49,2.0
2. 철근콘크리트공사,2.4 콘크리트 작업,2.4.2 콘크리트 타설 및 다짐,분류불능,1,49,2.0
2. 철근콘크리트공사,2.4 콘크리트 작업,2.4.2 콘크리트 타설 및 다짐,비계,1,49,2.0
2. 철근콘크리트공사,2.4 콘크리트 작업,2.4.2 콘크리트 타설 및 다짐,비계(일체형비계),1,49,2.0
2. 철근콘크리트공사,2.4 콘크리트 작업,2.4.2 콘크리트 타설 및 다짐,슬라브단부,1,49,2.0
2. 철근콘크리트공사,2.4 콘크리트 작업,2.4.2 콘크리트 타설 및 다짐,작업발판/가설계단,1,49,2.0
2. 철근콘크리트공사,2.4 콘크리트 작업,2.4.2 콘크리트 타설 및 다짐,"지붕(처마,홈통)",1,49,2.0
2. 철근콘크리트공사,2.4 콘크리트 작업,2.4.2 콘크리트 타설 및 다짐,흙막이가시설,1,49,2.0
2. 철근콘크리트공사,2.1 거푸집 작업,2.1.3 거푸집 동바리 해체,거푸집,19,48,39.6
2. 철근콘크리트공사,2.1 거푸집 작업,"2.1.1 거푸집 자재반입, 가공, 운반",거푸집,12,48,25.0
2. 철근콘크리트공사,2.1 거푸집 작업,"2.1.1 거푸집 자재반입, 가공, 운반",개구부(바닥개구부),8,48,16.7
2. 철근콘크리트공사,2.1 거푸집 작업,"2.1.1 거푸집 자재반입, 가공, 운반",비계,5,48,10.4
2. 철근콘크리트공사,2.1 거푸집 작업,2.1.3 거푸집 동바리 해체,비계,5,48,10.4
2. 철근콘크리트공사,2.1 거푸집 작업,2.1.3 거푸집 동바리 해체,작업발판/가설계단,5,48,10.4
2. 철근콘크리트공사,2.1 거푸집 작업,"2.1.1 거푸집 자재반입, 가공, 운반",고정식크레인,3,48,6.2
2. 철근콘크리트공사,2.1 거푸집 작업,"2.1.1 거푸집 자재반입, 가공, 운반",작업발판/가설계단,3,48,6.2
2. 철근콘크리트공사,2.1 거푸집 작업,2.1.3 거푸집 동바리 해체,계단,3,48,6.2
2. 철근콘크리트공사,2.1 거푸집 작업,"2.1.1 거푸집 자재반입, 가공, 운반","각재(파이프,강관,합판)",2,48,4.2
2. 철근콘크리트공사,2.1 거푸집 작업,"2.1.1 거푸집 자재반입, 가공, 운반",기타건설장비,2,48,4.2
2. 철근콘크리트공사,2.1 거푸집 작업,"2.1.1 거푸집 자재반입, 가공, 운반",슬라브단부,2,48,4.2
2. 철근콘크리트공사,2.1 거푸집 작업,"2.1.1 거푸집 자재반입, 가공, 운반","철근콘크리트자재(철근,콘크리트,PC)",2,48,4.2
2. 철근콘크리트공사,2.1 거푸집 작업,2.1.3 거푸집 동바리 해체,벽체,2,48,4.2
2. 철근콘크리트공사,2.1 거푸집 작업,2.1.3 거푸집 동바리 해체,슬라브단부,2,48,4.2
2. 철근콘크리트공사,2.1 거푸집 작업,2.1.3 거푸집 동바리 해체,이동식비계,2,48,4.2
2. 철근콘크리트공사,2.1 거푸집 작업,2.1.3 거푸집 동바리 해체,"철근콘크리트자재(철근,콘크리트,PC)",2,48,4.2
2. 철근콘크리트공사,2.1 거푸집 작업,"2.1.1 거푸집 자재반입, 가공, 운반",개구부(기타개구부),1,48,2.1
2. 철근콘크리트공사,2.1 거푸집 작업,"2.1.1 거푸집 자재반입, 가공, 운반",동바리,1,48,2.1
2. 철근콘크리트공사,2.1 거푸집 작업,"2.1.1 거푸집 자재반입, 가공, 운반",방망,1,48,2.1
2. 철근콘크리트공사,2.1 거푸집 작업,"2.1.1 거푸집 자재반입, 가공, 운반",분류불능,1,48,2.1
2. 철근콘크리트공사,2.1 거푸집 작업,"2.1.1 거푸집 자재반입, 가공, 운반",이동식크레인,1,48,2.1
2. 철근콘크리트공사,2.1 거푸집 작업,"2.1.1 거푸집 자재반입, 가공, 운반",지게차,1,48,2.1
2. 철근콘크리트공사,2.1 거푸집 작업,"2.1.1 거푸집 자재반입, 가공, 운반","지붕(처마,홈통)",1,48,2.1
2. 철근콘크리트공사,2.1 거푸집 작업,"2.1.1 거푸집 자재반입, 가공, 운반",충전부,1,48,2.1
2. 철근콘크리트공사,2.1 거푸집 작업,"2.1.1 거푸집 자재반입, 가공, 운반",트럭,1,48,2.1
2. 철근콘크리트공사,2.1 거푸집 작업,2.1.3 거푸집 동바리 해체,"각재(파이프,강관,합판)",1,48,2.1
2. 철근콘크리트공사,2.1 거푸집 작업,2.1.3 거푸집 동바리 해체,개구부(바닥개구부),1,48,2.1
2. 철근콘크리트공사,2.1 거푸집 작업,2.1.3 거푸집 동바리 해체,동바리,1,48,2.1
2. 철근콘크리트공사,2.1 거푸집 작업,2.1.3 거푸집 동바리 해체,바닥(바닥에 걸려 넘어짐),1,48,2.1
2. 철근콘크리트공사,2.1 거푸집 작업,2.1.3 거푸집 동바리 해체,분류불능,1,48,2.1
2. 철근콘크리트공사,2.1 거푸집 작업,2.1.3 거푸집 동바리 해체,사다리,1,48,2.1
2. 철근콘크리트공사,2.1 거푸집 작업,2.1.3 거푸집 동바리 해체,철골(철골자재),1,48,2.1
2. 철근콘크리트공사,2.1 거푸집 작업,2.1.3 거푸집 동바리 해체,토사,1,48,2.1
"5. 전기, 기계설비공사",5.1 전기 설비 작업,5.1.2 전기설비 배선,충전부,9,47,19.1
"5. 전기, 기계설비공사",5.1 전기 설비 작업,5.1.2 전기설비 배선,사다리,7,47,14.9
"5. 전기, 기계설비공사",5.1 전기 설비 작업,5.1.2 전기설비 배선,고소작업대,4,47,8.5
"5. 전기, 기계설비공사",5.1 전기 설비 작업,5.1.2 전기설비 배선,개구부(바닥개구부),3,47,6.4
"5. 전기, 기계설비공사",5.1 전기 설비 작업,5.1.2 전기설비 배선,"기타자재(내부마감재,시멘트,마대)",3,47,6.4
"5. 전기, 기계설비공사",5.1 전기 설비 작업,5.1.2 전기설비 배선,"지붕(처마,홈통)",3,47,6.4
"5. 전기, 기계설비공사",5.1 전기 설비 작업,5.1.2 전기설비 배선,전주,2,47,4.3
"5. 전기, 기계설비공사",5.1 전기 설비 작업,5.1.2 전기설비 배선,천장(판넬 등 마감재),2,47,4.3
"5. 전기, 기계설비공사",5.1 전기 설비 작업,5.1.2 전기설비 배선,거푸집,1,47,2.1
"5. 전기, 기계설비공사",5.1 전기 설비 작업,5.1.2 전기설비 배선,계단,1,47,2.1
"5. 전기, 기계설비공사",5.1 전기 설비 작업,5.1.2 전기설비 배선,교통수단,1,47,2.1
"5. 전기, 기계설비공사",5.1 전기 설비 작업,5.1.2 전기설비 배선,굴착기,1,47,2.1
"5. 전기, 기계설비공사",5.1 전기 설비 작업,5.1.2 전기설비 배선,기타구조물,1,47,2.1
"5. 전기, 기계설비공사",5.1 전기 설비 작업,5.1.2 전기설비 배선,말비계,1,47,2.1
"5. 전기, 기계설비공사",5.1 전기 설비 작업,5.1.2 전기설비 배선,바닥(바닥에 걸려 넘어짐),1,47,2.1
"5. 전기, 기계설비공사",5.1 전기 설비 작업,5.1.2 전기설비 배선,분류불능,1,47,2.1
"5. 전기, 기계설비공사",5.1 전기 설비 작업,5.1.2 전기설비 배선,엘리베이터피트,1,47,2.1
"5. 전기, 기계설비공사",5.1 전기 설비 작업,5.1.2 전기설비 배선,이동식비계,1,47,2.1
"5. 전기, 기계설비공사",5.1 전기 설비 작업,5.1.2 전기설비 배선,이동식크레인,1,47,2.1
"5. 전기, 기계설비공사",5.1 전기 설비 작업,5.1.2 전기설비 배선,"지붕(채광판,선라이트)",1,47,2.1
"5. 전기, 기계설비공사",5.1 전기 설비 작업,5.1.2 전기설비 배선,토사,1,47,2.1
"5. 전기, 기계설비공사",5.1 전기 설비 작업,5.1.2 전기설비 배선,트럭,1,47,2.1
6. 조경공사,6.1 조경작업,6.1.2 조경 시공 및 설치,수목,11,42,26.2
6. 조경공사,6.1 조경작업,6.1.2 조경 시공 및 설치,굴착기,8,42,19.0
6. 조경공사,6.1 조경작업,6.1.2 조경 시공 및 설치,사다리,4,42,9.5
6. 조경공사,6.1 조경작업,6.1.2 조경 시공 및 설치,암석,4,42,9.5
6. 조경공사,6.1 조경작업,6.1.2 조경 시공 및 설치,충전부,4,42,9.5
6. 조경공사,6.1 조경작업,6.1.2 조경 시공 및 설치,트럭,3,42,7.1
6. 조경공사,6.1 조경작업,6.1.2 조경 시공 및 설치,벽체,2,42,4.8
6. 조경공사,6.1 조경작업,6.1.2 조경 시공 및 설치,계단,1,42,2.4
6. 조경공사,6.1 조경작업,6.1.2 조경 시공 및 설치,고소작업대,1,42,2.4
6. 조경공사,6.1 조경작업,6.1.2 조경 시공 및 설치,"기타자재(내부마감재,시멘트,마대)",1,42,2.4
6. 조경공사,6.1 조경작업,6.1.2 조경 시공 및 설치,분류불능,1,42,2.4
6. 조경공사,6.1 조경작업,6.1.2 조경 시공 및 설치,지게차,1,42,2.4
6. 조경공사,6.1 조경작업,6.1.2 조경 시공 및 설치,철골(철골자재),1,42,2.4
"5. 전기, 기계설비공사",5.1 전기 설비 작업,"5.1.4 전기특고압선로, 활선 및 전주시공",전주,18,41,43.9
"5. 전기, 기계설비공사",5.1 전기 설비 작업,"5.1.4 전기특고압선로, 활선 및 전주시공",충전부,11,41,26.8
"5. 전기, 기계설비공사",5.1 전기 설비 작업,"5.1.4 전기특고압선로, 활선 및 전주시공",기계설비,3,41,7.3
"5. 전기, 기계설비공사",5.1 전기 설비 작업,"5.1.4 전기특고압선로, 활선 및 전주시공","각재(파이프,강관,합판)",1,41,2.4
"5. 전기, 기계설비공사",5.1 전기 설비 작업,"5.1.4 전기특고압선로, 활선 및 전주시공",개구부(기타개구부),1,41,2.4
"5. 전기, 기계설비공사",5.1 전기 설비 작업,"5.1.4 전기특고압선로, 활선 및 전주시공",고소작업대,1,41,2.4
"5. 전기, 기계설비공사",5.1 전기 설비 작업,"5.1.4 전기특고압선로, 활선 및 전주시공",굴착기,1,41,2.4
"5. 전기, 기계설비공사",5.1 전기 설비 작업,"5.1.4 전기특고압선로, 활선 및 전주시공",기타구조물,1,41,2.4
"5. 전기, 기계설비공사",5.1 전기 설비 작업,"5.1.4 전기특고압선로, 활선 및 전주시공",비계,1,41,2.4
"5. 전기, 기계설비공사",5.1 전기 설비 작업,"5.1.4 전기특고압선로, 활선 및 전주시공",작업발판/가설계단,1,41,2.4
"5. 전기, 기계설비공사",5.1 전기 설비 작업,"5.1.4 전기특고압선로, 활선 및 전주시공",철골(철골구조물),1,41,2.4
"5. 전기, 기계설비공사",5.1 전기 설비 작업,"5.1.4 전기특고압선로, 활선 및 전주시공",철골(철골자재),1,41,2.4
11. 기타 토목공사,11.4 맨홀 및 관부설작업,11.4.1 맨홀 및 관부설 굴착,토사,18,33,54.5
4. 마감공사,4.6 창호 및 유리 작업,4.6.2 창호 및 유리 설치,개구부(기타개구부),8,33,24.2
4. 마감공사,4.6 창호 및 유리 작업,4.6.2 창호 및 유리 설치,고소작업대,8,33,24.2
11. 기타 토목공사,11.4 맨홀 및 관부설작업,11.4.1 맨홀 및 관부설 굴착,벽체,4,33,12.1
4. 마감공사,4.6 창호 및 유리 작업,4.6.2 창호 및 유리 설치,벽체,4,33,12.1
4. 마감공사,4.6 창호 및 유리 작업,4.6.2 창호 및 유리 설치,달비계,3,33,9.1
4. 마감공사,4.6 창호 및 유리 작업,4.6.2 창호 및 유리 설치,작업발판/가설계단,3,33,9.1
11. 기타 토목공사,11.4 맨홀 및 관부설작업,11.4.1 맨홀 및 관부설 굴착,굴착기,2,33,6.1
11. 기타 토목공사,11.4 맨홀 및 관부설작업,11.4.1 맨홀 및 관부설 굴착,물,2,33,6.1
11. 기타 토목공사,11.4 맨홀 및 관부설작업,11.4.1 맨홀 및 관부설 굴착,트럭,2,33,6.1
4. 마감공사,4.6 창호 및 유리 작업,4.6.2 창호 및 유리 설치,사다리,2,33,6.1
11. 기타 토목공사,11.4 맨홀 및 관부설작업,11.4.1 맨홀 및 관부설 굴착,"각재(파이프,강관,합판)",1,33,3.0
11. 기타 토목공사,11.4 맨홀 및 관부설작업,11.4.1 맨홀 및 관부설 굴착,"기타자재(내부마감재,시멘트,마대)",1,33,3.0
11. 기타 토목공사,11.4 맨홀 및 관부설작업,11.4.1 맨홀 및 관부설 굴착,배관,1,33,3.0
11. 기타 토목공사,11.4 맨홀 및 관부설작업,11.4.1 맨홀 및 관부설 굴착,암석,1,33,3.0
11. 기타 토목공사,11.4 맨홀 및 관부설작업,11.4.1 맨홀 및 관부설 굴착,충전부,1,33,3.0
4. 마감공사,4.6 창호 및 유리 작업,4.6.2 창호 및 유리 설치,개구부(바닥개구부),1,33,3.0
4. 마감공사,4.6 창호 및 유리 작업,4.6.2 창호 및 유리 설치,비계,1,33,3.0
4. 마감공사,4.6 창호 및 유리 작업,4.6.2 창호 및 유리 설치,슬라브단부,1,33,3.0
4. 마감공사,4.6 창호 및 유리 작업,4.6.2 창호 및 유리 설치,철골(철골구조물),1,33,3.0
4. 마감공사,4.6 창호 및 유리 작업,4.6.2 창호 및 유리 설치,화학물질,1,33,3.0
"5. 전기, 기계설비공사",5.2 기계설비 작업,"5.2.1 기계설비 자재반입, 가공, 운반",기계설비,9,32,28.1
"5. 전기, 기계설비공사",5.2 기계설비 작업,"5.2.1 기계설비 자재반입, 가공, 운반","기타자재(내부마감재,시멘트,마대)",3,32,9.4
"5. 전기, 기계설비공사",5.2 기계설비 작업,"5.2.1 기계설비 자재반입, 가공, 운반",사다리,3,32,9.4
"5. 전기, 기계설비공사",5.2 기계설비 작업,"5.2.1 기계설비 자재반입, 가공, 운반",개구부(기타개구부),2,32,6.2
"5. 전기, 기계설비공사",5.2 기계설비 작업,"5.2.1 기계설비 자재반입, 가공, 운반",배관,2,32,6.2
"5. 전기, 기계설비공사",5.2 기계설비 작업,"5.2.1 기계설비 자재반입, 가공, 운반","지붕(채광판,선라이트)",2,32,6.2
"5. 전기, 기계설비공사",5.2 기계설비 작업,"5.2.1 기계설비 자재반입, 가공, 운반",트럭,2,32,6.2
"5. 전기, 기계설비공사",5.2 기계설비 작업,"5.2.1 기계설비 자재반입, 가공, 운반","각재(파이프,강관,합판)",1,32,3.1
"5. 전기, 기계설비공사",5.2 기계설비 작업,"5.2.1 기계설비 자재반입, 가공, 운반",계단,1,32,3.1
"5. 전기, 기계설비공사",5.2 기계설비 작업,"5.2.1 기계설비 자재반입, 가공, 운반",고소작업대,1,32,3.1
"5. 전기, 기계설비공사",5.2 기계설비 작업,"5.2.1 기계설비 자재반입, 가공, 운반",굴착기,1,32,3.1
"5. 전기, 기계설비공사",5.2 기계설비 작업,"5.2.1 기계설비 자재반입, 가공, 운반",기타건설장비,1,32,3.1
"5. 전기, 기계설비공사",5.2 기계설비 작업,"5.2.1 기계설비 자재반입, 가공, 운반",기타구조물,1,32,3.1
"5. 전기, 기계설비공사",5.2 기계설비 작업,"5.2.1 기계설비 자재반입, 가공, 운반",이동식크레인,1,32,3.1
"5. 전기, 기계설비공사",5.2 기계설비 작업,"5.2.1 기계설비 자재반입, 가공, 운반",작업발판/가설계단,1,32,3.1
"5. 전기, 기계설비공사",5.2 기계설비 작업,"5.2.1 기계설비 자재반입, 가공, 운반","지붕(처마,홈통)",1,32,3.1
11. 기타 토목공사,11.1 부대 토목 작업,11.1.1 부대토목 옹벽시공,토사,7,30,23.3
11. 기타 토목공사,11.1 부대 토목 작업,11.1.1 부대토목 옹벽시공,굴착기,6,30,20.0
11. 기타 토목공사,11.1 부대 토목 작업,11.1.1 부대토목 옹벽시공,기타구조물,4,30,13.3
11. 기타 토목공사,11.1 부대 토목 작업,11.1.1 부대토목 옹벽시공,슬라브단부,3,30,10.0
11. 기타 토목공사,11.1 부대 토목 작업,11.1.1 부대토목 옹벽시공,분류불능,2,30,6.7
11. 기타 토목공사,11.1 부대 토목 작업,11.1.1 부대토목 옹벽시공,"각재(파이프,강관,합판)",1,30,3.3
11. 기타 토목공사,11.1 부대 토목 작업,11.1.1 부대토목 옹벽시공,"기타자재(내부마감재,시멘트,마대)",1,30,3.3
11. 기타 토목공사,11.1 부대 토목 작업,11.1.1 부대토목 옹벽시공,로울러,1,30,3.3
11. 기타 토목공사,11.1 부대 토목 작업,11.1.1 부대토목 옹벽시공,비계,1,30,3.3
11. 기타 토목공사,11.1 부대 토목 작업,11.1.1 부대토목 옹벽시공,이동식크레인,1,30,3.3
11. 기타 토목공사,11.1 부대 토목 작업,11.1.1 부대토목 옹벽시공,작업발판/가설계단,1,30,3.3
11. 기타 토목공사,11.1 부대 토목 작업,11.1.1 부대토목 옹벽시공,콘크리트펌프카,1,30,3.3
11. 기타 토목공사,11.1 부대 토목 작업,11.1.1 부대토목 옹벽시공,트럭,1,30,3.3
12. 공통공사,12.5 양중기 작업,12.5.1 양중기(타워크레인),고정식크레인,22,27,81.5
12. 공통공사,12.5 양중기 작업,12.5.1 양중기(타워크레인),개구부(바닥개구부),1,27,3.7
12. 공통공사,12.5 양중기 작업,12.5.1 양중기(타워크레인),"기타자재(내부마감재,시멘트,마대)",1,27,3.7
12. 공통공사,12.5 양중기 작업,12.5.1 양중기(타워크레인),리프트,1,27,3.7
12. 공통공사,12.5 양중기 작업,12.5.1 양중기(타워크레인),이동식크레인,1,27,3.7
12. 공통공사,12.5 양중기 작업,12.5.1 양중기(타워크레인),"철근콘크리트자재(철근,콘크리트,PC)",1,27,3.7
7. 도로 및 포장공사,7.1 포장 작업,7.1.2 포장 시공,트럭,9,26,34.6
7. 도로 및 포장공사,7.1 포장 작업,7.1.2 포장 시공,로울러,6,26,23.1
7. 도로 및 포장공사,7.1 포장 작업,7.1.2 포장 시공,기타건설장비,5,26,19.2
7. 도로 및 포장공사,7.1 포장 작업,7.1.2 포장 시공,굴착기,3,26,11.5
7. 도로 및 포장공사,7.1 포장 작업,7.1.2 포장 시공,개구부(바닥개구부),1,26,3.8
7. 도로 및 포장공사,7.1 포장 작업,7.1.2 포장 시공,기계설비,1,26,3.8
7. 도로 및 포장공사,7.1 포장 작업,7.1.2 포장 시공,바닥(바닥에 걸려 넘어짐),1,26,3.8
12. 공통공사,"12.6 위험기계기구 작업(장비수리, 이동 등)","12.6.1 건설기계 장비수리, 개량, 이동 등",지게차,6,25,24.0
12. 공통공사,"12.6 위험기계기구 작업(장비수리, 이동 등)","12.6.1 건설기계 장비수리, 개량, 이동 등",트럭,6,25,24.0
4. 마감공사,"4.1 조적, 미장 및 견출작업",4.1.2 조적시공,작업발판/가설계단,6,25,24.0
12. 공통공사,"12.6 위험기계기구 작업(장비수리, 이동 등)","12.6.1 건설기계 장비수리, 개량, 이동 등",이동식크레인,5,25,20.0
4. 마감공사,"4.1 조적, 미장 및 견출작업",4.1.2 조적시공,비계,4,25,16.0
4. 마감공사,"4.1 조적, 미장 및 견출작업",4.1.2 조적시공,이동식비계,4,25,16.0
12. 공통공사,"12.6 위험기계기구 작업(장비수리, 이동 등)","12.6.1 건설기계 장비수리, 개량, 이동 등",굴착기,3,25,12.0
12. 공통공사,"12.6 위험기계기구 작업(장비수리, 이동 등)","12.6.1 건설기계 장비수리, 개량, 이동 등",교통수단,2,25,8.0
4. 마감공사,"4.1 조적, 미장 및 견출작업",4.1.2 조적시공,"기타자재(내부마감재,시멘트,마대)",2,25,8.0
4. 마감공사,"4.1 조적, 미장 및 견출작업",4.1.2 조적시공,벽체,2,25,8.0
12. 공통공사,"12.6 위험기계기구 작업(장비수리, 이동 등)","12.6.1 건설기계 장비수리, 개량, 이동 등",기타구조물,1,25,4.0
12. 공통공사,"12.6 위험기계기구 작업(장비수리, 이동 등)","12.6.1 건설기계 장비수리, 개량, 이동 등","기타자재(내부마감재,시멘트,마대)",1,25,4.0
12. 공통공사,"12.6 위험기계기구 작업(장비수리, 이동 등)","12.6.1 건설기계 장비수리, 개량, 이동 등",엘리베이터피트,1,25,4.0
4. 마감공사,"4.1 조적, 미장 및 견출작업",4.1.2 조적시공,개구부(바닥개구부),1,25,4.0
4. 마감공사,"4.1 조적, 미장 및 견출작업",4.1.2 조적시공,계단,1,25,4.0
4. 마감공사,"4.1 조적, 미장 및 견출작업",4.1.2 조적시공,교통수단,1,25,4.0
4. 마감공사,"4.1 조적, 미장 및 견출작업",4.1.2 조적시공,굴착기,1,25,4.0
4. 마감공사,"4.1 조적, 미장 및 견출작업",4.1.2 조적시공,사다리,1,25,4.0
4. 마감공사,"4.1 조적, 미장 및 견출작업",4.1.2 조적시공,슬라브단부,1,25,4.0
4. 마감공사,"4.1 조적, 미장 및 견출작업",4.1.2 조적시공,지게차,1,25,4.0
1. 토공사,1.1 굴착 작업,1.1.3 굴착 토사반출,트럭,13,23,56.5
4. 마감공사,4.8 판넬 등 외부마감 작업,4.8.1 판넬 등 외부마감 자재반입,"지붕(처마,홈통)",8,23,34.8
2. 철근콘크리트공사,2.3 철근 작업,2.3.2 철근 가공 및 운반,"철근콘크리트자재(철근,콘크리트,PC)",6,23,26.1
7. 도로 및 포장공사,7.2 포설 및 다짐 작업,7.2.1 포설 및 다짐,로울러,6,23,26.1
7. 도로 및 포장공사,7.2 포설 및 다짐 작업,7.2.1 포설 및 다짐,트럭,6,23,26.1
2. 철근콘크리트공사,2.3 철근 작업,2.3.2 철근 가공 및 운반,이동식크레인,5,23,21.7
1. 토공사,1.1 굴착 작업,1.1.3 굴착 토사반출,굴착기,4,23,17.4
2. 철근콘크리트공사,2.3 철근 작업,2.3.2 철근 가공 및 운반,"각재(파이프,강관,합판)",3,23,13.0
4. 마감공사,4.8 판넬 등 외부마감 작업,4.8.1 판넬 등 외부마감 자재반입,개구부(바닥개구부),3,23,13.0
7. 도로 및 포장공사,7.2 포설 및 다짐 작업,7.2.1 포설 및 다짐,굴착기,3,23,13.0
7. 도로 및 포장공사,7.2 포설 및 다짐 작업,7.2.1 포설 및 다짐,기타건설장비,3,23,13.0
1. 토공사,1.1 굴착 작업,1.1.3 굴착 토사반출,기타건설장비,2,23,8.7
2. 철근콘크리트공사,2.3 철근 작업,2.3.2 철근 가공 및 운반,비계,2,23,8.7
4. 마감공사,4.8 판넬 등 외부마감 작업,4.8.1 판넬 등 외부마감 자재반입,고소작업대,2,23,8.7
4. 마감공사,4.8 판넬 등 외부마감 작업,4.8.1 판넬 등 외부마감 자재반입,외부마감재,2,23,8.7
4. 마감공사,4.8 판넬 등 외부마감 작업,4.8.1 판넬 등 외부마감 자재반입,"지붕(채광판,선라이트)",2,23,8.7
4. 마감공사,4.8 판넬 등 외부마감 작업,4.8.1 판넬 등 외부마감 자재반입,충전부,2,23,8.7
7. 도로 및 포장공사,7.2 포설 및 다짐 작업,7.2.1 포설 및 다짐,기타구조물,2,23,8.7
1. 토공사,1.1 굴착 작업,1.1.3 굴착 토사반출,물,1,23,4.3
1. 토공사,1.1 굴착 작업,1.1.3 굴착 토사반출,이동식크레인,1,23,4.3
1. 토공사,1.1 굴착 작업,1.1.3 굴착 토사반출,전주,1,23,4.3
1. 토공사,1.1 굴착 작업,1.1.3 굴착 토사반출,토사,1,23,4.3
2. 철근콘크리트공사,2.3 철근 작업,2.3.2 철근 가공 및 운반,개구부(바닥개구부),1,23,4.3
2. 철근콘크리트공사,2.3 철근 작업,2.3.2 철근 가공 및 운반,계단,1,23,4.3
2. 철근콘크리트공사,2.3 철근 작업,2.3.2 철근 가공 및 운반,고소작업대,1,23,4.3
2. 철근콘크리트공사,2.3 철근 작업,2.3.2 철근 가공 및 운반,고정식크레인,1,23,4.3
2. 철근콘크리트공사,2.3 철근 작업,2.3.2 철근 가공 및 운반,굴착기,1,23,4.3
2. 철근콘크리트공사,2.3 철근 작업,2.3.2 철근 가공 및 운반,엘리베이터피트,1,23,4.3
2. 철근콘크리트공사,2.3 철근 작업,2.3.2 철근 가공 및 운반,충전부,1,23,4.3
4. 마감공사,4.8 판넬 등 외부마감 작업,4.8.1 판넬 등 외부마감 자재반입,사다리,1,23,4.3
4. 마감공사,4.8 판넬 등 외부마감 작업,4.8.1 판넬 등 외부마감 자재반입,슬라브단부,1,23,4.3
4. 마감공사,4.8 판넬 등 외부마감 작업,4.8.1 판넬 등 외부마감 자재반입,철골(철골구조물),1,23,4.3
4. 마감공사,4.8 판넬 등 외부마감 작업,4.8.1 판넬 등 외부마감 자재반입,트럭,1,23,4.3
7. 도로 및 포장공사,7.2 포설 및 다짐 작업,7.2.1 포설 및 다짐,교통수단,1,23,4.3
7. 도로 및 포장공사,7.2 포설 및 다짐 작업,7.2.1 포설 및 다짐,기타가설구조물,1,23,4.3
7. 도로 및 포장공사,7.2 포설 및 다짐 작업,7.2.1 포설 및 다짐,이동식크레인,1,23,4.3
4. 마감공사,"4.1 조적, 미장 및 견출작업","4.1.1 조적, 미장 및 견출 자재반입, 운반",개구부(바닥개구부),3,22,13.6
4. 마감공사,"4.1 조적, 미장 및 견출작업","4.1.1 조적, 미장 및 견출 자재반입, 운반",개구부(기타개구부),2,22,9.1
4. 마감공사,"4.1 조적, 미장 및 견출작업","4.1.1 조적, 미장 및 견출 자재반입, 운반",계단,2,22,9.1
4. 마감공사,"4.1 조적, 미장 및 견출작업","4.1.1 조적, 미장 및 견출 자재반입, 운반",리프트,2,22,9.1
4. 마감공사,"4.1 조적, 미장 및 견출작업","4.1.1 조적, 미장 및 견출 자재반입, 운반",슬라브단부,2,22,9.1
4. 마감공사,"4.1 조적, 미장 및 견출작업","4.1.1 조적, 미장 및 견출 자재반입, 운반",이동식비계,2,22,9.1
4. 마감공사,"4.1 조적, 미장 및 견출작업","4.1.1 조적, 미장 및 견출 자재반입, 운반",지게차,2,22,9.1
4. 마감공사,"4.1 조적, 미장 및 견출작업","4.1.1 조적, 미장 및 견출 자재반입, 운반",고소작업대,1,22,4.5
4. 마감공사,"4.1 조적, 미장 및 견출작업","4.1.1 조적, 미장 및 견출 자재반입, 운반",달비계,1,22,4.5
4. 마감공사,"4.1 조적, 미장 및 견출작업","4.1.1 조적, 미장 및 견출 자재반입, 운반",말비계,1,22,4.5
4. 마감공사,"4.1 조적, 미장 및 견출작업","4.1.1 조적, 미장 및 견출 자재반입, 운반",비계,1,22,4.5
4. 마감공사,"4.1 조적, 미장 및 견출작업","4.1.1 조적, 미장 및 견출 자재반입, 운반",사다리,1,22,4.5
4. 마감공사,"4.1 조적, 미장 및 견출작업","4.1.1 조적, 미장 및 견출 자재반입, 운반",엘리베이터피트,1,22,4.5
4. 마감공사,"4.1 조적, 미장 및 견출작업","4.1.1 조적, 미장 및 견출 자재반입, 운반",이동식크레인,1,22,4.5
3. 철골공사,3.1 철골 작업,3.1.3 철골 데크 플레이트 설치,철골(철골구조물),11,21,52.4
1. 토공사,1.2 흙막이 지보공 작업,1.2.2 흙막이 지보공 설치,흙막이가시설,9,21,42.9
"5. 전기, 기계설비공사",5.3 엘리베이터 설치 작업,5.3.1 엘리베이터 기계 설치,기계설비,8,21,38.1
4. 마감공사,4.4 도장작업,4.4.2 실내 도장,사다리,6,21,28.6
2. 철근콘크리트공사,2.3 철근 작업,2.3.3 철근 조립,"철근콘크리트자재(철근,콘크리트,PC)",5,21,23.8
4. 마감공사,4.4 도장작업,4.4.2 실내 도장,이동식비계,5,21,23.8
"5. 전기, 기계설비공사",5.3 엘리베이터 설치 작업,5.3.1 엘리베이터 기계 설치,엘리베이터피트,5,21,23.8
2. 철근콘크리트공사,2.3 철근 작업,2.3.3 철근 조립,비계,4,21,19.0
3. 철골공사,3.1 철골 작업,3.1.3 철골 데크 플레이트 설치,개구부(바닥개구부),4,21,19.0
1. 토공사,1.2 흙막이 지보공 작업,1.2.2 흙막이 지보공 설치,굴착기,3,21,14.3
1. 토공사,1.2 흙막이 지보공 작업,1.2.2 흙막이 지보공 설치,토사,3,21,14.3
3. 철골공사,3.1 철골 작업,3.1.3 철골 데크 플레이트 설치,슬라브단부,3,21,14.3
1. 토공사,1.2 흙막이 지보공 작업,1.2.2 흙막이 지보공 설치,천공기/항타기,2,21,9.5
2. 철근콘크리트공사,2.3 철근 작업,2.3.3 철근 조립,분류불능,2,21,9.5
2. 철근콘크리트공사,2.3 철근 작업,2.3.3 철근 조립,사다리,2,21,9.5
2. 철근콘크리트공사,2.3 철근 작업,2.3.3 철근 조립,슬라브단부,2,21,9.5
4. 마감공사,4.4 도장작업,4.4.2 실내 도장,개구부(바닥개구부),2,21,9.5
"5. 전기, 기계설비공사",5.3 엘리베이터 설치 작업,5.3.1 엘리베이터 기계 설치,개구부(기타개구부),2,21,9.5
"5. 전기, 기계설비공사",5.3 엘리베이터 설치 작업,5.3.1 엘리베이터 기계 설치,"지붕(처마,홈통)",2,21,9.5
1. 토공사,1.2 흙막이 지보공 작업,1.2.2 흙막이 지보공 설치,고소작업대,1,21,4.8
1. 토공사,1.2 흙막이 지보공 작업,1.2.2 흙막이 지보공 설치,이동식크레인,1,21,4.8
1. 토공사,1.2 흙막이 지보공 작업,1.2.2 흙막이 지보공 설치,작업발판/가설계단,1,21,4.8
1. 토공사,1.2 흙막이 지보공 작업,1.2.2 흙막이 지보공 설치,충전부,1,21,4.8
2. 철근콘크리트공사,2.3 철근 작업,2.3.3 철근 조립,개구부(바닥개구부),1,21,4.8
2. 철근콘크리트공사,2.3 철근 작업,2.3.3 철근 조립,고소작업대,1,21,4.8
2. 철근콘크리트공사,2.3 철근 작업,2.3.3 철근 조립,바닥(바닥에 걸려 넘어짐),1,21,4.8
2. 철근콘크리트공사,2.3 철근 작업,2.3.3 철근 조립,벽체,1,21,4.8
2. 철근콘크리트공사,2.3 철근 작업,2.3.3 철근 조립,작업발판/가설계단,1,21,4.8
2. 철근콘크리트공사,2.3 철근 작업,2.3.3 철근 조립,충전부,1,21,4.8
3. 철골공사,3.1 철골 작업,3.1.3 철골 데크 플레이트 설치,"각재(파이프,강관,합판)",1,21,4.8
3. 철골공사,3.1 철골 작업,3.1.3 철골 데크 플레이트 설치,"기타자재(내부마감재,시멘트,마대)",1,21,4.8
3. 철골공사,3.1 철골 작업,3.1.3 철골 데크 플레이트 설치,동바리,1,21,4.8
4. 마감공사,4.4 도장작업,4.4.2 실내 도장,계단,1,21,4.8
4. 마감공사,4.4 도장작업,4.4.2 실내 도장,고소작업대,1,21,4.8
4. 마감공사,4.4 도장작업,4.4.2 실내 도장,"기타자재(내부마감재,시멘트,마대)",1,21,4.8
4. 마감공사,4.4 도장작업,4.4.2 실내 도장,말비계,1,21,4.8
4. 마감공사,4.4 도장작업,4.4.2 실내 도장,분류불능,1,21,4.8
4. 마감공사,4.4 도장작업,4.4.2 실내 도장,슬라브단부,1,21,4.8
4. 마감공사,4.4 도장작업,4.4.2 실내 도장,작업발판/가설계단,1,21,4.8
4. 마감공사,4.4 도장작업,4.4.2 실내 도장,철골(철골구조물),1,21,4.8
"5. 전기, 기계설비공사",5.3 엘리베이터 설치 작업,5.3.1 엘리베이터 기계 설치,"기타자재(내부마감재,시멘트,마대)",1,21,4.8
"5. 전기, 기계설비공사",5.3 엘리베이터 설치 작업,5.3.1 엘리베이터 기계 설치,분류불능,1,21,4.8
"5. 전기, 기계설비공사",5.3 엘리베이터 설치 작업,5.3.1 엘리베이터 기계 설치,용접(단)기,1,21,4.8
"5. 전기, 기계설비공사",5.3 엘리베이터 설치 작업,5.3.1 엘리베이터 기계 설치,작업발판/가설계단,1,21,4.8
1. 토공사,1.3 기초파일 작업,"1.3.1 기초파일 자재, 장비반입, 운반, 보관",천공기/항타기,7,20,35.0
1. 토공사,1.3 기초파일 작업,"1.3.1 기초파일 자재, 장비반입, 운반, 보관",굴착기,6,20,30.0
1. 토공사,1.3 기초파일 작업,"1.3.1 기초파일 자재, 장비반입, 운반, 보관",이동식크레인,4,20,20.0
1. 토공사,1.3 기초파일 작업,"1.3.1 기초파일 자재, 장비반입, 운반, 보관",기초파일,3,20,15.0
1. 토공사,1.3 기초파일 작업,1.3.3 기초파일 항타,천공기/항타기,16,19,84.2
12. 공통공사,12.2 안전가시설 작업,12.2.8 안전가시설(낙하물방지망),방망,13,19,68.4
1. 토공사,1.1 굴착 작업,1.1.2 굴착,토사,8,19,42.1
1. 토공사,1.1 굴착 작업,1.1.2 굴착,굴착기,7,19,36.8
1. 토공사,1.3 기초파일 작업,1.3.3 기초파일 항타,이동식크레인,2,19,10.5
12. 공통공사,12.2 안전가시설 작업,12.2.8 안전가시설(낙하물방지망),개구부(기타개구부),2,19,10.5
1. 토공사,1.1 굴착 작업,1.1.2 굴착,개구부(바닥개구부),1,19,5.3
1. 토공사,1.1 굴착 작업,1.1.2 굴착,벽체,1,19,5.3
1. 토공사,1.1 굴착 작업,1.1.2 굴착,암석,1,19,5.3
1. 토공사,1.1 굴착 작업,1.1.2 굴착,화학물질,1,19,5.3
1. 토공사,1.3 기초파일 작업,1.3.3 기초파일 항타,분류불능,1,19,5.3
12. 공통공사,12.2 안전가시설 작업,12.2.8 안전가시설(낙하물방지망),기타가설구조물,1,19,5.3
12. 공통공사,12.2 안전가시설 작업,12.2.8 안전가시설(낙하물방지망),기타구조물,1,19,5.3
12. 공통공사,12.2 안전가시설 작업,12.2.8 안전가시설(낙하물방지망),슬라브단부,1,19,5.3
12. 공통공사,12.2 안전가시설 작업,12.2.8 안전가시설(낙하물방지망),충전부,1,19,5.3
6. 조경공사,6.1 조경작업,6.1.1 조경 부지정리,수목,9,18,50.0
6. 조경공사,6.1 조경작업,6.1.1 조경 부지정리,기타건설장비,2,18,11.1
6. 조경공사,6.1 조경작업,6.1.1 조경 부지정리,"각재(파이프,강관,합판)",1,18,5.6
6. 조경공사,6.1 조경작업,6.1.1 조경 부지정리,고소작업대,1,18,5.6
6. 조경공사,6.1 조경작업,6.1.1 조경 부지정리,굴착기,1,18,5.6
6. 조경공사,6.1 조경작업,6.1.1 조경 부지정리,기타구조물,1,18,5.6
6. 조경공사,6.1 조경작업,6.1.1 조경 부지정리,슬라브단부,1,18,5.6
6. 조경공사,6.1 조경작업,6.1.1 조경 부지정리,충전부,1,18,5.6
6. 조경공사,6.1 조경작업,6.1.1 조경 부지정리,트럭,1,18,5.6
2. 철근콘크리트공사,2.2 갱폼 작업,"2.2.3 갱폼 인양, 설치",거푸집,9,17,52.9
3. 철골공사,3.1 철골 작업,3.1.1 철골 부재반입 및 운반,철골(철골자재),7,17,41.2
2. 철근콘크리트공사,2.4 콘크리트 작업,"2.4.1 콘크리트 반입, 운반",콘크리트믹서,5,17,29.4
2. 철근콘크리트공사,2.4 콘크리트 작업,"2.4.1 콘크리트 반입, 운반",콘크리트펌프카,5,17,29.4
3. 철골공사,3.1 철골 작업,3.1.1 철골 부재반입 및 운반,철골(철골구조물),5,17,29.4
2. 철근콘크리트공사,2.2 갱폼 작업,"2.2.3 갱폼 인양, 설치",비계(일체형비계),4,17,23.5
2. 철근콘크리트공사,2.2 갱폼 작업,"2.2.3 갱폼 인양, 설치",고정식크레인,2,17,11.8
2. 철근콘크리트공사,2.4 콘크리트 작업,"2.4.1 콘크리트 반입, 운반",기타건설장비,2,17,11.8
3. 철골공사,3.1 철골 작업,3.1.1 철골 부재반입 및 운반,개구부(바닥개구부),2,17,11.8
2. 철근콘크리트공사,2.2 갱폼 작업,"2.2.3 갱폼 인양, 설치",동바리,1,17,5.9
2. 철근콘크리트공사,2.2 갱폼 작업,"2.2.3 갱폼 인양, 설치",작업발판/가설계단,1,17,5.9
2. 철근콘크리트공사,2.4 콘크리트 작업,"2.4.1 콘크리트 반입, 운반",개구부(기타개구부),1,17,5.9
2. 철근콘크리트공사,2.4 콘크리트 작업,"2.4.1 콘크리트 반입, 운반",기타구조물,1,17,5.9
2. 철근콘크리트공사,2.4 콘크리트 작업,"2.4.1 콘크리트 반입, 운반",분류불능,1,17,5.9
2. 철근콘크리트공사,2.4 콘크리트 작업,"2.4.1 콘크리트 반입, 운반","철근콘크리트자재(철근,콘크리트,PC)",1,17,5.9
2. 철근콘크리트공사,2.4 콘크리트 작업,"2.4.1 콘크리트 반입, 운반",트럭,1,17,5.9
3. 철골공사,3.1 철골 작업,3.1.1 철골 부재반입 및 운반,고소작업대,1,17,5.9
3. 철골공사,3.1 철골 작업,3.1.1 철골 부재반입 및 운반,이동식크레인,1,17,5.9
3. 철골공사,3.1 철골 작업,3.1.1 철골 부재반입 및 운반,트럭,1,17,5.9
1. 토공사,1.2 흙막이 지보공 작업,1.2.3 흙막이 지보공 해체,흙막이가시설,12,16,75.0
4. 마감공사,4.3 석재 및 타일 작업,4.3.2 석재 및 타일 붙임,비계,10,16,62.5
4. 마감공사,4.3 석재 및 타일 작업,4.3.2 석재 및 타일 붙임,계단,3,16,18.8
1. 토공사,1.2 흙막이 지보공 작업,1.2.3 흙막이 지보공 해체,굴착기,1,16,6.2
1. 토공사,1.2 흙막이 지보공 작업,1.2.3 흙막이 지보공 해체,암석,1,16,6.2
1. 토공사,1.2 흙막이 지보공 작업,1.2.3 흙막이 지보공 해체,이동식크레인,1,16,6.2
1. 토공사,1.2 흙막이 지보공 작업,1.2.3 흙막이 지보공 해체,철골(철골자재),1,16,6.2
4. 마감공사,4.3 석재 및 타일 작업,4.3.2 석재 및 타일 붙임,바닥(바닥에 걸려 넘어짐),1,16,6.2
4. 마감공사,4.3 석재 및 타일 작업,4.3.2 석재 및 타일 붙임,용접(단)기,1,16,6.2
4. 마감공사,4.3 석재 및 타일 작업,4.3.2 석재 및 타일 붙임,화학물질,1,16,6.2
4. 마감공사,4.7 수장 작업,"4.7.1 수장 자배반입, 운반","기타자재(내부마감재,시멘트,마대)",3,15,20.0
4. 마감공사,4.7 수장 작업,"4.7.1 수장 자배반입, 운반",고소작업대,2,15,13.3
4. 마감공사,4.7 수장 작업,"4.7.1 수장 자배반입, 운반",리프트,2,15,13.3
4. 마감공사,4.7 수장 작업,"4.7.1 수장 자배반입, 운반",지게차,2,15,13.3
4. 마감공사,4.7 수장 작업,"4.7.1 수장 자배반입, 운반","각재(파이프,강관,합판)",1,15,6.7
4. 마감공사,4.7 수장 작업,"4.7.1 수장 자배반입, 운반",계단,1,15,6.7
4. 마감공사,4.7 수장 작업,"4.7.1 수장 자배반입, 운반",기타건설장비,1,15,6.7
4. 마감공사,4.7 수장 작업,"4.7.1 수장 자배반입, 운반",분류불능,1,15,6.7
4. 마감공사,4.7 수장 작업,"4.7.1 수장 자배반입, 운반",이동식비계,1,15,6.7
4. 마감공사,4.7 수장 작업,"4.7.1 수장 자배반입, 운반",화학물질,1,15,6.7
2. 철근콘크리트공사,2.4 콘크리트 작업,2.4.3 콘크리트 양생,화학물질,4,13,30.8
4. 마감공사,4.3 석재 및 타일 작업,"4.3.1 석재 및 타일 자재반입, 운반",비계,4,13,30.8
2. 철근콘크리트공사,2.4 콘크리트 작업,2.4.3 콘크리트 양생,슬라브단부,3,13,23.1
4. 마감공사,4.3 석재 및 타일 작업,"4.3.1 석재 및 타일 자재반입, 운반",계단,3,13,23.1
2. 철근콘크리트공사,2.4 콘크리트 작업,2.4.3 콘크리트 양생,개구부(기타개구부),2,13,15.4
2. 철근콘크리트공사,2.4 콘크리트 작업,2.4.3 콘크리트 양생,"각재(파이프,강관,합판)",1,13,7.7
2. 철근콘크리트공사,2.4 콘크리트 작업,2.4.3 콘크리트 양생,계단,1,13,7.7
2. 철근콘크리트공사,2.4 콘크리트 작업,2.4.3 콘크리트 양생,분류불능,1,13,7.7
2. 철근콘크리트공사,2.4 콘크리트 작업,2.4.3 콘크리트 양생,외부마감재,1,13,7.7
4. 마감공사,4.3 석재 및 타일 작업,"4.3.1 석재 및 타일 자재반입, 운반",고소작업대,1,13,7.7
4. 마감공사,4.3 석재 및 타일 작업,"4.3.1 석재 및 타일 자재반입, 운반",기타건설장비,1,13,7.7
4. 마감공사,4.3 석재 및 타일 작업,"4.3.1 석재 및 타일 자재반입, 운반","기타자재(내부마감재,시멘트,마대)",1,13,7.7
4. 마감공사,4.3 석재 및 타일 작업,"4.3.1 석재 및 타일 자재반입, 운반",리프트,1,13,7.7
4. 마감공사,4.3 석재 및 타일 작업,"4.3.1 석재 및 타일 자재반입, 운반",슬라브단부,1,13,7.7
4. 마감공사,4.3 석재 및 타일 작업,"4.3.1 석재 및 타일 자재반입, 운반",지게차,1,13,7.7
"5. 전기, 기계설비공사",5.1 전기 설비 작업,"5.1.1 전기설비 자재반입, 가공, 운반",굴착기,2,12,16.7
"5. 전기, 기계설비공사",5.1 전기 설비 작업,"5.1.1 전기설비 자재반입, 가공, 운반",이동식크레인,2,12,16.7
"5. 전기, 기계설비공사",5.1 전기 설비 작업,"5.1.1 전기설비 자재반입, 가공, 운반",개구부(바닥개구부),1,12,8.3
"5. 전기, 기계설비공사",5.1 전기 설비 작업,"5.1.1 전기설비 자재반입, 가공, 운반",기계설비,1,12,8.3
"5. 전기, 기계설비공사",5.1 전기 설비 작업,"5.1.1 전기설비 자재반입, 가공, 운반","기타자재(내부마감재,시멘트,마대)",1,12,8.3
"5. 전기, 기계설비공사",5.1 전기 설비 작업,"5.1.1 전기설비 자재반입, 가공, 운반",리프트,1,12,8.3
"5. 전기, 기계설비공사",5.1 전기 설비 작업,"5.1.1 전기설비 자재반입, 가공, 운반",사다리,1,12,8.3
"5. 전기, 기계설비공사",5.1 전기 설비 작업,"5.1.1 전기설비 자재반입, 가공, 운반",전주,1,12,8.3
"5. 전기, 기계설비공사",5.1 전기 설비 작업,"5.1.1 전기설비 자재반입, 가공, 운반","지붕(처마,홈통)",1,12,8.3
"5. 전기, 기계설비공사",5.1 전기 설비 작업,"5.1.1 전기설비 자재반입, 가공, 운반",화학물질,1,12,8.3
12. 공통공사,12.2 안전가시설 작업,12.2.2 안전가시설(작업발판),작업발판/가설계단,8,11,72.7
10. 하천 및 항만공사,"10.2 수중, 해상공사","10.2.1 수중, 해상공사(잠수, 해상작업 등)",물,6,11,54.5
4. 마감공사,4.3 석재 및 타일 작업,"4.3.3 석재 및 타일 줄눈, 코킹 시공",비계,5,11,45.5
"5. 전기, 기계설비공사",5.3 엘리베이터 설치 작업,5.3.2 엘리베이터 가이드레일 설치,기계설비,4,11,36.4
12. 공통공사,12.2 안전가시설 작업,12.2.2 안전가시설(작업발판),비계,2,11,18.2
"5. 전기, 기계설비공사",5.3 엘리베이터 설치 작업,5.3.2 엘리베이터 가이드레일 설치,엘리베이터피트,2,11,18.2
10. 하천 및 항만공사,"10.2 수중, 해상공사","10.2.1 수중, 해상공사(잠수, 해상작업 등)",굴착기,1,11,9.1
10. 하천 및 항만공사,"10.2 수중, 해상공사","10.2.1 수중, 해상공사(잠수, 해상작업 등)",기타건설장비,1,11,9.1
10. 하천 및 항만공사,"10.2 수중, 해상공사","10.2.1 수중, 해상공사(잠수, 해상작업 등)",용접(단)기,1,11,9.1
10. 하천 및 항만공사,"10.2 수중, 해상공사","10.2.1 수중, 해상공사(잠수, 해상작업 등)",이동식크레인,1,11,9.1
10. 하천 및 항만공사,"10.2 수중, 해상공사","10.2.1 수중, 해상공사(잠수, 해상작업 등)",절단기/톱,1,11,9.1
12. 공통공사,12.2 안전가시설 작업,12.2.2 안전가시설(작업발판),개구부(바닥개구부),1,11,9.1
4. 마감공사,4.3 석재 및 타일 작업,"4.3.3 석재 및 타일 줄눈, 코킹 시공",달비계,1,11,9.1
4. 마감공사,4.3 석재 및 타일 작업,"4.3.3 석재 및 타일 줄눈, 코킹 시공",말비계,1,11,9.1
4. 마감공사,4.3 석재 및 타일 작업,"4.3.3 석재 및 타일 줄눈, 코킹 시공",사다리,1,11,9.1
4. 마감공사,4.3 석재 및 타일 작업,"4.3.3 석재 및 타일 줄눈, 코킹 시공",슬라브단부,1,11,9.1
4. 마감공사,4.3 석재 및 타일 작업,"4.3.3 석재 및 타일 줄눈, 코킹 시공",외부마감재,1,11,9.1
4. 마감공사,4.3 석재 및 타일 작업,"4.3.3 석재 및 타일 줄눈, 코킹 시공",작업발판/가설계단,1,11,9.1
"5. 전기, 기계설비공사",5.3 엘리베이터 설치 작업,5.3.2 엘리베이터 가이드레일 설치,개구부(기타개구부),1,11,9.1
"5. 전기, 기계설비공사",5.3 엘리베이터 설치 작업,5.3.2 엘리베이터 가이드레일 설치,개구부(바닥개구부),1,11,9.1
"5. 전기, 기계설비공사",5.3 엘리베이터 설치 작업,5.3.2 엘리베이터 가이드레일 설치,굴착기,1,11,9.1
"5. 전기, 기계설비공사",5.3 엘리베이터 설치 작업,5.3.2 엘리베이터 가이드레일 설치,기타건설기계기구,1,11,9.1
"5. 전기, 기계설비공사",5.3 엘리베이터 설치 작업,5.3.2 엘리베이터 가이드레일 설치,작업발판/가설계단,1,11,9.1
12. 공통공사,12.5 양중기 작업,12.5.3 양중기(이동식 크레인),이동식크레인,8,9,88.9
1. 토공사,1.3 기초파일 작업,1.3.2 기초파일 천공,천공기/항타기,5,9,55.6
1. 토공사,1.3 기초파일 작업,1.3.2 기초파일 천공,개구부(기타개구부),1,9,11.1
1. 토공사,1.3 기초파일 작업,1.3.2 기초파일 천공,굴착기,1,9,11.1
1. 토공사,1.3 기초파일 작업,1.3.2 기초파일 천공,이동식크레인,1,9,11.1
1. 토공사,1.3 기초파일 작업,1.3.2 기초파일 천공,토사,1,9,11.1
12. 공통공사,12.5 양중기 작업,12.5.3 양중기(이동식 크레인),분류불능,1,9,11.1
4. 마감공사,4.5 금속 및 잡철물 작업,"4.5.1 금속 및 잡철물 자재반입, 가공","각재(파이프,강관,합판)",1,9,11.1
4. 마감공사,4.5 금속 및 잡철물 작업,"4.5.1 금속 및 잡철물 자재반입, 가공",고소작업대,1,9,11.1
4. 마감공사,4.5 금속 및 잡철물 작업,"4.5.1 금속 및 잡철물 자재반입, 가공",기계설비,1,9,11.1
4. 마감공사,4.5 금속 및 잡철물 작업,"4.5.1 금속 및 잡철물 자재반입, 가공",기타건설기계기구,1,9,11.1
4. 마감공사,4.5 금속 및 잡철물 작업,"4.5.1 금속 및 잡철물 자재반입, 가공","기타자재(내부마감재,시멘트,마대)",1,9,11.1
4. 마감공사,4.5 금속 및 잡철물 작업,"4.5.1 금속 및 잡철물 자재반입, 가공",리프트,1,9,11.1
4. 마감공사,4.5 금속 및 잡철물 작업,"4.5.1 금속 및 잡철물 자재반입, 가공",사다리,1,9,11.1
4. 마감공사,4.5 금속 및 잡철물 작업,"4.5.1 금속 및 잡철물 자재반입, 가공","지붕(채광판,선라이트)",1,9,11.1
4. 마감공사,4.5 금속 및 잡철물 작업,"4.5.1 금속 및 잡철물 자재반입, 가공",천장(판넬 등 마감재),1,9,11.1
2. 철근콘크리트공사,2.1 거푸집 작업,2.1.4 거푸집 동바리 인양,거푸집,5,8,62.5
2. 철근콘크리트공사,2.1 거푸집 작업,2.1.4 거푸집 동바리 인양,"각재(파이프,강관,합판)",1,8,12.5
2. 철근콘크리트공사,2.1 거푸집 작업,2.1.4 거푸집 동바리 인양,비계,1,8,12.5
2. 철근콘크리트공사,2.1 거푸집 작업,2.1.4 거푸집 동바리 인양,작업발판/가설계단,1,8,12.5
4. 마감공사,4.4 도장작업,4.4.1 도장 면처리,달비계,4,7,57.1
2. 철근콘크리트공사,2.3 철근 작업,2.3.1 철근 반입,굴착기,3,7,42.9
2. 철근콘크리트공사,2.3 철근 작업,2.3.1 철근 반입,지게차,2,7,28.6
2. 철근콘크리트공사,2.3 철근 작업,2.3.1 철근 반입,"철근콘크리트자재(철근,콘크리트,PC)",2,7,28.6
4. 마감공사,4.4 도장작업,4.4.1 도장 면처리,계단,1,7,14.3
4. 마감공사,4.4 도장작업,4.4.1 도장 면처리,사다리,1,7,14.3
4. 마감공사,4.4 도장작업,4.4.1 도장 면처리,"지붕(처마,홈통)",1,7,14.3
12. 공통공사,12.5 양중기 작업,12.5.2 양중기(리프트),리프트,5,6,83.3
12. 공통공사,12.2 안전가시설 작업,12.2.1 안전가시설(개구부),개구부(바닥개구부),4,6,66.7
1. 토공사,1.4 되메움 작업,1.4.1 토사반입 및 되메움 실시,트럭,3,6,50.0
11. 기타 토목공사,11.1 부대 토목 작업,11.1.2 부대토목 구내포장,굴착기,3,6,50.0
12. 공통공사,12.2 안전가시설 작업,12.2.7 안전가시설(가설통로 또는 가설계단),작업발판/가설계단,3,6,50.0
4. 마감공사,4.6 창호 및 유리 작업,"4.6.1 창호 및 유리 자재반입, 가공, 운반",고소작업대,3,6,50.0
11. 기타 토목공사,11.3 지장물 조사 및 이설 작업,11.3.2 지장물 이설,굴착기,2,6,33.3
11. 기타 토목공사,11.3 지장물 조사 및 이설 작업,11.3.2 지장물 이설,전주,2,6,33.3
12. 공통공사,12.2 안전가시설 작업,12.2.7 안전가시설(가설통로 또는 가설계단),사다리,2,6,33.3
4. 마감공사,4.6 창호 및 유리 작업,"4.6.1 창호 및 유리 자재반입, 가공, 운반","기타자재(내부마감재,시멘트,마대)",2,6,33.3
1. 토공사,1.4 되메움 작업,1.4.1 토사반입 및 되메움 실시,굴착기,1,6,16.7
1. 토공사,1.4 되메움 작업,1.4.1 토사반입 및 되메움 실시,암석,1,6,16.7
1. 토공사,1.4 되메움 작업,1.4.1 토사반입 및 되메움 실시,철골(철골자재),1,6,16.7
11. 기타 토목공사,11.1 부대 토목 작업,11.1.2 부대토목 구내포장,기타건설장비,1,6,16.7
11. 기타 토목공사,11.1 부대 토목 작업,11.1.2 부대토목 구내포장,슬라브단부,1,6,16.7
11. 기타 토목공사,11.1 부대 토목 작업,11.1.2 부대토목 구내포장,트럭,1,6,16.7
11. 기타 토목공사,11.3 지장물 조사 및 이설 작업,11.3.2 지장물 이설,충전부,1,6,16.7
11. 기타 토목공사,11.3 지장물 조사 및 이설 작업,11.3.2 지장물 이설,화학물질,1,6,16.7
12. 공통공사,12.2 안전가시설 작업,12.2.1 안전가시설(개구부),개구부(기타개구부),1,6,16.7
12. 공통공사,12.2 안전가시설 작업,12.2.1 안전가시설(개구부),엘리베이터피트,1,6,16.7
12. 공통공사,12.2 안전가시설 작업,12.2.7 안전가시설(가설통로 또는 가설계단),흙막이가시설,1,6,16.7
12. 공통공사,12.5 양중기 작업,12.5.2 양중기(리프트),기계설비,1,6,16.7
4. 마감공사,4.6 창호 및 유리 작업,"4.6.1 창호 및 유리 자재반입, 가공, 운반",비계,1,6,16.7
8. 교량공사,8.2 강교 설치 작업,8.2.1 강교 부재 조립,개구부(기타개구부),1,6,16.7
8. 교량공사,8.2 강교 설치 작업,8.2.1 강교 부재 조립,거푸집,1,6,16.7
8. 교량공사,8.2 강교 설치 작업,8.2.1 강교 부재 조립,기타건설장비,1,6,16.7
8. 교량공사,8.2 강교 설치 작업,8.2.1 강교 부재 조립,비계,1,6,16.7
8. 교량공사,8.2 강교 설치 작업,8.2.1 강교 부재 조립,작업발판/가설계단,1,6,16.7
8. 교량공사,8.2 강교 설치 작업,8.2.1 강교 부재 조립,"철근콘크리트자재(철근,콘크리트,PC)",1,6,16.7
11. 기타 토목공사,11.2 가설도로 작업,11.2.1 가설도로 벌목 및 표토 제거,수목,4,5,80.0
2. 철근콘크리트공사,2.2 갱폼 작업,"2.2.4 갱폼 해체, 반출",비계(일체형비계),4,5,80.0
7. 도로 및 포장공사,7.1 포장 작업,7.1.1 포장 장비 반입,트럭,4,5,80.0
9. 터널공사,9.2 터널 굴착 작업,9.2.2 터널 버널처리,암석,3,5,60.0
1. 토공사,1.2 흙막이 지보공 작업,1.2.1 흙막이 지보공 자재반입,굴착기,2,5,40.0
1. 토공사,1.2 흙막이 지보공 작업,1.2.1 흙막이 지보공 자재반입,기초파일,1,5,20.0
1. 토공사,1.2 흙막이 지보공 작업,1.2.1 흙막이 지보공 자재반입,이동식크레인,1,5,20.0
1. 토공사,1.2 흙막이 지보공 작업,1.2.1 흙막이 지보공 자재반입,흙막이가시설,1,5,20.0
1. 토공사,1.4 되메움 작업,1.4.2 되메움 토사다짐,굴착기,1,5,20.0
1. 토공사,1.4 되메움 작업,1.4.2 되메움 토사다짐,분류불능,1,5,20.0
1. 토공사,1.4 되메움 작업,1.4.2 되메움 토사다짐,철골(철골자재),1,5,20.0
1. 토공사,1.4 되메움 작업,1.4.2 되메움 토사다짐,토사,1,5,20.0
1. 토공사,1.4 되메움 작업,1.4.2 되메움 토사다짐,트럭,1,5,20.0
11. 기타 토목공사,11.2 가설도로 작업,11.2.1 가설도로 벌목 및 표토 제거,트럭,1,5,20.0
2. 철근콘크리트공사,2.2 갱폼 작업,"2.2.4 갱폼 해체, 반출",비계,1,5,20.0
7. 도로 및 포장공사,7.1 포장 작업,7.1.1 포장 장비 반입,기타구조물,1,5,20.0
9. 터널공사,9.2 터널 굴착 작업,9.2.2 터널 버널처리,기타건설장비,1,5,20.0
9. 터널공사,9.2 터널 굴착 작업,9.2.2 터널 버널처리,토사,1,5,20.0
1. 토공사,1.1 굴착 작업,1.1.1 굴착 장비반입,굴착기,2,4,50.0
12. 공통공사,12.2 안전가시설 작업,"12.2.10 안전가시설(휀스, 안전난간)",철골(철골자재),2,4,50.0
12. 공통공사,12.2 안전가시설 작업,12.2.6 안전가시설(추락방지망),방망,2,4,50.0
1. 토공사,1.1 굴착 작업,1.1.1 굴착 장비반입,개구부(기타개구부),1,4,25.0
1. 토공사,1.1 굴착 작업,1.1.1 굴착 장비반입,이동식크레인,1,4,25.0
10. 하천 및 항만공사,10.1 준설매립,10.1.1 준설매립 등,슬라브단부,1,4,25.0
10. 하천 및 항만공사,10.1 준설매립,10.1.1 준설매립 등,원인미상,1,4,25.0
10. 하천 및 항만공사,10.1 준설매립,10.1.1 준설매립 등,트럭,1,4,25.0
10. 하천 및 항만공사,10.1 준설매립,10.1.1 준설매립 등,화학물질,1,4,25.0
12. 공통공사,12.2 안전가시설 작업,"12.2.10 안전가시설(휀스, 안전난간)",비계,1,4,25.0
12. 공통공사,12.2 안전가시설 작업,"12.2.10 안전가시설(휀스, 안전난간)",사다리,1,4,25.0
12. 공통공사,12.2 안전가시설 작업,12.2.6 안전가시설(추락방지망),비계,1,4,25.0
12. 공통공사,12.2 안전가시설 작업,12.2.6 안전가시설(추락방지망),슬라브단부,1,4,25.0
12. 공통공사,12.3 가설전기 작업,12.3.2 가설전기(전선),물,1,4,25.0
12. 공통공사,12.3 가설전기 작업,12.3.2 가설전기(전선),작업발판/가설계단,1,4,25.0
12. 공통공사,12.3 가설전기 작업,12.3.2 가설전기(전선),전주,1,4,25.0
12. 공통공사,12.3 가설전기 작업,12.3.2 가설전기(전선),천장(판넬 등 마감재),1,4,25.0
12. 공통공사,12.5 양중기 작업,12.5.5 양중기(특수작업대),고소작업대,3,3,100.0
1. 토공사,1.2 흙막이 지보공 작업,1.2.4 흙막이 지보공 자재반출,흙막이가시설,2,3,66.7
12. 공통공사,12.2 안전가시설 작업,12.2.5 안전가시설(달비계),달비계,2,3,66.7
1. 토공사,1.2 흙막이 지보공 작업,1.2.4 흙막이 지보공 자재반출,고소작업대,1,3,33.3
12. 공통공사,12.2 안전가시설 작업,12.2.5 안전가시설(달비계),비계,1,3,33.3
2. 철근콘크리트공사,2.2 갱폼 작업,2.2.2 갱폼 조립,비계,1,3,33.3
2. 철근콘크리트공사,2.2 갱폼 작업,2.2.2 갱폼 조립,용접(단)기,1,3,33.3
2. 철근콘크리트공사,2.2 갱폼 작업,2.2.2 갱폼 조립,작업발판/가설계단,1,3,33.3
12. 공통공사,12.3 가설전기 작업,12.3.3 가설전기(충전부),충전부,2,2,100.0
12. 공통공사,12.3 가설전기 작업,12.3.5 가설전기(교류아크용접기),용접(단)기,2,2,100.0
11. 기타 토목공사,11.2 가설도로 작업,11.2.2 가설도로 시공,로울러,1,2,50.0
11. 기타 토목공사,11.2 가설도로 작업,11.2.2 가설도로 시공,토사,1,2,50.0
12. 공통공사,12.2 안전가시설 작업,12.2.4 안전가시설(이동식비계),로울러,1,2,50.0
12. 공통공사,12.2 안전가시설 작업,12.2.4 안전가시설(이동식비계),이동식비계,1,2,50.0
12. 공통공사,12.3 가설전기 작업,12.3.4 가설전기(조명등),고소작업대,1,2,50.0
12. 공통공사,12.3 가설전기 작업,12.3.4 가설전기(조명등),사다리,1,2,50.0
12. 공통공사,12.4 가설플랜트 작업,12.4.1 가설플랜트(크라샤 Plant),기계설비,1,2,50.0
12. 공통공사,12.4 가설플랜트 작업,12.4.1 가설플랜트(크라샤 Plant),기타건설장비,1,2,50.0
12. 공통공사,12.5 양중기 작업,12.5.4 양중기(윈치),"각재(파이프,강관,합판)",1,2,50.0
12. 공통공사,12.5 양중기 작업,12.5.4 양중기(윈치),슬라브단부,1,2,50.0
9. 터널공사,9.1 라이닝 거푸집 작업,"9.1.1 라이닝 거푸집 자재반입, 하역","기타자재(내부마감재,시멘트,마대)",1,2,50.0
9. 터널공사,9.1 라이닝 거푸집 작업,"9.1.1 라이닝 거푸집 자재반입, 하역",트럭,1,2,50.0
9. 터널공사,9.2 터널 굴착 작업,9.2.1 터널 천공,암석,1,2,50.0
9. 터널공사,9.2 터널 굴착 작업,9.2.1 터널 천공,작업발판/가설계단,1,2,50.0
9. 터널공사,9.3 터널 보강 작업,9.3.1 터널 강지보,고소작업대,1,2,50.0
9. 터널공사,9.3 터널 보강 작업,9.3.1 터널 강지보,암석,1,2,50.0
9. 터널공사,9.3 터널 보강 작업,9.3.2 터널 특수보강,이동식비계,1,2,50.0
9. 터널공사,9.3 터널 보강 작업,9.3.2 터널 특수보강,"철근콘크리트자재(철근,콘크리트,PC)",1,2,50.0
9. 터널공사,9.4 수직구 작업,9.4.1 수직구 흙막이 지보공 시공,굴착기,1,2,50.0
9. 터널공사,9.4 수직구 작업,9.4.1 수직구 흙막이 지보공 시공,흙막이가시설,1,2,50.0
1. 토공사,1.5 발파 작업,1.5.1 발파,암석,1,1,100.0
1. 토공사,1.6 그라우팅작업,1.6.1 그라우팅 장비 및 자재반입,기타건설장비,1,1,100.0
1. 토공사,1.6 그라우팅작업,1.6.2 그라우팅 천공 및 시공,기타건설장비,1,1,100.0
11. 기타 토목공사,11.3 지장물 조사 및 이설 작업,11.3.1 지장물 조사 굴착,굴착기,1,1,100.0
11. 기타 토목공사,11.5 특수댐 작업,11.5.1 양수발전용 댐,분류불능,1,1,100.0
12. 공통공사,12.2 안전가시설 작업,12.2.9 안전가시설(방호선반),비계,1,1,100.0
12. 공통공사,12.3 가설전기 작업,12.3.1 가설전기(분전반),굴착기,1,1,100.0
12. 공통공사,12.3 가설전기 작업,12.3.6 가설전기(이동식 전기 기계기구),충전부,1,1,100.0
2. 철근콘크리트공사,2.2 갱폼 작업,2.2.1 갱폼 자재반입,고정식크레인,1,1,100.0
8. 교량공사,8.1 슬립폼(슬라이딩폼) 작업,8.1.1 슬립폼(슬라이딩폼) 제작,거푸집,1,1,100.0
8. 교량공사,8.1 슬립폼(슬라이딩폼) 작업,8.1.2 슬립폼(슬라이딩폼) 해체,개구부(기타개구부),1,1,100.0
8. 교량공사,8.2 강교 설치 작업,8.2.2 강교 슬라브 시공,교통수단,1,1,100.0
8. 교량공사,8.3 PSC 교량 작업,8.3.1 PSC 교량 거더 인양 및 거치,기타구조물,1,1,100.0
8. 교량공사,8.4 특수교량 작업,8.4.1 특수교량(ILM 공법),"각재(파이프,강관,합판)",1,1,100.0
9. 터널공사,9.5 갱구부 작업,9.5.1 갱구부 보강,기타건설장비,1,1,100.0
9. 터널공사,9.6 특수터널 작업,9.6.1 특수터널(TBM공법),철골(철골자재),1,1,100.0
