공종,작업명,단위작업명,기인물,재해형태,사고건수,단위작업명전체건수,비중(%),기인물 분류(VlookUp),구분(12대 기인물 = 중점관리대상),위험도 순위 (~12위),3년간 사고비중(19~21년)
4. 마감공사,4.8 판넬 등 외부마감 작업,4.8.2 판넬 등 외부마감 시공,"지붕(채광판,선라이트)",떨어짐,69,232,29.7,마감재,12대 기인물,3,7.1%
4. 마감공사,4.8 판넬 등 외부마감 작업,4.8.2 판넬 등 외부마감 시공,"지붕(처마,홈통)",떨어짐,54,232,23.3,마감재,12대 기인물,3,7.1%
4. 마감공사,4.8 판넬 등 외부마감 작업,4.8.2 판넬 등 외부마감 시공,고소작업대,떨어짐,13,232,5.6,고소작업대,12대 기인물,6,4.9%
4. 마감공사,4.8 판넬 등 외부마감 작업,4.8.2 판넬 등 외부마감 시공,사다리,떨어짐,11,232,4.7,사다리,12대 기인물,4,6.9%
4. 마감공사,4.8 판넬 등 외부마감 작업,4.8.2 판넬 등 외부마감 시공,천장(판넬 등 마감재),떨어짐,9,232,3.9,마감재,해당없음,해당없음,해당없음
4. 마감공사,4.8 판넬 등 외부마감 작업,4.8.2 판넬 등 외부마감 시공,철골(철골구조물),떨어짐,8,232,3.4,건설자재,12대 기인물,2,8.5%
4. 마감공사,4.8 판넬 등 외부마감 작업,4.8.2 판넬 등 외부마감 시공,외부마감재,떨어짐,8,232,3.4,마감재,해당없음,해당없음,해당없음
4. 마감공사,4.8 판넬 등 외부마감 작업,4.8.2 판넬 등 외부마감 시공,슬라브단부,떨어짐,7,232,3.0,슬라브단부,해당없음,해당없음,해당없음
4. 마감공사,4.8 판넬 등 외부마감 작업,4.8.2 판넬 등 외부마감 시공,이동식비계,떨어짐,7,232,3.0,이동식비계,12대 기인물,4,6.9%
4. 마감공사,4.8 판넬 등 외부마감 작업,4.8.2 판넬 등 외부마감 시공,개구부(바닥개구부),떨어짐,5,232,2.2,개구부,12대 기인물,1,9.0%
4. 마감공사,4.8 판넬 등 외부마감 작업,4.8.2 판넬 등 외부마감 시공,이동식크레인,떨어짐,5,232,2.2,건설기계,12대 기인물,12,2.3%
4. 마감공사,4.8 판넬 등 외부마감 작업,4.8.2 판넬 등 외부마감 시공,비계,떨어짐,4,232,1.7,비계,12대 기인물,4,6.9%
4. 마감공사,4.8 판넬 등 외부마감 작업,4.8.2 판넬 등 외부마감 시공,작업발판/가설계단,떨어짐,4,232,1.7,작업발판/가설계단,12대 기인물,4,6.9%
4. 마감공사,4.8 판넬 등 외부마감 작업,4.8.2 판넬 등 외부마감 시공,개구부(기타개구부),떨어짐,3,232,1.3,개구부,12대 기인물,1,9.0%
4. 마감공사,4.8 판넬 등 외부마감 작업,4.8.2 판넬 등 외부마감 시공,기타구조물,떨어짐,3,232,1.3,기타구조물,해당없음,해당없음,해당없음
4. 마감공사,4.8 판넬 등 외부마감 작업,4.8.2 판넬 등 외부마감 시공,"각재(파이프,강관,합판)",떨어짐,2,232,0.9,"각재(파이프,강관,합판)",해당없음,해당없음,해당없음
4. 마감공사,4.8 판넬 등 외부마감 작업,4.8.2 판넬 등 외부마감 시공,철골(철골자재),떨어짐,2,232,0.9,건설자재,12대 기인물,2,8.5%
4. 마감공사,4.8 판넬 등 외부마감 작업,4.8.2 판넬 등 외부마감 시공,"기타자재(내부마감재,시멘트,마대)",떨어짐,2,232,0.9,"기타자재(내부마감재,시멘트,마대)",해당없음,해당없음,해당없음
4. 마감공사,4.8 판넬 등 외부마감 작업,4.8.2 판넬 등 외부마감 시공,벽체,떨어짐,2,232,0.9,벽체,해당없음,해당없음,해당없음
4. 마감공사,4.8 판넬 등 외부마감 작업,4.8.2 판넬 등 외부마감 시공,달비계,떨어짐,2,232,0.9,비계,12대 기인물,8,3.7%
4. 마감공사,4.8 판넬 등 외부마감 작업,4.8.2 판넬 등 외부마감 시공,엘리베이터피트,떨어짐,2,232,0.9,엘리베이터피트,해당없음,해당없음,해당없음
4. 마감공사,4.8 판넬 등 외부마감 작업,4.8.2 판넬 등 외부마감 시공,굴착기,떨어짐,1,232,0.4,건설기계,12대 기인물,5,4.9%
4. 마감공사,4.8 판넬 등 외부마감 작업,4.8.2 판넬 등 외부마감 시공,"철근콘크리트자재(철근,콘크리트,PC)",떨어짐,1,232,0.4,건설자재,해당없음,해당없음,해당없음
4. 마감공사,4.8 판넬 등 외부마감 작업,4.8.2 판넬 등 외부마감 시공,고소작업대,끼임,1,232,0.4,고소작업대,12대 기인물,6,4.9%
4. 마감공사,4.8 판넬 등 외부마감 작업,4.8.2 판넬 등 외부마감 시공,기계설비,끼임,1,232,0.4,기계설비,해당없음,해당없음,해당없음
4. 마감공사,4.8 판넬 등 외부마감 작업,4.8.2 판넬 등 외부마감 시공,외부마감재,맞음,1,232,0.4,마감재,해당없음,해당없음,해당없음
4. 마감공사,4.8 판넬 등 외부마감 작업,4.8.2 판넬 등 외부마감 시공,외부마감재,부딪힘 접촉,1,232,0.4,마감재,해당없음,해당없음,해당없음
4. 마감공사,4.8 판넬 등 외부마감 작업,4.8.2 판넬 등 외부마감 시공,외부마감재,화재,1,232,0.4,마감재,해당없음,해당없음,해당없음
4. 마감공사,4.8 판넬 등 외부마감 작업,4.8.2 판넬 등 외부마감 시공,"지붕(처마,홈통)",원인미상,1,232,0.4,마감재,12대 기인물,3,7.1%
4. 마감공사,4.8 판넬 등 외부마감 작업,4.8.2 판넬 등 외부마감 시공,분류불능,감전,1,232,0.4,분류불능,해당없음,해당없음,해당없음
4. 마감공사,4.8 판넬 등 외부마감 작업,4.8.2 판넬 등 외부마감 시공,충전부,떨어짐,1,232,0.4,전기,해당없음,해당없음,해당없음
"5. 전기, 기계설비공사",5.2 기계설비 작업,5.2.2 기계설비 설치,기계설비,떨어짐,17,176,9.7,기계설비,해당없음,해당없음,해당없음
"5. 전기, 기계설비공사",5.2 기계설비 작업,5.2.2 기계설비 설치,사다리,떨어짐,17,176,9.7,사다리,12대 기인물,4,6.9%
"5. 전기, 기계설비공사",5.2 기계설비 작업,5.2.2 기계설비 설치,이동식비계,떨어짐,15,176,8.5,이동식비계,12대 기인물,4,6.9%
"5. 전기, 기계설비공사",5.2 기계설비 작업,5.2.2 기계설비 설치,개구부(바닥개구부),떨어짐,9,176,5.1,개구부,12대 기인물,1,9.0%
"5. 전기, 기계설비공사",5.2 기계설비 작업,5.2.2 기계설비 설치,"지붕(채광판,선라이트)",떨어짐,9,176,5.1,마감재,12대 기인물,3,7.1%
"5. 전기, 기계설비공사",5.2 기계설비 작업,5.2.2 기계설비 설치,고소작업대,떨어짐,8,176,4.5,고소작업대,12대 기인물,6,4.9%
"5. 전기, 기계설비공사",5.2 기계설비 작업,5.2.2 기계설비 설치,기계설비,끼임,8,176,4.5,기계설비,해당없음,해당없음,해당없음
"5. 전기, 기계설비공사",5.2 기계설비 작업,5.2.2 기계설비 설치,작업발판/가설계단,떨어짐,8,176,4.5,작업발판/가설계단,12대 기인물,4,6.9%
"5. 전기, 기계설비공사",5.2 기계설비 작업,5.2.2 기계설비 설치,고소작업대,끼임,6,176,3.4,고소작업대,12대 기인물,6,4.9%
"5. 전기, 기계설비공사",5.2 기계설비 작업,5.2.2 기계설비 설치,기타구조물,떨어짐,4,176,2.3,기타구조물,해당없음,해당없음,해당없음
"5. 전기, 기계설비공사",5.2 기계설비 작업,5.2.2 기계설비 설치,"지붕(처마,홈통)",떨어짐,4,176,2.3,마감재,12대 기인물,3,7.1%
"5. 전기, 기계설비공사",5.2 기계설비 작업,5.2.2 기계설비 설치,천장(판넬 등 마감재),떨어짐,4,176,2.3,마감재,해당없음,해당없음,해당없음
"5. 전기, 기계설비공사",5.2 기계설비 작업,5.2.2 기계설비 설치,배관,떨어짐,4,176,2.3,배관,해당없음,해당없음,해당없음
"5. 전기, 기계설비공사",5.2 기계설비 작업,5.2.2 기계설비 설치,개구부(기타개구부),떨어짐,3,176,1.7,개구부,12대 기인물,1,9.0%
"5. 전기, 기계설비공사",5.2 기계설비 작업,5.2.2 기계설비 설치,"기타자재(내부마감재,시멘트,마대)",떨어짐,3,176,1.7,"기타자재(내부마감재,시멘트,마대)",해당없음,해당없음,해당없음
"5. 전기, 기계설비공사",5.2 기계설비 작업,5.2.2 기계설비 설치,리프트,떨어짐,3,176,1.7,리프트,해당없음,해당없음,해당없음
"5. 전기, 기계설비공사",5.2 기계설비 작업,5.2.2 기계설비 설치,화학물질,유해위험물질 노출 접촉,3,176,1.7,화학물질,해당없음,해당없음,해당없음
"5. 전기, 기계설비공사",5.2 기계설비 작업,5.2.2 기계설비 설치,화학물질,폭발,3,176,1.7,화학물질,해당없음,해당없음,해당없음
"5. 전기, 기계설비공사",5.2 기계설비 작업,5.2.2 기계설비 설치,화학물질,화재,3,176,1.7,화학물질,해당없음,해당없음,해당없음
"5. 전기, 기계설비공사",5.2 기계설비 작업,5.2.2 기계설비 설치,이동식크레인,떨어짐,2,176,1.1,건설기계,12대 기인물,12,2.3%
"5. 전기, 기계설비공사",5.2 기계설비 작업,5.2.2 기계설비 설치,지게차,깔림 뒤집힘,2,176,1.1,건설기계,해당없음,해당없음,해당없음
"5. 전기, 기계설비공사",5.2 기계설비 작업,5.2.2 기계설비 설치,기계설비,맞음,2,176,1.1,기계설비,해당없음,해당없음,해당없음
"5. 전기, 기계설비공사",5.2 기계설비 작업,5.2.2 기계설비 설치,기타구조물,깔림 뒤집힘,2,176,1.1,기타구조물,해당없음,해당없음,해당없음
"5. 전기, 기계설비공사",5.2 기계설비 작업,5.2.2 기계설비 설치,배관,맞음,2,176,1.1,배관,해당없음,해당없음,해당없음
"5. 전기, 기계설비공사",5.2 기계설비 작업,5.2.2 기계설비 설치,달비계,떨어짐,2,176,1.1,비계,12대 기인물,8,3.7%
"5. 전기, 기계설비공사",5.2 기계설비 작업,5.2.2 기계설비 설치,충전부,감전,2,176,1.1,전기,해당없음,해당없음,해당없음
"5. 전기, 기계설비공사",5.2 기계설비 작업,5.2.2 기계설비 설치,화학물질,산소결핍 질식,2,176,1.1,화학물질,해당없음,해당없음,해당없음
"5. 전기, 기계설비공사",5.2 기계설비 작업,5.2.2 기계설비 설치,"각재(파이프,강관,합판)",떨어짐,1,176,0.6,"각재(파이프,강관,합판)",해당없음,해당없음,해당없음
"5. 전기, 기계설비공사",5.2 기계설비 작업,5.2.2 기계설비 설치,고정식크레인,부딪힘 접촉,1,176,0.6,건설기계,해당없음,해당없음,해당없음
"5. 전기, 기계설비공사",5.2 기계설비 작업,5.2.2 기계설비 설치,철골(철골구조물),끼임,1,176,0.6,건설자재,12대 기인물,2,8.5%
"5. 전기, 기계설비공사",5.2 기계설비 작업,5.2.2 기계설비 설치,철골(철골구조물),무너짐,1,176,0.6,건설자재,12대 기인물,2,8.5%
"5. 전기, 기계설비공사",5.2 기계설비 작업,5.2.2 기계설비 설치,철골(철골자재),떨어짐,1,176,0.6,건설자재,12대 기인물,2,8.5%
"5. 전기, 기계설비공사",5.2 기계설비 작업,5.2.2 기계설비 설치,계단,떨어짐,1,176,0.6,계단,해당없음,해당없음,해당없음
"5. 전기, 기계설비공사",5.2 기계설비 작업,5.2.2 기계설비 설치,고소작업대,깔림 뒤집힘,1,176,0.6,고소작업대,12대 기인물,6,4.9%
"5. 전기, 기계설비공사",5.2 기계설비 작업,5.2.2 기계설비 설치,기계설비,깔림 뒤집힘,1,176,0.6,기계설비,해당없음,해당없음,해당없음
"5. 전기, 기계설비공사",5.2 기계설비 작업,5.2.2 기계설비 설치,기계설비,무너짐,1,176,0.6,기계설비,해당없음,해당없음,해당없음
"5. 전기, 기계설비공사",5.2 기계설비 작업,5.2.2 기계설비 설치,기계설비,산소결핍 질식,1,176,0.6,기계설비,해당없음,해당없음,해당없음
"5. 전기, 기계설비공사",5.2 기계설비 작업,5.2.2 기계설비 설치,기타가설구조물,떨어짐,1,176,0.6,기타가설구조물,해당없음,해당없음,해당없음
"5. 전기, 기계설비공사",5.2 기계설비 작업,5.2.2 기계설비 설치,기타구조물,넘어짐,1,176,0.6,기타구조물,해당없음,해당없음,해당없음
"5. 전기, 기계설비공사",5.2 기계설비 작업,5.2.2 기계설비 설치,"기타자재(내부마감재,시멘트,마대)",깔림 뒤집힘,1,176,0.6,"기타자재(내부마감재,시멘트,마대)",해당없음,해당없음,해당없음
"5. 전기, 기계설비공사",5.2 기계설비 작업,5.2.2 기계설비 설치,"기타자재(내부마감재,시멘트,마대)",끼임,1,176,0.6,"기타자재(내부마감재,시멘트,마대)",해당없음,해당없음,해당없음
"5. 전기, 기계설비공사",5.2 기계설비 작업,5.2.2 기계설비 설치,"기타자재(내부마감재,시멘트,마대)",맞음,1,176,0.6,"기타자재(내부마감재,시멘트,마대)",해당없음,해당없음,해당없음
"5. 전기, 기계설비공사",5.2 기계설비 작업,5.2.2 기계설비 설치,리프트,끼임,1,176,0.6,리프트,해당없음,해당없음,해당없음
"5. 전기, 기계설비공사",5.2 기계설비 작업,5.2.2 기계설비 설치,말비계,떨어짐,1,176,0.6,말비계,12대 기인물,4,6.9%
"5. 전기, 기계설비공사",5.2 기계설비 작업,5.2.2 기계설비 설치,물,떨어짐,1,176,0.6,물,해당없음,해당없음,해당없음
"5. 전기, 기계설비공사",5.2 기계설비 작업,5.2.2 기계설비 설치,물,이상온도 노출 접촉,1,176,0.6,물,해당없음,해당없음,해당없음
"5. 전기, 기계설비공사",5.2 기계설비 작업,5.2.2 기계설비 설치,바닥(바닥에 걸려 넘어짐),넘어짐,1,176,0.6,바닥(바닥에 걸려 넘어짐),해당없음,해당없음,해당없음
"5. 전기, 기계설비공사",5.2 기계설비 작업,5.2.2 기계설비 설치,분류불능,유해위험물질 노출 접촉,1,176,0.6,분류불능,해당없음,해당없음,해당없음
"5. 전기, 기계설비공사",5.2 기계설비 작업,5.2.2 기계설비 설치,사다리,깔림 뒤집힘,1,176,0.6,사다리,12대 기인물,4,6.9%
"5. 전기, 기계설비공사",5.2 기계설비 작업,5.2.2 기계설비 설치,슬라브단부,떨어짐,1,176,0.6,슬라브단부,해당없음,해당없음,해당없음
"5. 전기, 기계설비공사",5.2 기계설비 작업,5.2.2 기계설비 설치,암석,깔림 뒤집힘,1,176,0.6,암석,해당없음,해당없음,해당없음
"5. 전기, 기계설비공사",5.2 기계설비 작업,5.2.2 기계설비 설치,엘리베이터피트,떨어짐,1,176,0.6,엘리베이터피트,해당없음,해당없음,해당없음
"5. 전기, 기계설비공사",5.2 기계설비 작업,5.2.2 기계설비 설치,원인미상,열사병,1,176,0.6,원인미상,해당없음,해당없음,해당없음
"5. 전기, 기계설비공사",5.2 기계설비 작업,5.2.2 기계설비 설치,용접(단)기,폭발,1,176,0.6,유해위험기계기구,해당없음,해당없음,해당없음
"5. 전기, 기계설비공사",5.2 기계설비 작업,5.2.2 기계설비 설치,절단기/톱,떨어짐,1,176,0.6,유해위험기계기구,해당없음,해당없음,해당없음
"5. 전기, 기계설비공사",5.2 기계설비 작업,5.2.2 기계설비 설치,화학물질,이상온도 노출 접촉,1,176,0.6,화학물질,해당없음,해당없음,해당없음
3. 철골공사,3.1 철골 작업,"3.1.2 철골 부재 인양, 조립",철골(철골구조물),떨어짐,58,129,45.0,건설자재,12대 기인물,2,8.5%
3. 철골공사,3.1 철골 작업,"3.1.2 철골 부재 인양, 조립",고소작업대,떨어짐,13,129,10.1,고소작업대,12대 기인물,6,4.9%
3. 철골공사,3.1 철골 작업,"3.1.2 철골 부재 인양, 조립",철골(철골자재),떨어짐,12,129,9.3,건설자재,12대 기인물,2,8.5%
3. 철골공사,3.1 철골 작업,"3.1.2 철골 부재 인양, 조립",개구부(기타개구부),떨어짐,4,129,3.1,개구부,12대 기인물,1,9.0%
3. 철골공사,3.1 철골 작업,"3.1.2 철골 부재 인양, 조립","지붕(처마,홈통)",떨어짐,4,129,3.1,마감재,12대 기인물,3,7.1%
3. 철골공사,3.1 철골 작업,"3.1.2 철골 부재 인양, 조립",사다리,떨어짐,4,129,3.1,사다리,12대 기인물,4,6.9%
3. 철골공사,3.1 철골 작업,"3.1.2 철골 부재 인양, 조립","각재(파이프,강관,합판)",떨어짐,3,129,2.3,"각재(파이프,강관,합판)",해당없음,해당없음,해당없음
3. 철골공사,3.1 철골 작업,"3.1.2 철골 부재 인양, 조립",철골(철골자재),맞음(낙하물체),3,129,2.3,건설자재,12대 기인물,2,8.5%
3. 철골공사,3.1 철골 작업,"3.1.2 철골 부재 인양, 조립",계단,떨어짐,3,129,2.3,계단,해당없음,해당없음,해당없음
3. 철골공사,3.1 철골 작업,"3.1.2 철골 부재 인양, 조립",이동식비계,떨어짐,3,129,2.3,이동식비계,12대 기인물,4,6.9%
3. 철골공사,3.1 철골 작업,"3.1.2 철골 부재 인양, 조립",개구부(바닥개구부),떨어짐,2,129,1.6,개구부,12대 기인물,1,9.0%
3. 철골공사,3.1 철골 작업,"3.1.2 철골 부재 인양, 조립",철골(철골자재),깔림 뒤집힘,2,129,1.6,건설자재,12대 기인물,2,8.5%
3. 철골공사,3.1 철골 작업,"3.1.2 철골 부재 인양, 조립",기타건설장비,맞음,1,129,0.8,건설기계,해당없음,해당없음,해당없음
3. 철골공사,3.1 철골 작업,"3.1.2 철골 부재 인양, 조립",이동식크레인,떨어짐,1,129,0.8,건설기계,12대 기인물,12,2.3%
3. 철골공사,3.1 철골 작업,"3.1.2 철골 부재 인양, 조립",이동식크레인,맞음(낙하물체),1,129,0.8,건설기계,12대 기인물,12,2.3%
3. 철골공사,3.1 철골 작업,"3.1.2 철골 부재 인양, 조립",철골(철골구조물),끼임,1,129,0.8,건설자재,12대 기인물,2,8.5%
3. 철골공사,3.1 철골 작업,"3.1.2 철골 부재 인양, 조립",철골(철골구조물),넘어짐,1,129,0.8,건설자재,12대 기인물,2,8.5%
3. 철골공사,3.1 철골 작업,"3.1.2 철골 부재 인양, 조립",철골(철골구조물),맞음(낙하물체),1,129,0.8,건설자재,12대 기인물,2,8.5%
3. 철골공사,3.1 철골 작업,"3.1.2 철골 부재 인양, 조립",철골(철골구조물),부딪힘 접촉,1,129,0.8,건설자재,12대 기인물,2,8.5%
3. 철골공사,3.1 철골 작업,"3.1.2 철골 부재 인양, 조립",철골(철골자재),끼임,1,129,0.8,건설자재,12대 기인물,2,8.5%
3. 철골공사,3.1 철골 작업,"3.1.2 철골 부재 인양, 조립",철골(철골자재),맞음,1,129,0.8,건설자재,12대 기인물,2,8.5%
3. 철골공사,3.1 철골 작업,"3.1.2 철골 부재 인양, 조립",고소작업대,끼임,1,129,0.8,고소작업대,12대 기인물,6,4.9%
3. 철골공사,3.1 철골 작업,"3.1.2 철골 부재 인양, 조립",고소작업대,절단 베임 찔림,1,129,0.8,고소작업대,12대 기인물,6,4.9%
3. 철골공사,3.1 철골 작업,"3.1.2 철골 부재 인양, 조립",외부마감재,화재,1,129,0.8,마감재,해당없음,해당없음,해당없음
3. 철골공사,3.1 철골 작업,"3.1.2 철골 부재 인양, 조립",천장(판넬 등 마감재),떨어짐,1,129,0.8,마감재,해당없음,해당없음,해당없음
3. 철골공사,3.1 철골 작업,"3.1.2 철골 부재 인양, 조립",바닥(바닥에 걸려 넘어짐),깔림 뒤집힘,1,129,0.8,바닥(바닥에 걸려 넘어짐),해당없음,해당없음,해당없음
3. 철골공사,3.1 철골 작업,"3.1.2 철골 부재 인양, 조립",벽체,떨어짐,1,129,0.8,벽체,해당없음,해당없음,해당없음
3. 철골공사,3.1 철골 작업,"3.1.2 철골 부재 인양, 조립",비계(일체형비계),떨어짐,1,129,0.8,비계,12대 기인물,4,6.9%
3. 철골공사,3.1 철골 작업,"3.1.2 철골 부재 인양, 조립",작업발판/가설계단,떨어짐,1,129,0.8,작업발판/가설계단,12대 기인물,4,6.9%
3. 철골공사,3.1 철골 작업,"3.1.2 철골 부재 인양, 조립",전주,떨어짐,1,129,0.8,전기,해당없음,해당없음,해당없음
12. 공통공사,"12.7 기타(작업환경, 청소 등)","12.7.1 기타(작업환경, 청소 등)",개구부(기타개구부),떨어짐,7,126,5.6,개구부,12대 기인물,1,9.0%
12. 공통공사,"12.7 기타(작업환경, 청소 등)","12.7.1 기타(작업환경, 청소 등)",슬라브단부,떨어짐,7,126,5.6,슬라브단부,해당없음,해당없음,해당없음
12. 공통공사,"12.7 기타(작업환경, 청소 등)","12.7.1 기타(작업환경, 청소 등)",교통수단,부딪힘 접촉,6,126,4.8,건설기계,해당없음,해당없음,해당없음
12. 공통공사,"12.7 기타(작업환경, 청소 등)","12.7.1 기타(작업환경, 청소 등)",분류불능,폭염,6,126,4.8,분류불능,해당없음,해당없음,해당없음
12. 공통공사,"12.7 기타(작업환경, 청소 등)","12.7.1 기타(작업환경, 청소 등)",사다리,떨어짐,6,126,4.8,사다리,12대 기인물,4,6.9%
12. 공통공사,"12.7 기타(작업환경, 청소 등)","12.7.1 기타(작업환경, 청소 등)",개구부(바닥개구부),떨어짐,5,126,4.0,개구부,12대 기인물,1,9.0%
12. 공통공사,"12.7 기타(작업환경, 청소 등)","12.7.1 기타(작업환경, 청소 등)",트럭,부딪힘 접촉,5,126,4.0,건설기계,12대 기인물,9,3.4%
12. 공통공사,"12.7 기타(작업환경, 청소 등)","12.7.1 기타(작업환경, 청소 등)",분류불능,떨어짐,5,126,4.0,분류불능,해당없음,해당없음,해당없음
12. 공통공사,"12.7 기타(작업환경, 청소 등)","12.7.1 기타(작업환경, 청소 등)",기계설비,끼임,4,126,3.2,기계설비,해당없음,해당없음,해당없음
12. 공통공사,"12.7 기타(작업환경, 청소 등)","12.7.1 기타(작업환경, 청소 등)",분류불능,원인미상,4,126,3.2,분류불능,해당없음,해당없음,해당없음
12. 공통공사,"12.7 기타(작업환경, 청소 등)","12.7.1 기타(작업환경, 청소 등)",충전부,감전,4,126,3.2,전기,해당없음,해당없음,해당없음
12. 공통공사,"12.7 기타(작업환경, 청소 등)","12.7.1 기타(작업환경, 청소 등)",화학물질,유해위험물질 노출 접촉,4,126,3.2,화학물질,해당없음,해당없음,해당없음
12. 공통공사,"12.7 기타(작업환경, 청소 등)","12.7.1 기타(작업환경, 청소 등)",트럭,떨어짐,3,126,2.4,건설기계,12대 기인물,9,3.4%
12. 공통공사,"12.7 기타(작업환경, 청소 등)","12.7.1 기타(작업환경, 청소 등)",기계설비,떨어짐,3,126,2.4,기계설비,해당없음,해당없음,해당없음
12. 공통공사,"12.7 기타(작업환경, 청소 등)","12.7.1 기타(작업환경, 청소 등)",기타구조물,떨어짐,3,126,2.4,기타구조물,해당없음,해당없음,해당없음
12. 공통공사,"12.7 기타(작업환경, 청소 등)","12.7.1 기타(작업환경, 청소 등)","기타자재(내부마감재,시멘트,마대)",떨어짐,3,126,2.4,"기타자재(내부마감재,시멘트,마대)",해당없음,해당없음,해당없음
12. 공통공사,"12.7 기타(작업환경, 청소 등)","12.7.1 기타(작업환경, 청소 등)",비계,떨어짐,3,126,2.4,비계,12대 기인물,4,6.9%
12. 공통공사,"12.7 기타(작업환경, 청소 등)","12.7.1 기타(작업환경, 청소 등)",화학물질,떨어짐,3,126,2.4,화학물질,해당없음,해당없음,해당없음
12. 공통공사,"12.7 기타(작업환경, 청소 등)","12.7.1 기타(작업환경, 청소 등)","기타자재(내부마감재,시멘트,마대)",맞음,2,126,1.6,"기타자재(내부마감재,시멘트,마대)",해당없음,해당없음,해당없음
12. 공통공사,"12.7 기타(작업환경, 청소 등)","12.7.1 기타(작업환경, 청소 등)","지붕(처마,홈통)",떨어짐,2,126,1.6,마감재,12대 기인물,3,7.1%
12. 공통공사,"12.7 기타(작업환경, 청소 등)","12.7.1 기타(작업환경, 청소 등)",물,익사,2,126,1.6,물,해당없음,해당없음,해당없음
12. 공통공사,"12.7 기타(작업환경, 청소 등)","12.7.1 기타(작업환경, 청소 등)",화학물질,폭발,2,126,1.6,화학물질,해당없음,해당없음,해당없음
12. 공통공사,"12.7 기타(작업환경, 청소 등)","12.7.1 기타(작업환경, 청소 등)","각재(파이프,강관,합판)",떨어짐,1,126,0.8,"각재(파이프,강관,합판)",해당없음,해당없음,해당없음
12. 공통공사,"12.7 기타(작업환경, 청소 등)","12.7.1 기타(작업환경, 청소 등)","각재(파이프,강관,합판)",맞음,1,126,0.8,"각재(파이프,강관,합판)",해당없음,해당없음,해당없음
12. 공통공사,"12.7 기타(작업환경, 청소 등)","12.7.1 기타(작업환경, 청소 등)",거푸집,깔림 뒤집힘,1,126,0.8,거푸집,12대 기인물,11,3.0%
12. 공통공사,"12.7 기타(작업환경, 청소 등)","12.7.1 기타(작업환경, 청소 등)",굴착기,깔림 뒤집힘,1,126,0.8,건설기계,12대 기인물,5,4.9%
12. 공통공사,"12.7 기타(작업환경, 청소 등)","12.7.1 기타(작업환경, 청소 등)",굴착기,부딪힘 접촉,1,126,0.8,건설기계,12대 기인물,5,4.9%
12. 공통공사,"12.7 기타(작업환경, 청소 등)","12.7.1 기타(작업환경, 청소 등)",굴착기,절단 베임 찔림,1,126,0.8,건설기계,12대 기인물,5,4.9%
12. 공통공사,"12.7 기타(작업환경, 청소 등)","12.7.1 기타(작업환경, 청소 등)",기타건설장비,깔림 뒤집힘,1,126,0.8,건설기계,해당없음,해당없음,해당없음
12. 공통공사,"12.7 기타(작업환경, 청소 등)","12.7.1 기타(작업환경, 청소 등)",기타건설장비,떨어짐,1,126,0.8,건설기계,해당없음,해당없음,해당없음
12. 공통공사,"12.7 기타(작업환경, 청소 등)","12.7.1 기타(작업환경, 청소 등)",기타건설장비,부딪힘 접촉,1,126,0.8,건설기계,해당없음,해당없음,해당없음
12. 공통공사,"12.7 기타(작업환경, 청소 등)","12.7.1 기타(작업환경, 청소 등)",지게차,끼임,1,126,0.8,건설기계,해당없음,해당없음,해당없음
12. 공통공사,"12.7 기타(작업환경, 청소 등)","12.7.1 기타(작업환경, 청소 등)",지게차,부딪힘 접촉,1,126,0.8,건설기계,해당없음,해당없음,해당없음
12. 공통공사,"12.7 기타(작업환경, 청소 등)","12.7.1 기타(작업환경, 청소 등)",트럭,깔림 뒤집힘,1,126,0.8,건설기계,12대 기인물,9,3.4%
12. 공통공사,"12.7 기타(작업환경, 청소 등)","12.7.1 기타(작업환경, 청소 등)",철골(철골구조물),떨어짐,1,126,0.8,건설자재,12대 기인물,2,8.5%
12. 공통공사,"12.7 기타(작업환경, 청소 등)","12.7.1 기타(작업환경, 청소 등)",철골(철골구조물),맞음,1,126,0.8,건설자재,12대 기인물,2,8.5%
12. 공통공사,"12.7 기타(작업환경, 청소 등)","12.7.1 기타(작업환경, 청소 등)","철근콘크리트자재(철근,콘크리트,PC)",맞음,1,126,0.8,건설자재,해당없음,해당없음,해당없음
12. 공통공사,"12.7 기타(작업환경, 청소 등)","12.7.1 기타(작업환경, 청소 등)",계단,떨어짐,1,126,0.8,계단,해당없음,해당없음,해당없음
12. 공통공사,"12.7 기타(작업환경, 청소 등)","12.7.1 기타(작업환경, 청소 등)",계단,부딪힘 접촉,1,126,0.8,계단,해당없음,해당없음,해당없음
12. 공통공사,"12.7 기타(작업환경, 청소 등)","12.7.1 기타(작업환경, 청소 등)",고소작업대,끼임,1,126,0.8,고소작업대,12대 기인물,6,4.9%
12. 공통공사,"12.7 기타(작업환경, 청소 등)","12.7.1 기타(작업환경, 청소 등)",고소작업대,떨어짐,1,126,0.8,고소작업대,12대 기인물,6,4.9%
12. 공통공사,"12.7 기타(작업환경, 청소 등)","12.7.1 기타(작업환경, 청소 등)",기계설비,폭발,1,126,0.8,기계설비,해당없음,해당없음,해당없음
12. 공통공사,"12.7 기타(작업환경, 청소 등)","12.7.1 기타(작업환경, 청소 등)",기타가설구조물,떨어짐,1,126,0.8,기타가설구조물,해당없음,해당없음,해당없음
12. 공통공사,"12.7 기타(작업환경, 청소 등)","12.7.1 기타(작업환경, 청소 등)","기타자재(내부마감재,시멘트,마대)",깔림 뒤집힘,1,126,0.8,"기타자재(내부마감재,시멘트,마대)",해당없음,해당없음,해당없음
12. 공통공사,"12.7 기타(작업환경, 청소 등)","12.7.1 기타(작업환경, 청소 등)","기타자재(내부마감재,시멘트,마대)",넘어짐,1,126,0.8,"기타자재(내부마감재,시멘트,마대)",해당없음,해당없음,해당없음
12. 공통공사,"12.7 기타(작업환경, 청소 등)","12.7.1 기타(작업환경, 청소 등)","기타자재(내부마감재,시멘트,마대)",무너짐,1,126,0.8,"기타자재(내부마감재,시멘트,마대)",해당없음,해당없음,해당없음
12. 공통공사,"12.7 기타(작업환경, 청소 등)","12.7.1 기타(작업환경, 청소 등)",배관,맞음,1,126,0.8,배관,해당없음,해당없음,해당없음
12. 공통공사,"12.7 기타(작업환경, 청소 등)","12.7.1 기타(작업환경, 청소 등)",분류불능,부딪힘 접촉,1,126,0.8,분류불능,해당없음,해당없음,해당없음
12. 공통공사,"12.7 기타(작업환경, 청소 등)","12.7.1 기타(작업환경, 청소 등)",분류불능,화재,1,126,0.8,분류불능,해당없음,해당없음,해당없음
12. 공통공사,"12.7 기타(작업환경, 청소 등)","12.7.1 기타(작업환경, 청소 등)",수목,맞음,1,126,0.8,수목,해당없음,해당없음,해당없음
12. 공통공사,"12.7 기타(작업환경, 청소 등)","12.7.1 기타(작업환경, 청소 등)",암석,넘어짐,1,126,0.8,암석,해당없음,해당없음,해당없음
12. 공통공사,"12.7 기타(작업환경, 청소 등)","12.7.1 기타(작업환경, 청소 등)",암석,맞음,1,126,0.8,암석,해당없음,해당없음,해당없음
12. 공통공사,"12.7 기타(작업환경, 청소 등)","12.7.1 기타(작업환경, 청소 등)",엘리베이터피트,떨어짐,1,126,0.8,엘리베이터피트,해당없음,해당없음,해당없음
12. 공통공사,"12.7 기타(작업환경, 청소 등)","12.7.1 기타(작업환경, 청소 등)",원인미상,폭염,1,126,0.8,원인미상,해당없음,해당없음,해당없음
12. 공통공사,"12.7 기타(작업환경, 청소 등)","12.7.1 기타(작업환경, 청소 등)",용접(단)기,화재,1,126,0.8,유해위험기계기구,해당없음,해당없음,해당없음
12. 공통공사,"12.7 기타(작업환경, 청소 등)","12.7.1 기타(작업환경, 청소 등)",작업발판/가설계단,떨어짐,1,126,0.8,작업발판/가설계단,12대 기인물,4,6.9%
12. 공통공사,"12.7 기타(작업환경, 청소 등)","12.7.1 기타(작업환경, 청소 등)",충전부,화재,1,126,0.8,전기,해당없음,해당없음,해당없음
12. 공통공사,"12.7 기타(작업환경, 청소 등)","12.7.1 기타(작업환경, 청소 등)",화학물질,화재,1,126,0.8,화학물질,해당없음,해당없음,해당없음
12. 공통공사,"12.7 기타(작업환경, 청소 등)","12.7.1 기타(작업환경, 청소 등)",흙막이가시설,떨어짐,1,126,0.8,흙막이가시설,해당없음,해당없음,해당없음
12. 공통공사,"12.1 철거, 해체",12.1.1 철거 및 해체,"지붕(처마,홈통)",떨어짐,19,124,15.3,마감재,12대 기인물,3,7.1%
12. 공통공사,"12.1 철거, 해체",12.1.1 철거 및 해체,벽체,깔림 뒤집힘,16,124,12.9,벽체,해당없음,해당없음,해당없음
12. 공통공사,"12.1 철거, 해체",12.1.1 철거 및 해체,슬라브단부,떨어짐,9,124,7.3,슬라브단부,해당없음,해당없음,해당없음
12. 공통공사,"12.1 철거, 해체",12.1.1 철거 및 해체,철골(철골구조물),떨어짐,7,124,5.6,건설자재,12대 기인물,2,8.5%
12. 공통공사,"12.1 철거, 해체",12.1.1 철거 및 해체,"지붕(채광판,선라이트)",떨어짐,5,124,4.0,마감재,12대 기인물,3,7.1%
12. 공통공사,"12.1 철거, 해체",12.1.1 철거 및 해체,개구부(기타개구부),떨어짐,4,124,3.2,개구부,12대 기인물,1,9.0%
12. 공통공사,"12.1 철거, 해체",12.1.1 철거 및 해체,기타구조물,맞음,4,124,3.2,기타구조물,해당없음,해당없음,해당없음
12. 공통공사,"12.1 철거, 해체",12.1.1 철거 및 해체,"기타자재(내부마감재,시멘트,마대)",깔림 뒤집힘,4,124,3.2,"기타자재(내부마감재,시멘트,마대)",해당없음,해당없음,해당없음
12. 공통공사,"12.1 철거, 해체",12.1.1 철거 및 해체,천장(판넬 등 마감재),떨어짐,4,124,3.2,마감재,해당없음,해당없음,해당없음
12. 공통공사,"12.1 철거, 해체",12.1.1 철거 및 해체,굴착기,떨어짐,3,124,2.4,건설기계,12대 기인물,5,4.9%
12. 공통공사,"12.1 철거, 해체",12.1.1 철거 및 해체,기타구조물,깔림 뒤집힘,3,124,2.4,기타구조물,해당없음,해당없음,해당없음
12. 공통공사,"12.1 철거, 해체",12.1.1 철거 및 해체,외부마감재,떨어짐,3,124,2.4,마감재,해당없음,해당없음,해당없음
12. 공통공사,"12.1 철거, 해체",12.1.1 철거 및 해체,굴착기,깔림 뒤집힘,2,124,1.6,건설기계,12대 기인물,5,4.9%
12. 공통공사,"12.1 철거, 해체",12.1.1 철거 및 해체,굴착기,끼임,2,124,1.6,건설기계,12대 기인물,5,4.9%
12. 공통공사,"12.1 철거, 해체",12.1.1 철거 및 해체,기계설비,깔림 뒤집힘,2,124,1.6,기계설비,해당없음,해당없음,해당없음
12. 공통공사,"12.1 철거, 해체",12.1.1 철거 및 해체,기타구조물,떨어짐,2,124,1.6,기타구조물,해당없음,해당없음,해당없음
12. 공통공사,"12.1 철거, 해체",12.1.1 철거 및 해체,"기타자재(내부마감재,시멘트,마대)",맞음,2,124,1.6,"기타자재(내부마감재,시멘트,마대)",해당없음,해당없음,해당없음
12. 공통공사,"12.1 철거, 해체",12.1.1 철거 및 해체,배관,맞음,2,124,1.6,배관,해당없음,해당없음,해당없음
12. 공통공사,"12.1 철거, 해체",12.1.1 철거 및 해체,슬라브단부,깔림 뒤집힘,2,124,1.6,슬라브단부,해당없음,해당없음,해당없음
12. 공통공사,"12.1 철거, 해체",12.1.1 철거 및 해체,화학물질,폭발,2,124,1.6,화학물질,해당없음,해당없음,해당없음
12. 공통공사,"12.1 철거, 해체",12.1.1 철거 및 해체,"각재(파이프,강관,합판)",깔림 뒤집힘,1,124,0.8,"각재(파이프,강관,합판)",해당없음,해당없음,해당없음
12. 공통공사,"12.1 철거, 해체",12.1.1 철거 및 해체,개구부(바닥개구부),떨어짐,1,124,0.8,개구부,12대 기인물,1,9.0%
12. 공통공사,"12.1 철거, 해체",12.1.1 철거 및 해체,고정식크레인,떨어짐,1,124,0.8,건설기계,해당없음,해당없음,해당없음
12. 공통공사,"12.1 철거, 해체",12.1.1 철거 및 해체,굴착기,맞음,1,124,0.8,건설기계,12대 기인물,5,4.9%
12. 공통공사,"12.1 철거, 해체",12.1.1 철거 및 해체,굴착기,부딪힘 접촉,1,124,0.8,건설기계,12대 기인물,5,4.9%
12. 공통공사,"12.1 철거, 해체",12.1.1 철거 및 해체,이동식크레인,깔림 뒤집힘,1,124,0.8,건설기계,12대 기인물,12,2.3%
12. 공통공사,"12.1 철거, 해체",12.1.1 철거 및 해체,이동식크레인,떨어짐,1,124,0.8,건설기계,12대 기인물,12,2.3%
12. 공통공사,"12.1 철거, 해체",12.1.1 철거 및 해체,이동식크레인,맞음(낙하물체),1,124,0.8,건설기계,12대 기인물,12,2.3%
12. 공통공사,"12.1 철거, 해체",12.1.1 철거 및 해체,철골(철골구조물),깔림 뒤집힘,1,124,0.8,건설자재,12대 기인물,2,8.5%
12. 공통공사,"12.1 철거, 해체",12.1.1 철거 및 해체,"철근콘크리트자재(철근,콘크리트,PC)",떨어짐,1,124,0.8,건설자재,해당없음,해당없음,해당없음
12. 공통공사,"12.1 철거, 해체",12.1.1 철거 및 해체,고소작업대,끼임,1,124,0.8,고소작업대,12대 기인물,6,4.9%
12. 공통공사,"12.1 철거, 해체",12.1.1 철거 및 해체,고소작업대,떨어짐,1,124,0.8,고소작업대,12대 기인물,6,4.9%
12. 공통공사,"12.1 철거, 해체",12.1.1 철거 및 해체,기계설비,끼임,1,124,0.8,기계설비,해당없음,해당없음,해당없음
12. 공통공사,"12.1 철거, 해체",12.1.1 철거 및 해체,기계설비,맞음,1,124,0.8,기계설비,해당없음,해당없음,해당없음
12. 공통공사,"12.1 철거, 해체",12.1.1 철거 및 해체,"기타자재(내부마감재,시멘트,마대)",떨어짐,1,124,0.8,"기타자재(내부마감재,시멘트,마대)",해당없음,해당없음,해당없음
12. 공통공사,"12.1 철거, 해체",12.1.1 철거 및 해체,"기타자재(내부마감재,시멘트,마대)",화재,1,124,0.8,"기타자재(내부마감재,시멘트,마대)",해당없음,해당없음,해당없음
12. 공통공사,"12.1 철거, 해체",12.1.1 철거 및 해체,"지붕(처마,홈통)",끼임,1,124,0.8,마감재,12대 기인물,3,7.1%
12. 공통공사,"12.1 철거, 해체",12.1.1 철거 및 해체,바닥(바닥에 걸려 넘어짐),떨어짐,1,124,0.8,바닥(바닥에 걸려 넘어짐),해당없음,해당없음,해당없음
12. 공통공사,"12.1 철거, 해체",12.1.1 철거 및 해체,배관,깔림 뒤집힘,1,124,0.8,배관,해당없음,해당없음,해당없음
12. 공통공사,"12.1 철거, 해체",12.1.1 철거 및 해체,비계,떨어짐,1,124,0.8,비계,12대 기인물,4,6.9%
12. 공통공사,"12.1 철거, 해체",12.1.1 철거 및 해체,사다리,떨어짐,1,124,0.8,사다리,12대 기인물,4,6.9%
12. 공통공사,"12.1 철거, 해체",12.1.1 철거 및 해체,이동식비계,떨어짐,1,124,0.8,이동식비계,12대 기인물,4,6.9%
12. 공통공사,"12.1 철거, 해체",12.1.1 철거 및 해체,작업발판/가설계단,떨어짐,1,124,0.8,작업발판/가설계단,12대 기인물,4,6.9%
12. 공통공사,"12.1 철거, 해체",12.1.1 철거 및 해체,전주,떨어짐,1,124,0.8,전기,해당없음,해당없음,해당없음
12. 공통공사,"12.1 철거, 해체",12.1.1 철거 및 해체,전주,맞음,1,124,0.8,전기,해당없음,해당없음,해당없음
12. 공통공사,"12.1 철거, 해체",12.1.1 철거 및 해체,충전부,감전,1,124,0.8,전기,해당없음,해당없음,해당없음
12. 공통공사,"12.1 철거, 해체",12.1.1 철거 및 해체,충전부,떨어짐,1,124,0.8,전기,해당없음,해당없음,해당없음
4. 마감공사,4.4 도장작업,4.4.3 실외 도장,달비계,떨어짐,51,88,58.0,비계,12대 기인물,8,3.7%
4. 마감공사,4.4 도장작업,4.4.3 실외 도장,고소작업대,떨어짐,11,88,12.5,고소작업대,12대 기인물,6,4.9%
4. 마감공사,4.4 도장작업,4.4.3 실외 도장,"지붕(처마,홈통)",떨어짐,6,88,6.8,마감재,12대 기인물,3,7.1%
4. 마감공사,4.4 도장작업,4.4.3 실외 도장,사다리,떨어짐,4,88,4.5,사다리,12대 기인물,4,6.9%
4. 마감공사,4.4 도장작업,4.4.3 실외 도장,슬라브단부,떨어짐,3,88,3.4,슬라브단부,해당없음,해당없음,해당없음
4. 마감공사,4.4 도장작업,4.4.3 실외 도장,이동식비계,떨어짐,3,88,3.4,이동식비계,12대 기인물,4,6.9%
4. 마감공사,4.4 도장작업,4.4.3 실외 도장,기타구조물,떨어짐,2,88,2.3,기타구조물,해당없음,해당없음,해당없음
4. 마감공사,4.4 도장작업,4.4.3 실외 도장,작업발판/가설계단,떨어짐,2,88,2.3,작업발판/가설계단,12대 기인물,4,6.9%
4. 마감공사,4.4 도장작업,4.4.3 실외 도장,개구부(기타개구부),떨어짐,1,88,1.1,개구부,12대 기인물,1,9.0%
4. 마감공사,4.4 도장작업,4.4.3 실외 도장,개구부(바닥개구부),떨어짐,1,88,1.1,개구부,12대 기인물,1,9.0%
4. 마감공사,4.4 도장작업,4.4.3 실외 도장,이동식크레인,떨어짐,1,88,1.1,건설기계,12대 기인물,12,2.3%
4. 마감공사,4.4 도장작업,4.4.3 실외 도장,철골(철골구조물),떨어짐,1,88,1.1,건설자재,12대 기인물,2,8.5%
4. 마감공사,4.4 도장작업,4.4.3 실외 도장,바닥(바닥에 걸려 넘어짐),떨어짐,1,88,1.1,바닥(바닥에 걸려 넘어짐),해당없음,해당없음,해당없음
4. 마감공사,4.4 도장작업,4.4.3 실외 도장,비계,떨어짐,1,88,1.1,비계,12대 기인물,4,6.9%
2. 철근콘크리트공사,2.1 거푸집 작업,2.1.2 거푸집 동바리 조립,거푸집,떨어짐,16,76,21.1,거푸집,12대 기인물,11,3.0%
2. 철근콘크리트공사,2.1 거푸집 작업,2.1.2 거푸집 동바리 조립,슬라브단부,떨어짐,9,76,11.8,슬라브단부,해당없음,해당없음,해당없음
2. 철근콘크리트공사,2.1 거푸집 작업,2.1.2 거푸집 동바리 조립,비계,떨어짐,8,76,10.5,비계,12대 기인물,4,6.9%
2. 철근콘크리트공사,2.1 거푸집 작업,2.1.2 거푸집 동바리 조립,거푸집,깔림 뒤집힘,7,76,9.2,거푸집,12대 기인물,11,3.0%
2. 철근콘크리트공사,2.1 거푸집 작업,2.1.2 거푸집 동바리 조립,작업발판/가설계단,떨어짐,6,76,7.9,작업발판/가설계단,12대 기인물,4,6.9%
2. 철근콘크리트공사,2.1 거푸집 작업,2.1.2 거푸집 동바리 조립,개구부(기타개구부),떨어짐,5,76,6.6,개구부,12대 기인물,1,9.0%
2. 철근콘크리트공사,2.1 거푸집 작업,2.1.2 거푸집 동바리 조립,동바리,떨어짐,5,76,6.6,동바리,12대 기인물,11,3.0%
2. 철근콘크리트공사,2.1 거푸집 작업,2.1.2 거푸집 동바리 조립,개구부(바닥개구부),떨어짐,3,76,3.9,개구부,12대 기인물,1,9.0%
2. 철근콘크리트공사,2.1 거푸집 작업,2.1.2 거푸집 동바리 조립,"기타자재(내부마감재,시멘트,마대)",떨어짐,2,76,2.6,"기타자재(내부마감재,시멘트,마대)",해당없음,해당없음,해당없음
2. 철근콘크리트공사,2.1 거푸집 작업,2.1.2 거푸집 동바리 조립,분류불능,원인미상,2,76,2.6,분류불능,해당없음,해당없음,해당없음
2. 철근콘크리트공사,2.1 거푸집 작업,2.1.2 거푸집 동바리 조립,엘리베이터피트,떨어짐,2,76,2.6,엘리베이터피트,해당없음,해당없음,해당없음
2. 철근콘크리트공사,2.1 거푸집 작업,2.1.2 거푸집 동바리 조립,거푸집,맞음,1,76,1.3,거푸집,12대 기인물,11,3.0%
2. 철근콘크리트공사,2.1 거푸집 작업,2.1.2 거푸집 동바리 조립,이동식크레인,떨어짐,1,76,1.3,건설기계,12대 기인물,12,2.3%
2. 철근콘크리트공사,2.1 거푸집 작업,2.1.2 거푸집 동바리 조립,철골(철골구조물),떨어짐,1,76,1.3,건설자재,12대 기인물,2,8.5%
2. 철근콘크리트공사,2.1 거푸집 작업,2.1.2 거푸집 동바리 조립,계단,떨어짐,1,76,1.3,계단,해당없음,해당없음,해당없음
2. 철근콘크리트공사,2.1 거푸집 작업,2.1.2 거푸집 동바리 조립,동바리,맞음,1,76,1.3,동바리,12대 기인물,11,3.0%
2. 철근콘크리트공사,2.1 거푸집 작업,2.1.2 거푸집 동바리 조립,리프트,끼임,1,76,1.3,리프트,해당없음,해당없음,해당없음
2. 철근콘크리트공사,2.1 거푸집 작업,2.1.2 거푸집 동바리 조립,바닥(바닥에 걸려 넘어짐),넘어짐,1,76,1.3,바닥(바닥에 걸려 넘어짐),해당없음,해당없음,해당없음
2. 철근콘크리트공사,2.1 거푸집 작업,2.1.2 거푸집 동바리 조립,비계(일체형비계),떨어짐,1,76,1.3,비계,12대 기인물,4,6.9%
2. 철근콘크리트공사,2.1 거푸집 작업,2.1.2 거푸집 동바리 조립,사다리,떨어짐,1,76,1.3,사다리,12대 기인물,4,6.9%
2. 철근콘크리트공사,2.1 거푸집 작업,2.1.2 거푸집 동바리 조립,화학물질,화재,1,76,1.3,화학물질,해당없음,해당없음,해당없음
2. 철근콘크리트공사,2.1 거푸집 작업,2.1.2 거푸집 동바리 조립,흙막이가시설,떨어짐,1,76,1.3,흙막이가시설,해당없음,해당없음,해당없음
11. 기타 토목공사,11.4 맨홀 및 관부설작업,11.4.2 맨홀 및 관 부설,토사,무너짐,21,73,28.8,토사,해당없음,해당없음,해당없음
11. 기타 토목공사,11.4 맨홀 및 관부설작업,11.4.2 맨홀 및 관 부설,굴착기,부딪힘 접촉,11,73,15.1,건설기계,12대 기인물,5,4.9%
11. 기타 토목공사,11.4 맨홀 및 관부설작업,11.4.2 맨홀 및 관 부설,트럭,깔림 뒤집힘,5,73,6.8,건설기계,12대 기인물,9,3.4%
11. 기타 토목공사,11.4 맨홀 및 관부설작업,11.4.2 맨홀 및 관 부설,굴착기,맞음(낙하물체),3,73,4.1,건설기계,12대 기인물,5,4.9%
11. 기타 토목공사,11.4 맨홀 및 관부설작업,11.4.2 맨홀 및 관 부설,배관,부딪힘 접촉,3,73,4.1,배관,해당없음,해당없음,해당없음
11. 기타 토목공사,11.4 맨홀 및 관부설작업,11.4.2 맨홀 및 관 부설,굴착기,깔림 뒤집힘,2,73,2.7,건설기계,12대 기인물,5,4.9%
11. 기타 토목공사,11.4 맨홀 및 관부설작업,11.4.2 맨홀 및 관 부설,"철근콘크리트자재(철근,콘크리트,PC)",깔림 뒤집힘,2,73,2.7,건설자재,해당없음,해당없음,해당없음
11. 기타 토목공사,11.4 맨홀 및 관부설작업,11.4.2 맨홀 및 관 부설,"기타자재(내부마감재,시멘트,마대)",맞음,2,73,2.7,"기타자재(내부마감재,시멘트,마대)",해당없음,해당없음,해당없음
11. 기타 토목공사,11.4 맨홀 및 관부설작업,11.4.2 맨홀 및 관 부설,물,익사,2,73,2.7,물,해당없음,해당없음,해당없음
11. 기타 토목공사,11.4 맨홀 및 관부설작업,11.4.2 맨홀 및 관 부설,화학물질,떨어짐,2,73,2.7,화학물질,해당없음,해당없음,해당없음
11. 기타 토목공사,11.4 맨홀 및 관부설작업,11.4.2 맨홀 및 관 부설,화학물질,유해위험물질 노출 접촉,2,73,2.7,화학물질,해당없음,해당없음,해당없음
11. 기타 토목공사,11.4 맨홀 및 관부설작업,11.4.2 맨홀 및 관 부설,"각재(파이프,강관,합판)",맞음,1,73,1.4,"각재(파이프,강관,합판)",해당없음,해당없음,해당없음
11. 기타 토목공사,11.4 맨홀 및 관부설작업,11.4.2 맨홀 및 관 부설,교통수단,부딪힘 접촉,1,73,1.4,건설기계,해당없음,해당없음,해당없음
11. 기타 토목공사,11.4 맨홀 및 관부설작업,11.4.2 맨홀 및 관 부설,굴착기,끼임,1,73,1.4,건설기계,12대 기인물,5,4.9%
11. 기타 토목공사,11.4 맨홀 및 관부설작업,11.4.2 맨홀 및 관 부설,트럭,떨어짐,1,73,1.4,건설기계,12대 기인물,9,3.4%
11. 기타 토목공사,11.4 맨홀 및 관부설작업,11.4.2 맨홀 및 관 부설,기타구조물,깔림 뒤집힘,1,73,1.4,기타구조물,해당없음,해당없음,해당없음
11. 기타 토목공사,11.4 맨홀 및 관부설작업,11.4.2 맨홀 및 관 부설,기타구조물,떨어짐,1,73,1.4,기타구조물,해당없음,해당없음,해당없음
11. 기타 토목공사,11.4 맨홀 및 관부설작업,11.4.2 맨홀 및 관 부설,기타구조물,부딪힘 접촉,1,73,1.4,기타구조물,해당없음,해당없음,해당없음
11. 기타 토목공사,11.4 맨홀 및 관부설작업,11.4.2 맨홀 및 관 부설,물,떨어짐,1,73,1.4,물,해당없음,해당없음,해당없음
11. 기타 토목공사,11.4 맨홀 및 관부설작업,11.4.2 맨홀 및 관 부설,물,폭발,1,73,1.4,물,해당없음,해당없음,해당없음
11. 기타 토목공사,11.4 맨홀 및 관부설작업,11.4.2 맨홀 및 관 부설,바닥(바닥에 걸려 넘어짐),떨어짐,1,73,1.4,바닥(바닥에 걸려 넘어짐),해당없음,해당없음,해당없음
11. 기타 토목공사,11.4 맨홀 및 관부설작업,11.4.2 맨홀 및 관 부설,배관,절단 베임 찔림,1,73,1.4,배관,해당없음,해당없음,해당없음
11. 기타 토목공사,11.4 맨홀 및 관부설작업,11.4.2 맨홀 및 관 부설,배관,폭발,1,73,1.4,배관,해당없음,해당없음,해당없음
11. 기타 토목공사,11.4 맨홀 및 관부설작업,11.4.2 맨홀 및 관 부설,암석,떨어짐,1,73,1.4,암석,해당없음,해당없음,해당없음
11. 기타 토목공사,11.4 맨홀 및 관부설작업,11.4.2 맨홀 및 관 부설,암석,무너짐,1,73,1.4,암석,해당없음,해당없음,해당없음
11. 기타 토목공사,11.4 맨홀 및 관부설작업,11.4.2 맨홀 및 관 부설,절단기/톱,맞음,1,73,1.4,유해위험기계기구,해당없음,해당없음,해당없음
11. 기타 토목공사,11.4 맨홀 및 관부설작업,11.4.2 맨홀 및 관 부설,절단기/톱,절단 베임 찔림,1,73,1.4,유해위험기계기구,해당없음,해당없음,해당없음
11. 기타 토목공사,11.4 맨홀 및 관부설작업,11.4.2 맨홀 및 관 부설,화학물질,산소결핍 질식,1,73,1.4,화학물질,해당없음,해당없음,해당없음
11. 기타 토목공사,11.4 맨홀 및 관부설작업,11.4.2 맨홀 및 관 부설,흙막이가시설,떨어짐,1,73,1.4,흙막이가시설,해당없음,해당없음,해당없음
12. 공통공사,12.2 안전가시설 작업,12.2.3 안전가시설(비계),비계,떨어짐,43,71,60.6,비계,12대 기인물,4,6.9%
12. 공통공사,12.2 안전가시설 작업,12.2.3 안전가시설(비계),충전부,떨어짐,6,71,8.5,전기,해당없음,해당없음,해당없음
12. 공통공사,12.2 안전가시설 작업,12.2.3 안전가시설(비계),작업발판/가설계단,떨어짐,4,71,5.6,작업발판/가설계단,12대 기인물,4,6.9%
12. 공통공사,12.2 안전가시설 작업,12.2.3 안전가시설(비계),"각재(파이프,강관,합판)",떨어짐,3,71,4.2,"각재(파이프,강관,합판)",해당없음,해당없음,해당없음
12. 공통공사,12.2 안전가시설 작업,12.2.3 안전가시설(비계),"각재(파이프,강관,합판)",맞음,3,71,4.2,"각재(파이프,강관,합판)",해당없음,해당없음,해당없음
12. 공통공사,12.2 안전가시설 작업,12.2.3 안전가시설(비계),개구부(기타개구부),떨어짐,3,71,4.2,개구부,12대 기인물,1,9.0%
12. 공통공사,12.2 안전가시설 작업,12.2.3 안전가시설(비계),이동식크레인,맞음(낙하물체),3,71,4.2,건설기계,12대 기인물,12,2.3%
12. 공통공사,12.2 안전가시설 작업,12.2.3 안전가시설(비계),거푸집,끼임,1,71,1.4,거푸집,12대 기인물,11,3.0%
12. 공통공사,12.2 안전가시설 작업,12.2.3 안전가시설(비계),이동식크레인,끼임,1,71,1.4,건설기계,12대 기인물,12,2.3%
12. 공통공사,12.2 안전가시설 작업,12.2.3 안전가시설(비계),지게차,끼임,1,71,1.4,건설기계,해당없음,해당없음,해당없음
12. 공통공사,12.2 안전가시설 작업,12.2.3 안전가시설(비계),비계,절단 베임 찔림,1,71,1.4,비계,12대 기인물,4,6.9%
12. 공통공사,12.2 안전가시설 작업,12.2.3 안전가시설(비계),슬라브단부,떨어짐,1,71,1.4,슬라브단부,해당없음,해당없음,해당없음
12. 공통공사,12.2 안전가시설 작업,12.2.3 안전가시설(비계),작업발판/가설계단,부딪힘 접촉,1,71,1.4,작업발판/가설계단,12대 기인물,4,6.9%
4. 마감공사,"4.1 조적, 미장 및 견출작업",4.1.3 미장 및 견출 시공,말비계,떨어짐,9,68,13.2,말비계,12대 기인물,4,6.9%
4. 마감공사,"4.1 조적, 미장 및 견출작업",4.1.3 미장 및 견출 시공,비계,떨어짐,7,68,10.3,비계,12대 기인물,4,6.9%
4. 마감공사,"4.1 조적, 미장 및 견출작업",4.1.3 미장 및 견출 시공,작업발판/가설계단,떨어짐,7,68,10.3,작업발판/가설계단,12대 기인물,4,6.9%
4. 마감공사,"4.1 조적, 미장 및 견출작업",4.1.3 미장 및 견출 시공,이동식비계,떨어짐,6,68,8.8,이동식비계,12대 기인물,4,6.9%
4. 마감공사,"4.1 조적, 미장 및 견출작업",4.1.3 미장 및 견출 시공,슬라브단부,떨어짐,5,68,7.4,슬라브단부,해당없음,해당없음,해당없음
4. 마감공사,"4.1 조적, 미장 및 견출작업",4.1.3 미장 및 견출 시공,고소작업대,끼임,4,68,5.9,고소작업대,12대 기인물,6,4.9%
4. 마감공사,"4.1 조적, 미장 및 견출작업",4.1.3 미장 및 견출 시공,개구부(바닥개구부),떨어짐,3,68,4.4,개구부,12대 기인물,1,9.0%
4. 마감공사,"4.1 조적, 미장 및 견출작업",4.1.3 미장 및 견출 시공,사다리,떨어짐,3,68,4.4,사다리,12대 기인물,4,6.9%
4. 마감공사,"4.1 조적, 미장 및 견출작업",4.1.3 미장 및 견출 시공,계단,떨어짐,2,68,2.9,계단,해당없음,해당없음,해당없음
4. 마감공사,"4.1 조적, 미장 및 견출작업",4.1.3 미장 및 견출 시공,기타구조물,떨어짐,2,68,2.9,기타구조물,해당없음,해당없음,해당없음
4. 마감공사,"4.1 조적, 미장 및 견출작업",4.1.3 미장 및 견출 시공,벽체,떨어짐,2,68,2.9,벽체,해당없음,해당없음,해당없음
4. 마감공사,"4.1 조적, 미장 및 견출작업",4.1.3 미장 및 견출 시공,"각재(파이프,강관,합판)",맞음(낙하물체),1,68,1.5,"각재(파이프,강관,합판)",해당없음,해당없음,해당없음
4. 마감공사,"4.1 조적, 미장 및 견출작업",4.1.3 미장 및 견출 시공,개구부(기타개구부),떨어짐,1,68,1.5,개구부,12대 기인물,1,9.0%
4. 마감공사,"4.1 조적, 미장 및 견출작업",4.1.3 미장 및 견출 시공,거푸집,떨어짐,1,68,1.5,거푸집,12대 기인물,11,3.0%
4. 마감공사,"4.1 조적, 미장 및 견출작업",4.1.3 미장 및 견출 시공,기타건설장비,떨어짐,1,68,1.5,건설기계,해당없음,해당없음,해당없음
4. 마감공사,"4.1 조적, 미장 및 견출작업",4.1.3 미장 및 견출 시공,"철근콘크리트자재(철근,콘크리트,PC)",떨어짐,1,68,1.5,건설자재,해당없음,해당없음,해당없음
4. 마감공사,"4.1 조적, 미장 및 견출작업",4.1.3 미장 및 견출 시공,"철근콘크리트자재(철근,콘크리트,PC)",맞음,1,68,1.5,건설자재,해당없음,해당없음,해당없음
4. 마감공사,"4.1 조적, 미장 및 견출작업",4.1.3 미장 및 견출 시공,계단,넘어짐,1,68,1.5,계단,해당없음,해당없음,해당없음
4. 마감공사,"4.1 조적, 미장 및 견출작업",4.1.3 미장 및 견출 시공,고소작업대,깔림 뒤집힘,1,68,1.5,고소작업대,12대 기인물,6,4.9%
4. 마감공사,"4.1 조적, 미장 및 견출작업",4.1.3 미장 및 견출 시공,기타건설기계기구,맞음,1,68,1.5,기타건설기계기구,해당없음,해당없음,해당없음
4. 마감공사,"4.1 조적, 미장 및 견출작업",4.1.3 미장 및 견출 시공,"기타자재(내부마감재,시멘트,마대)",떨어짐,1,68,1.5,"기타자재(내부마감재,시멘트,마대)",해당없음,해당없음,해당없음
4. 마감공사,"4.1 조적, 미장 및 견출작업",4.1.3 미장 및 견출 시공,리프트,끼임,1,68,1.5,리프트,해당없음,해당없음,해당없음
4. 마감공사,"4.1 조적, 미장 및 견출작업",4.1.3 미장 및 견출 시공,리프트,떨어짐,1,68,1.5,리프트,해당없음,해당없음,해당없음
4. 마감공사,"4.1 조적, 미장 및 견출작업",4.1.3 미장 및 견출 시공,"지붕(처마,홈통)",끼임,1,68,1.5,마감재,12대 기인물,3,7.1%
4. 마감공사,"4.1 조적, 미장 및 견출작업",4.1.3 미장 및 견출 시공,물,익사,1,68,1.5,물,해당없음,해당없음,해당없음
4. 마감공사,"4.1 조적, 미장 및 견출작업",4.1.3 미장 및 견출 시공,달비계,떨어짐,1,68,1.5,비계,12대 기인물,8,3.7%
4. 마감공사,"4.1 조적, 미장 및 견출작업",4.1.3 미장 및 견출 시공,암석,부딪힘 접촉,1,68,1.5,암석,해당없음,해당없음,해당없음
4. 마감공사,"4.1 조적, 미장 및 견출작업",4.1.3 미장 및 견출 시공,엘리베이터피트,떨어짐,1,68,1.5,엘리베이터피트,해당없음,해당없음,해당없음
4. 마감공사,"4.1 조적, 미장 및 견출작업",4.1.3 미장 및 견출 시공,충전부,감전,1,68,1.5,전기,해당없음,해당없음,해당없음
4. 마감공사,4.2 방수 작업,"4.2.1 방수면처리, 방수 및 보호몰탈 등 시공","지붕(처마,홈통)",떨어짐,14,58,24.1,마감재,12대 기인물,3,7.1%
4. 마감공사,4.2 방수 작업,"4.2.1 방수면처리, 방수 및 보호몰탈 등 시공",슬라브단부,떨어짐,10,58,17.2,슬라브단부,해당없음,해당없음,해당없음
4. 마감공사,4.2 방수 작업,"4.2.1 방수면처리, 방수 및 보호몰탈 등 시공",사다리,떨어짐,5,58,8.6,사다리,12대 기인물,4,6.9%
4. 마감공사,4.2 방수 작업,"4.2.1 방수면처리, 방수 및 보호몰탈 등 시공",화학물질,유해위험물질 노출 접촉,4,58,6.9,화학물질,해당없음,해당없음,해당없음
4. 마감공사,4.2 방수 작업,"4.2.1 방수면처리, 방수 및 보호몰탈 등 시공",개구부(바닥개구부),떨어짐,3,58,5.2,개구부,12대 기인물,1,9.0%
4. 마감공사,4.2 방수 작업,"4.2.1 방수면처리, 방수 및 보호몰탈 등 시공",달비계,떨어짐,2,58,3.4,비계,12대 기인물,8,3.7%
4. 마감공사,4.2 방수 작업,"4.2.1 방수면처리, 방수 및 보호몰탈 등 시공",비계,떨어짐,2,58,3.4,비계,12대 기인물,4,6.9%
4. 마감공사,4.2 방수 작업,"4.2.1 방수면처리, 방수 및 보호몰탈 등 시공",충전부,감전,2,58,3.4,전기,해당없음,해당없음,해당없음
4. 마감공사,4.2 방수 작업,"4.2.1 방수면처리, 방수 및 보호몰탈 등 시공",화학물질,화재,2,58,3.4,화학물질,해당없음,해당없음,해당없음
4. 마감공사,4.2 방수 작업,"4.2.1 방수면처리, 방수 및 보호몰탈 등 시공","각재(파이프,강관,합판)",맞음,1,58,1.7,"각재(파이프,강관,합판)",해당없음,해당없음,해당없음
4. 마감공사,4.2 방수 작업,"4.2.1 방수면처리, 방수 및 보호몰탈 등 시공",개구부(기타개구부),떨어짐,1,58,1.7,개구부,12대 기인물,1,9.0%
4. 마감공사,4.2 방수 작업,"4.2.1 방수면처리, 방수 및 보호몰탈 등 시공",이동식크레인,떨어짐,1,58,1.7,건설기계,12대 기인물,12,2.3%
4. 마감공사,4.2 방수 작업,"4.2.1 방수면처리, 방수 및 보호몰탈 등 시공",계단,부딪힘 접촉,1,58,1.7,계단,해당없음,해당없음,해당없음
4. 마감공사,4.2 방수 작업,"4.2.1 방수면처리, 방수 및 보호몰탈 등 시공",고소작업대,끼임,1,58,1.7,고소작업대,12대 기인물,6,4.9%
4. 마감공사,4.2 방수 작업,"4.2.1 방수면처리, 방수 및 보호몰탈 등 시공",고소작업대,떨어짐,1,58,1.7,고소작업대,12대 기인물,6,4.9%
4. 마감공사,4.2 방수 작업,"4.2.1 방수면처리, 방수 및 보호몰탈 등 시공",기타구조물,맞음,1,58,1.7,기타구조물,해당없음,해당없음,해당없음
4. 마감공사,4.2 방수 작업,"4.2.1 방수면처리, 방수 및 보호몰탈 등 시공","기타자재(내부마감재,시멘트,마대)",떨어짐,1,58,1.7,"기타자재(내부마감재,시멘트,마대)",해당없음,해당없음,해당없음
4. 마감공사,4.2 방수 작업,"4.2.1 방수면처리, 방수 및 보호몰탈 등 시공",리프트,떨어짐,1,58,1.7,리프트,해당없음,해당없음,해당없음
4. 마감공사,4.2 방수 작업,"4.2.1 방수면처리, 방수 및 보호몰탈 등 시공",외부마감재,부딪힘 접촉,1,58,1.7,마감재,해당없음,해당없음,해당없음
4. 마감공사,4.2 방수 작업,"4.2.1 방수면처리, 방수 및 보호몰탈 등 시공","지붕(채광판,선라이트)",떨어짐,1,58,1.7,마감재,12대 기인물,3,7.1%
4. 마감공사,4.2 방수 작업,"4.2.1 방수면처리, 방수 및 보호몰탈 등 시공",방망,떨어짐,1,58,1.7,방망,해당없음,해당없음,해당없음
4. 마감공사,4.2 방수 작업,"4.2.1 방수면처리, 방수 및 보호몰탈 등 시공",분류불능,원인미상,1,58,1.7,분류불능,해당없음,해당없음,해당없음
4. 마감공사,4.2 방수 작업,"4.2.1 방수면처리, 방수 및 보호몰탈 등 시공",이동식비계,떨어짐,1,58,1.7,이동식비계,12대 기인물,4,6.9%
4. 마감공사,4.7 수장 작업,"4.7.2 수장시공(석고보드, 도배 등)",사다리,떨어짐,9,52,17.3,사다리,12대 기인물,4,6.9%
4. 마감공사,4.5 금속 및 잡철물 작업,4.5.2 금속 및 잡철물 시공,사다리,떨어짐,8,52,15.4,사다리,12대 기인물,4,6.9%
4. 마감공사,4.5 금속 및 잡철물 작업,4.5.2 금속 및 잡철물 시공,철골(철골구조물),떨어짐,6,52,11.5,건설자재,12대 기인물,2,8.5%
4. 마감공사,4.7 수장 작업,"4.7.2 수장시공(석고보드, 도배 등)",이동식비계,떨어짐,6,52,11.5,이동식비계,12대 기인물,4,6.9%
4. 마감공사,4.5 금속 및 잡철물 작업,4.5.2 금속 및 잡철물 시공,고소작업대,떨어짐,5,52,9.6,고소작업대,12대 기인물,6,4.9%
4. 마감공사,4.5 금속 및 잡철물 작업,4.5.2 금속 및 잡철물 시공,이동식비계,떨어짐,5,52,9.6,이동식비계,12대 기인물,4,6.9%
4. 마감공사,4.5 금속 및 잡철물 작업,4.5.2 금속 및 잡철물 시공,슬라브단부,떨어짐,4,52,7.7,슬라브단부,해당없음,해당없음,해당없음
4. 마감공사,4.5 금속 및 잡철물 작업,4.5.2 금속 및 잡철물 시공,개구부(바닥개구부),떨어짐,3,52,5.8,개구부,12대 기인물,1,9.0%
4. 마감공사,4.5 금속 및 잡철물 작업,4.5.2 금속 및 잡철물 시공,"지붕(처마,홈통)",떨어짐,3,52,5.8,마감재,12대 기인물,3,7.1%
4. 마감공사,4.7 수장 작업,"4.7.2 수장시공(석고보드, 도배 등)",개구부(기타개구부),떨어짐,3,52,5.8,개구부,12대 기인물,1,9.0%
4. 마감공사,4.7 수장 작업,"4.7.2 수장시공(석고보드, 도배 등)",고소작업대,떨어짐,3,52,5.8,고소작업대,12대 기인물,6,4.9%
4. 마감공사,4.7 수장 작업,"4.7.2 수장시공(석고보드, 도배 등)",비계,떨어짐,3,52,5.8,비계,12대 기인물,4,6.9%
4. 마감공사,4.7 수장 작업,"4.7.2 수장시공(석고보드, 도배 등)",슬라브단부,떨어짐,3,52,5.8,슬라브단부,해당없음,해당없음,해당없음
4. 마감공사,4.7 수장 작업,"4.7.2 수장시공(석고보드, 도배 등)",작업발판/가설계단,떨어짐,3,52,5.8,작업발판/가설계단,12대 기인물,4,6.9%
4. 마감공사,4.5 금속 및 잡철물 작업,4.5.2 금속 및 잡철물 시공,개구부(기타개구부),떨어짐,2,52,3.8,개구부,12대 기인물,1,9.0%
4. 마감공사,4.5 금속 및 잡철물 작업,4.5.2 금속 및 잡철물 시공,기계설비,끼임,2,52,3.8,기계설비,해당없음,해당없음,해당없음
4. 마감공사,4.5 금속 및 잡철물 작업,4.5.2 금속 및 잡철물 시공,기계설비,맞음,2,52,3.8,기계설비,해당없음,해당없음,해당없음
4. 마감공사,4.5 금속 및 잡철물 작업,4.5.2 금속 및 잡철물 시공,"기타자재(내부마감재,시멘트,마대)",떨어짐,2,52,3.8,"기타자재(내부마감재,시멘트,마대)",해당없음,해당없음,해당없음
4. 마감공사,4.5 금속 및 잡철물 작업,4.5.2 금속 및 잡철물 시공,엘리베이터피트,떨어짐,2,52,3.8,엘리베이터피트,해당없음,해당없음,해당없음
4. 마감공사,4.7 수장 작업,"4.7.2 수장시공(석고보드, 도배 등)",개구부(바닥개구부),떨어짐,2,52,3.8,개구부,12대 기인물,1,9.0%
4. 마감공사,4.7 수장 작업,"4.7.2 수장시공(석고보드, 도배 등)","기타자재(내부마감재,시멘트,마대)",떨어짐,2,52,3.8,"기타자재(내부마감재,시멘트,마대)",해당없음,해당없음,해당없음
4. 마감공사,4.7 수장 작업,"4.7.2 수장시공(석고보드, 도배 등)",말비계,떨어짐,2,52,3.8,말비계,12대 기인물,4,6.9%
4. 마감공사,4.5 금속 및 잡철물 작업,4.5.2 금속 및 잡철물 시공,"각재(파이프,강관,합판)",넘어짐,1,52,1.9,"각재(파이프,강관,합판)",해당없음,해당없음,해당없음
4. 마감공사,4.5 금속 및 잡철물 작업,4.5.2 금속 및 잡철물 시공,"각재(파이프,강관,합판)",떨어짐,1,52,1.9,"각재(파이프,강관,합판)",해당없음,해당없음,해당없음
4. 마감공사,4.5 금속 및 잡철물 작업,4.5.2 금속 및 잡철물 시공,교통수단,부딪힘 접촉,1,52,1.9,건설기계,해당없음,해당없음,해당없음
4. 마감공사,4.5 금속 및 잡철물 작업,4.5.2 금속 및 잡철물 시공,계단,떨어짐,1,52,1.9,계단,해당없음,해당없음,해당없음
4. 마감공사,4.5 금속 및 잡철물 작업,4.5.2 금속 및 잡철물 시공,기타구조물,떨어짐,1,52,1.9,기타구조물,해당없음,해당없음,해당없음
4. 마감공사,4.5 금속 및 잡철물 작업,4.5.2 금속 및 잡철물 시공,리프트,맞음,1,52,1.9,리프트,해당없음,해당없음,해당없음
4. 마감공사,4.5 금속 및 잡철물 작업,4.5.2 금속 및 잡철물 시공,말비계,떨어짐,1,52,1.9,말비계,12대 기인물,4,6.9%
4. 마감공사,4.5 금속 및 잡철물 작업,4.5.2 금속 및 잡철물 시공,작업발판/가설계단,떨어짐,1,52,1.9,작업발판/가설계단,12대 기인물,4,6.9%
4. 마감공사,4.7 수장 작업,"4.7.2 수장시공(석고보드, 도배 등)",이동식크레인,맞음,1,52,1.9,건설기계,12대 기인물,12,2.3%
4. 마감공사,4.7 수장 작업,"4.7.2 수장시공(석고보드, 도배 등)",트럭,떨어짐,1,52,1.9,건설기계,12대 기인물,9,3.4%
4. 마감공사,4.7 수장 작업,"4.7.2 수장시공(석고보드, 도배 등)",철골(철골구조물),떨어짐,1,52,1.9,건설자재,12대 기인물,2,8.5%
4. 마감공사,4.7 수장 작업,"4.7.2 수장시공(석고보드, 도배 등)",기타가설구조물,떨어짐,1,52,1.9,기타가설구조물,해당없음,해당없음,해당없음
4. 마감공사,4.7 수장 작업,"4.7.2 수장시공(석고보드, 도배 등)","기타자재(내부마감재,시멘트,마대)",맞음,1,52,1.9,"기타자재(내부마감재,시멘트,마대)",해당없음,해당없음,해당없음
4. 마감공사,4.7 수장 작업,"4.7.2 수장시공(석고보드, 도배 등)",리프트,떨어짐,1,52,1.9,리프트,해당없음,해당없음,해당없음
4. 마감공사,4.7 수장 작업,"4.7.2 수장시공(석고보드, 도배 등)","지붕(처마,홈통)",떨어짐,1,52,1.9,마감재,12대 기인물,3,7.1%
4. 마감공사,4.7 수장 작업,"4.7.2 수장시공(석고보드, 도배 등)",벽체,떨어짐,1,52,1.9,벽체,해당없음,해당없음,해당없음
4. 마감공사,4.7 수장 작업,"4.7.2 수장시공(석고보드, 도배 등)",분류불능,화재,1,52,1.9,분류불능,해당없음,해당없음,해당없음
4. 마감공사,4.7 수장 작업,"4.7.2 수장시공(석고보드, 도배 등)",달비계,떨어짐,1,52,1.9,비계,12대 기인물,8,3.7%
4. 마감공사,4.7 수장 작업,"4.7.2 수장시공(석고보드, 도배 등)",절단기/톱,절단 베임 찔림,1,52,1.9,유해위험기계기구,해당없음,해당없음,해당없음
4. 마감공사,4.7 수장 작업,"4.7.2 수장시공(석고보드, 도배 등)",이동식비계,깔림 뒤집힘,1,52,1.9,이동식비계,12대 기인물,4,6.9%
4. 마감공사,4.7 수장 작업,"4.7.2 수장시공(석고보드, 도배 등)",이동식비계,부딪힘 접촉,1,52,1.9,이동식비계,12대 기인물,4,6.9%
4. 마감공사,4.7 수장 작업,"4.7.2 수장시공(석고보드, 도배 등)",작업발판/가설계단,부딪힘 접촉,1,52,1.9,작업발판/가설계단,12대 기인물,4,6.9%
4. 마감공사,4.7 수장 작업,"4.7.2 수장시공(석고보드, 도배 등)",충전부,감전,1,52,1.9,전기,해당없음,해당없음,해당없음
4. 마감공사,4.7 수장 작업,"4.7.2 수장시공(석고보드, 도배 등)",화학물질,화재,1,52,1.9,화학물질,해당없음,해당없음,해당없음
"5. 전기, 기계설비공사",5.1 전기 설비 작업,5.1.3 전기설비 설치,충전부,감전,12,50,24.0,전기,해당없음,해당없음,해당없음
"5. 전기, 기계설비공사",5.1 전기 설비 작업,5.1.3 전기설비 설치,사다리,떨어짐,10,50,20.0,사다리,12대 기인물,4,6.9%
"5. 전기, 기계설비공사",5.1 전기 설비 작업,5.1.3 전기설비 설치,이동식비계,떨어짐,4,50,8.0,이동식비계,12대 기인물,4,6.9%
"5. 전기, 기계설비공사",5.1 전기 설비 작업,5.1.3 전기설비 설치,전주,떨어짐,4,50,8.0,전기,해당없음,해당없음,해당없음
"5. 전기, 기계설비공사",5.1 전기 설비 작업,5.1.3 전기설비 설치,기계설비,떨어짐,3,50,6.0,기계설비,해당없음,해당없음,해당없음
"5. 전기, 기계설비공사",5.1 전기 설비 작업,5.1.3 전기설비 설치,고소작업대,떨어짐,2,50,4.0,고소작업대,12대 기인물,6,4.9%
"5. 전기, 기계설비공사",5.1 전기 설비 작업,5.1.3 전기설비 설치,개구부(바닥개구부),떨어짐,1,50,2.0,개구부,12대 기인물,1,9.0%
"5. 전기, 기계설비공사",5.1 전기 설비 작업,5.1.3 전기설비 설치,고소작업대,끼임,1,50,2.0,고소작업대,12대 기인물,6,4.9%
"5. 전기, 기계설비공사",5.1 전기 설비 작업,5.1.3 전기설비 설치,기계설비,감전,1,50,2.0,기계설비,해당없음,해당없음,해당없음
"5. 전기, 기계설비공사",5.1 전기 설비 작업,5.1.3 전기설비 설치,기타구조물,떨어짐,1,50,2.0,기타구조물,해당없음,해당없음,해당없음
"5. 전기, 기계설비공사",5.1 전기 설비 작업,5.1.3 전기설비 설치,"기타자재(내부마감재,시멘트,마대)",맞음,1,50,2.0,"기타자재(내부마감재,시멘트,마대)",해당없음,해당없음,해당없음
"5. 전기, 기계설비공사",5.1 전기 설비 작업,5.1.3 전기설비 설치,외부마감재,떨어짐,1,50,2.0,마감재,해당없음,해당없음,해당없음
"5. 전기, 기계설비공사",5.1 전기 설비 작업,5.1.3 전기설비 설치,"지붕(처마,홈통)",떨어짐,1,50,2.0,마감재,12대 기인물,3,7.1%
"5. 전기, 기계설비공사",5.1 전기 설비 작업,5.1.3 전기설비 설치,천장(판넬 등 마감재),떨어짐,1,50,2.0,마감재,해당없음,해당없음,해당없음
"5. 전기, 기계설비공사",5.1 전기 설비 작업,5.1.3 전기설비 설치,비계,떨어짐,1,50,2.0,비계,12대 기인물,4,6.9%
"5. 전기, 기계설비공사",5.1 전기 설비 작업,5.1.3 전기설비 설치,슬라브단부,떨어짐,1,50,2.0,슬라브단부,해당없음,해당없음,해당없음
"5. 전기, 기계설비공사",5.1 전기 설비 작업,5.1.3 전기설비 설치,절단기/톱,맞음,1,50,2.0,유해위험기계기구,해당없음,해당없음,해당없음
"5. 전기, 기계설비공사",5.1 전기 설비 작업,5.1.3 전기설비 설치,작업발판/가설계단,떨어짐,1,50,2.0,작업발판/가설계단,12대 기인물,4,6.9%
"5. 전기, 기계설비공사",5.1 전기 설비 작업,5.1.3 전기설비 설치,토사,떨어짐,1,50,2.0,토사,해당없음,해당없음,해당없음
"5. 전기, 기계설비공사",5.1 전기 설비 작업,5.1.3 전기설비 설치,화학물질,감전,1,50,2.0,화학물질,해당없음,해당없음,해당없음
"5. 전기, 기계설비공사",5.1 전기 설비 작업,5.1.3 전기설비 설치,화학물질,원인미상,1,50,2.0,화학물질,해당없음,해당없음,해당없음
2. 철근콘크리트공사,2.4 콘크리트 작업,2.4.2 콘크리트 타설 및 다짐,콘크리트펌프카,맞음,12,49,24.5,건설기계,해당없음,해당없음,해당없음
2. 철근콘크리트공사,2.4 콘크리트 작업,2.4.2 콘크리트 타설 및 다짐,철골(철골구조물),무너짐,6,49,12.2,건설자재,12대 기인물,2,8.5%
2. 철근콘크리트공사,2.4 콘크리트 작업,2.4.2 콘크리트 타설 및 다짐,개구부(기타개구부),떨어짐,3,49,6.1,개구부,12대 기인물,1,9.0%
2. 철근콘크리트공사,2.4 콘크리트 작업,2.4.2 콘크리트 타설 및 다짐,거푸집,떨어짐,3,49,6.1,거푸집,12대 기인물,11,3.0%
2. 철근콘크리트공사,2.4 콘크리트 작업,2.4.2 콘크리트 타설 및 다짐,콘크리트펌프카,깔림 뒤집힘,2,49,4.1,건설기계,해당없음,해당없음,해당없음
2. 철근콘크리트공사,2.4 콘크리트 작업,2.4.2 콘크리트 타설 및 다짐,"철근콘크리트자재(철근,콘크리트,PC)",절단 베임 찔림,2,49,4.1,건설자재,해당없음,해당없음,해당없음
2. 철근콘크리트공사,2.4 콘크리트 작업,2.4.2 콘크리트 타설 및 다짐,"각재(파이프,강관,합판)",맞음,1,49,2.0,"각재(파이프,강관,합판)",해당없음,해당없음,해당없음
2. 철근콘크리트공사,2.4 콘크리트 작업,2.4.2 콘크리트 타설 및 다짐,개구부(바닥개구부),떨어짐,1,49,2.0,개구부,12대 기인물,1,9.0%
2. 철근콘크리트공사,2.4 콘크리트 작업,2.4.2 콘크리트 타설 및 다짐,거푸집,깔림 뒤집힘,1,49,2.0,거푸집,12대 기인물,11,3.0%
2. 철근콘크리트공사,2.4 콘크리트 작업,2.4.2 콘크리트 타설 및 다짐,거푸집,무너짐,1,49,2.0,거푸집,12대 기인물,11,3.0%
2. 철근콘크리트공사,2.4 콘크리트 작업,2.4.2 콘크리트 타설 및 다짐,콘크리트믹서,깔림 뒤집힘,1,49,2.0,건설기계,해당없음,해당없음,해당없음
2. 철근콘크리트공사,2.4 콘크리트 작업,2.4.2 콘크리트 타설 및 다짐,콘크리트믹서,끼임,1,49,2.0,건설기계,해당없음,해당없음,해당없음
2. 철근콘크리트공사,2.4 콘크리트 작업,2.4.2 콘크리트 타설 및 다짐,콘크리트펌프카,끼임,1,49,2.0,건설기계,해당없음,해당없음,해당없음
2. 철근콘크리트공사,2.4 콘크리트 작업,2.4.2 콘크리트 타설 및 다짐,콘크리트펌프카,떨어짐,1,49,2.0,건설기계,해당없음,해당없음,해당없음
2. 철근콘크리트공사,2.4 콘크리트 작업,2.4.2 콘크리트 타설 및 다짐,철골(철골구조물),떨어짐,1,49,2.0,건설자재,12대 기인물,2,8.5%
2. 철근콘크리트공사,2.4 콘크리트 작업,2.4.2 콘크리트 타설 및 다짐,"철근콘크리트자재(철근,콘크리트,PC)",떨어짐,1,49,2.0,건설자재,해당없음,해당없음,해당없음
2. 철근콘크리트공사,2.4 콘크리트 작업,2.4.2 콘크리트 타설 및 다짐,"기타자재(내부마감재,시멘트,마대)",맞음,1,49,2.0,"기타자재(내부마감재,시멘트,마대)",해당없음,해당없음,해당없음
2. 철근콘크리트공사,2.4 콘크리트 작업,2.4.2 콘크리트 타설 및 다짐,"기타자재(내부마감재,시멘트,마대)",부딪힘 접촉,1,49,2.0,"기타자재(내부마감재,시멘트,마대)",해당없음,해당없음,해당없음
2. 철근콘크리트공사,2.4 콘크리트 작업,2.4.2 콘크리트 타설 및 다짐,동바리,무너짐,1,49,2.0,동바리,12대 기인물,11,3.0%
2. 철근콘크리트공사,2.4 콘크리트 작업,2.4.2 콘크리트 타설 및 다짐,리프트,끼임,1,49,2.0,리프트,해당없음,해당없음,해당없음
2. 철근콘크리트공사,2.4 콘크리트 작업,2.4.2 콘크리트 타설 및 다짐,"지붕(처마,홈통)",떨어짐,1,49,2.0,마감재,12대 기인물,3,7.1%
2. 철근콘크리트공사,2.4 콘크리트 작업,2.4.2 콘크리트 타설 및 다짐,분류불능,원인미상,1,49,2.0,분류불능,해당없음,해당없음,해당없음
2. 철근콘크리트공사,2.4 콘크리트 작업,2.4.2 콘크리트 타설 및 다짐,비계,떨어짐,1,49,2.0,비계,12대 기인물,4,6.9%
2. 철근콘크리트공사,2.4 콘크리트 작업,2.4.2 콘크리트 타설 및 다짐,비계(일체형비계),떨어짐,1,49,2.0,비계,12대 기인물,4,6.9%
2. 철근콘크리트공사,2.4 콘크리트 작업,2.4.2 콘크리트 타설 및 다짐,슬라브단부,떨어짐,1,49,2.0,슬라브단부,해당없음,해당없음,해당없음
2. 철근콘크리트공사,2.4 콘크리트 작업,2.4.2 콘크리트 타설 및 다짐,작업발판/가설계단,떨어짐,1,49,2.0,작업발판/가설계단,12대 기인물,4,6.9%
2. 철근콘크리트공사,2.4 콘크리트 작업,2.4.2 콘크리트 타설 및 다짐,흙막이가시설,떨어짐,1,49,2.0,흙막이가시설,해당없음,해당없음,해당없음
2. 철근콘크리트공사,2.1 거푸집 작업,2.1.3 거푸집 동바리 해체,거푸집,떨어짐,13,48,27.1,거푸집,12대 기인물,11,3.0%
2. 철근콘크리트공사,2.1 거푸집 작업,"2.1.1 거푸집 자재반입, 가공, 운반",개구부(바닥개구부),떨어짐,8,48,16.7,개구부,12대 기인물,1,9.0%
2. 철근콘크리트공사,2.1 거푸집 작업,"2.1.1 거푸집 자재반입, 가공, 운반",거푸집,떨어짐,7,48,14.6,거푸집,12대 기인물,11,3.0%
2. 철근콘크리트공사,2.1 거푸집 작업,"2.1.1 거푸집 자재반입, 가공, 운반",비계,떨어짐,5,48,10.4,비계,12대 기인물,4,6.9%
2. 철근콘크리트공사,2.1 거푸집 작업,2.1.3 거푸집 동바리 해체,거푸집,맞음,5,48,10.4,거푸집,12대 기인물,11,3.0%
2. 철근콘크리트공사,2.1 거푸집 작업,2.1.3 거푸집 동바리 해체,비계,떨어짐,5,48,10.4,비계,12대 기인물,4,6.9%
2. 철근콘크리트공사,2.1 거푸집 작업,2.1.3 거푸집 동바리 해체,작업발판/가설계단,떨어짐,5,48,10.4,작업발판/가설계단,12대 기인물,4,6.9%
2. 철근콘크리트공사,2.1 거푸집 작업,"2.1.1 거푸집 자재반입, 가공, 운반",거푸집,절단 베임 찔림,3,48,6.2,거푸집,12대 기인물,11,3.0%
2. 철근콘크리트공사,2.1 거푸집 작업,"2.1.1 거푸집 자재반입, 가공, 운반",작업발판/가설계단,떨어짐,3,48,6.2,작업발판/가설계단,12대 기인물,4,6.9%
2. 철근콘크리트공사,2.1 거푸집 작업,"2.1.1 거푸집 자재반입, 가공, 운반",거푸집,깔림 뒤집힘,2,48,4.2,거푸집,12대 기인물,11,3.0%
2. 철근콘크리트공사,2.1 거푸집 작업,"2.1.1 거푸집 자재반입, 가공, 운반",고정식크레인,맞음,2,48,4.2,건설기계,해당없음,해당없음,해당없음
2. 철근콘크리트공사,2.1 거푸집 작업,"2.1.1 거푸집 자재반입, 가공, 운반",슬라브단부,떨어짐,2,48,4.2,슬라브단부,해당없음,해당없음,해당없음
2. 철근콘크리트공사,2.1 거푸집 작업,2.1.3 거푸집 동바리 해체,"철근콘크리트자재(철근,콘크리트,PC)",깔림 뒤집힘,2,48,4.2,건설자재,해당없음,해당없음,해당없음
2. 철근콘크리트공사,2.1 거푸집 작업,2.1.3 거푸집 동바리 해체,계단,떨어짐,2,48,4.2,계단,해당없음,해당없음,해당없음
2. 철근콘크리트공사,2.1 거푸집 작업,2.1.3 거푸집 동바리 해체,벽체,깔림 뒤집힘,2,48,4.2,벽체,해당없음,해당없음,해당없음
2. 철근콘크리트공사,2.1 거푸집 작업,2.1.3 거푸집 동바리 해체,슬라브단부,떨어짐,2,48,4.2,슬라브단부,해당없음,해당없음,해당없음
2. 철근콘크리트공사,2.1 거푸집 작업,2.1.3 거푸집 동바리 해체,이동식비계,떨어짐,2,48,4.2,이동식비계,12대 기인물,4,6.9%
2. 철근콘크리트공사,2.1 거푸집 작업,"2.1.1 거푸집 자재반입, 가공, 운반","각재(파이프,강관,합판)",떨어짐,1,48,2.1,"각재(파이프,강관,합판)",해당없음,해당없음,해당없음
2. 철근콘크리트공사,2.1 거푸집 작업,"2.1.1 거푸집 자재반입, 가공, 운반","각재(파이프,강관,합판)",맞음(낙하물체),1,48,2.1,"각재(파이프,강관,합판)",해당없음,해당없음,해당없음
2. 철근콘크리트공사,2.1 거푸집 작업,"2.1.1 거푸집 자재반입, 가공, 운반",개구부(기타개구부),떨어짐,1,48,2.1,개구부,12대 기인물,1,9.0%
2. 철근콘크리트공사,2.1 거푸집 작업,"2.1.1 거푸집 자재반입, 가공, 운반",고정식크레인,떨어짐,1,48,2.1,건설기계,해당없음,해당없음,해당없음
2. 철근콘크리트공사,2.1 거푸집 작업,"2.1.1 거푸집 자재반입, 가공, 운반",기타건설장비,깔림 뒤집힘,1,48,2.1,건설기계,해당없음,해당없음,해당없음
2. 철근콘크리트공사,2.1 거푸집 작업,"2.1.1 거푸집 자재반입, 가공, 운반",기타건설장비,부딪힘 접촉,1,48,2.1,건설기계,해당없음,해당없음,해당없음
2. 철근콘크리트공사,2.1 거푸집 작업,"2.1.1 거푸집 자재반입, 가공, 운반",이동식크레인,맞음,1,48,2.1,건설기계,12대 기인물,12,2.3%
2. 철근콘크리트공사,2.1 거푸집 작업,"2.1.1 거푸집 자재반입, 가공, 운반",지게차,깔림 뒤집힘,1,48,2.1,건설기계,해당없음,해당없음,해당없음
2. 철근콘크리트공사,2.1 거푸집 작업,"2.1.1 거푸집 자재반입, 가공, 운반",트럭,깔림 뒤집힘,1,48,2.1,건설기계,12대 기인물,9,3.4%
2. 철근콘크리트공사,2.1 거푸집 작업,"2.1.1 거푸집 자재반입, 가공, 운반","철근콘크리트자재(철근,콘크리트,PC)",떨어짐,1,48,2.1,건설자재,해당없음,해당없음,해당없음
2. 철근콘크리트공사,2.1 거푸집 작업,"2.1.1 거푸집 자재반입, 가공, 운반","철근콘크리트자재(철근,콘크리트,PC)",절단 베임 찔림,1,48,2.1,건설자재,해당없음,해당없음,해당없음
2. 철근콘크리트공사,2.1 거푸집 작업,"2.1.1 거푸집 자재반입, 가공, 운반",동바리,떨어짐,1,48,2.1,동바리,12대 기인물,11,3.0%
2. 철근콘크리트공사,2.1 거푸집 작업,"2.1.1 거푸집 자재반입, 가공, 운반","지붕(처마,홈통)",떨어짐,1,48,2.1,마감재,12대 기인물,3,7.1%
2. 철근콘크리트공사,2.1 거푸집 작업,"2.1.1 거푸집 자재반입, 가공, 운반",방망,떨어짐,1,48,2.1,방망,해당없음,해당없음,해당없음
2. 철근콘크리트공사,2.1 거푸집 작업,"2.1.1 거푸집 자재반입, 가공, 운반",분류불능,열사병,1,48,2.1,분류불능,해당없음,해당없음,해당없음
2. 철근콘크리트공사,2.1 거푸집 작업,"2.1.1 거푸집 자재반입, 가공, 운반",충전부,감전,1,48,2.1,전기,해당없음,해당없음,해당없음
2. 철근콘크리트공사,2.1 거푸집 작업,2.1.3 거푸집 동바리 해체,"각재(파이프,강관,합판)",맞음,1,48,2.1,"각재(파이프,강관,합판)",해당없음,해당없음,해당없음
2. 철근콘크리트공사,2.1 거푸집 작업,2.1.3 거푸집 동바리 해체,개구부(바닥개구부),떨어짐,1,48,2.1,개구부,12대 기인물,1,9.0%
2. 철근콘크리트공사,2.1 거푸집 작업,2.1.3 거푸집 동바리 해체,거푸집,끼임,1,48,2.1,거푸집,12대 기인물,11,3.0%
2. 철근콘크리트공사,2.1 거푸집 작업,2.1.3 거푸집 동바리 해체,철골(철골자재),맞음,1,48,2.1,건설자재,12대 기인물,2,8.5%
2. 철근콘크리트공사,2.1 거푸집 작업,2.1.3 거푸집 동바리 해체,계단,깔림 뒤집힘,1,48,2.1,계단,해당없음,해당없음,해당없음
2. 철근콘크리트공사,2.1 거푸집 작업,2.1.3 거푸집 동바리 해체,동바리,떨어짐,1,48,2.1,동바리,12대 기인물,11,3.0%
2. 철근콘크리트공사,2.1 거푸집 작업,2.1.3 거푸집 동바리 해체,바닥(바닥에 걸려 넘어짐),깔림 뒤집힘,1,48,2.1,바닥(바닥에 걸려 넘어짐),해당없음,해당없음,해당없음
2. 철근콘크리트공사,2.1 거푸집 작업,2.1.3 거푸집 동바리 해체,분류불능,맞음,1,48,2.1,분류불능,해당없음,해당없음,해당없음
2. 철근콘크리트공사,2.1 거푸집 작업,2.1.3 거푸집 동바리 해체,사다리,떨어짐,1,48,2.1,사다리,12대 기인물,4,6.9%
2. 철근콘크리트공사,2.1 거푸집 작업,2.1.3 거푸집 동바리 해체,토사,깔림 뒤집힘,1,48,2.1,토사,해당없음,해당없음,해당없음
"5. 전기, 기계설비공사",5.1 전기 설비 작업,5.1.2 전기설비 배선,충전부,감전,9,47,19.1,전기,해당없음,해당없음,해당없음
"5. 전기, 기계설비공사",5.1 전기 설비 작업,5.1.2 전기설비 배선,사다리,떨어짐,6,47,12.8,사다리,12대 기인물,4,6.9%
"5. 전기, 기계설비공사",5.1 전기 설비 작업,5.1.2 전기설비 배선,개구부(바닥개구부),떨어짐,3,47,6.4,개구부,12대 기인물,1,9.0%
"5. 전기, 기계설비공사",5.1 전기 설비 작업,5.1.2 전기설비 배선,고소작업대,끼임,3,47,6.4,고소작업대,12대 기인물,6,4.9%
"5. 전기, 기계설비공사",5.1 전기 설비 작업,5.1.2 전기설비 배선,"지붕(처마,홈통)",떨어짐,3,47,6.4,마감재,12대 기인물,3,7.1%
"5. 전기, 기계설비공사",5.1 전기 설비 작업,5.1.2 전기설비 배선,"기타자재(내부마감재,시멘트,마대)",떨어짐,2,47,4.3,"기타자재(내부마감재,시멘트,마대)",해당없음,해당없음,해당없음
"5. 전기, 기계설비공사",5.1 전기 설비 작업,5.1.2 전기설비 배선,천장(판넬 등 마감재),떨어짐,2,47,4.3,마감재,해당없음,해당없음,해당없음
"5. 전기, 기계설비공사",5.1 전기 설비 작업,5.1.2 전기설비 배선,전주,떨어짐,2,47,4.3,전기,해당없음,해당없음,해당없음
"5. 전기, 기계설비공사",5.1 전기 설비 작업,5.1.2 전기설비 배선,거푸집,맞음,1,47,2.1,거푸집,12대 기인물,11,3.0%
"5. 전기, 기계설비공사",5.1 전기 설비 작업,5.1.2 전기설비 배선,교통수단,부딪힘 접촉,1,47,2.1,건설기계,해당없음,해당없음,해당없음
"5. 전기, 기계설비공사",5.1 전기 설비 작업,5.1.2 전기설비 배선,굴착기,떨어짐,1,47,2.1,건설기계,12대 기인물,5,4.9%
"5. 전기, 기계설비공사",5.1 전기 설비 작업,5.1.2 전기설비 배선,이동식크레인,맞음,1,47,2.1,건설기계,12대 기인물,12,2.3%
"5. 전기, 기계설비공사",5.1 전기 설비 작업,5.1.2 전기설비 배선,트럭,부딪힘 접촉,1,47,2.1,건설기계,12대 기인물,9,3.4%
"5. 전기, 기계설비공사",5.1 전기 설비 작업,5.1.2 전기설비 배선,계단,떨어짐,1,47,2.1,계단,해당없음,해당없음,해당없음
"5. 전기, 기계설비공사",5.1 전기 설비 작업,5.1.2 전기설비 배선,고소작업대,부딪힘 접촉,1,47,2.1,고소작업대,12대 기인물,6,4.9%
"5. 전기, 기계설비공사",5.1 전기 설비 작업,5.1.2 전기설비 배선,기타구조물,떨어짐,1,47,2.1,기타구조물,해당없음,해당없음,해당없음
"5. 전기, 기계설비공사",5.1 전기 설비 작업,5.1.2 전기설비 배선,"기타자재(내부마감재,시멘트,마대)",화재,1,47,2.1,"기타자재(내부마감재,시멘트,마대)",해당없음,해당없음,해당없음
"5. 전기, 기계설비공사",5.1 전기 설비 작업,5.1.2 전기설비 배선,"지붕(채광판,선라이트)",떨어짐,1,47,2.1,마감재,12대 기인물,3,7.1%
"5. 전기, 기계설비공사",5.1 전기 설비 작업,5.1.2 전기설비 배선,말비계,떨어짐,1,47,2.1,말비계,12대 기인물,4,6.9%
"5. 전기, 기계설비공사",5.1 전기 설비 작업,5.1.2 전기설비 배선,바닥(바닥에 걸려 넘어짐),절단 베임 찔림,1,47,2.1,바닥(바닥에 걸려 넘어짐),해당없음,해당없음,해당없음
"5. 전기, 기계설비공사",5.1 전기 설비 작업,5.1.2 전기설비 배선,분류불능,원인미상,1,47,2.1,분류불능,해당없음,해당없음,해당없음
"5. 전기, 기계설비공사",5.1 전기 설비 작업,5.1.2 전기설비 배선,사다리,감전,1,47,2.1,사다리,12대 기인물,4,6.9%
"5. 전기, 기계설비공사",5.1 전기 설비 작업,5.1.2 전기설비 배선,엘리베이터피트,떨어짐,1,47,2.1,엘리베이터피트,해당없음,해당없음,해당없음
"5. 전기, 기계설비공사",5.1 전기 설비 작업,5.1.2 전기설비 배선,이동식비계,떨어짐,1,47,2.1,이동식비계,12대 기인물,4,6.9%
"5. 전기, 기계설비공사",5.1 전기 설비 작업,5.1.2 전기설비 배선,토사,무너짐,1,47,2.1,토사,해당없음,해당없음,해당없음
6. 조경공사,6.1 조경작업,6.1.2 조경 시공 및 설치,굴착기,깔림 뒤집힘,7,42,16.7,건설기계,12대 기인물,5,4.9%
6. 조경공사,6.1 조경작업,6.1.2 조경 시공 및 설치,사다리,떨어짐,4,42,9.5,사다리,12대 기인물,4,6.9%
6. 조경공사,6.1 조경작업,6.1.2 조경 시공 및 설치,수목,깔림 뒤집힘,4,42,9.5,수목,해당없음,해당없음,해당없음
6. 조경공사,6.1 조경작업,6.1.2 조경 시공 및 설치,수목,떨어짐,4,42,9.5,수목,해당없음,해당없음,해당없음
6. 조경공사,6.1 조경작업,6.1.2 조경 시공 및 설치,암석,끼임,3,42,7.1,암석,해당없음,해당없음,해당없음
6. 조경공사,6.1 조경작업,6.1.2 조경 시공 및 설치,충전부,감전,3,42,7.1,전기,해당없음,해당없음,해당없음
6. 조경공사,6.1 조경작업,6.1.2 조경 시공 및 설치,수목,맞음,2,42,4.8,수목,해당없음,해당없음,해당없음
6. 조경공사,6.1 조경작업,6.1.2 조경 시공 및 설치,굴착기,맞음(낙하물체),1,42,2.4,건설기계,12대 기인물,5,4.9%
6. 조경공사,6.1 조경작업,6.1.2 조경 시공 및 설치,지게차,부딪힘 접촉,1,42,2.4,건설기계,해당없음,해당없음,해당없음
6. 조경공사,6.1 조경작업,6.1.2 조경 시공 및 설치,트럭,깔림 뒤집힘,1,42,2.4,건설기계,12대 기인물,9,3.4%
6. 조경공사,6.1 조경작업,6.1.2 조경 시공 및 설치,트럭,떨어짐,1,42,2.4,건설기계,12대 기인물,9,3.4%
6. 조경공사,6.1 조경작업,6.1.2 조경 시공 및 설치,트럭,부딪힘 접촉,1,42,2.4,건설기계,12대 기인물,9,3.4%
6. 조경공사,6.1 조경작업,6.1.2 조경 시공 및 설치,철골(철골자재),끼임,1,42,2.4,건설자재,12대 기인물,2,8.5%
6. 조경공사,6.1 조경작업,6.1.2 조경 시공 및 설치,계단,떨어짐,1,42,2.4,계단,해당없음,해당없음,해당없음
6. 조경공사,6.1 조경작업,6.1.2 조경 시공 및 설치,고소작업대,떨어짐,1,42,2.4,고소작업대,12대 기인물,6,4.9%
6. 조경공사,6.1 조경작업,6.1.2 조경 시공 및 설치,"기타자재(내부마감재,시멘트,마대)",끼임,1,42,2.4,"기타자재(내부마감재,시멘트,마대)",해당없음,해당없음,해당없음
6. 조경공사,6.1 조경작업,6.1.2 조경 시공 및 설치,벽체,깔림 뒤집힘,1,42,2.4,벽체,해당없음,해당없음,해당없음
6. 조경공사,6.1 조경작업,6.1.2 조경 시공 및 설치,벽체,떨어짐,1,42,2.4,벽체,해당없음,해당없음,해당없음
6. 조경공사,6.1 조경작업,6.1.2 조경 시공 및 설치,분류불능,화재,1,42,2.4,분류불능,해당없음,해당없음,해당없음
6. 조경공사,6.1 조경작업,6.1.2 조경 시공 및 설치,수목,끼임,1,42,2.4,수목,해당없음,해당없음,해당없음
6. 조경공사,6.1 조경작업,6.1.2 조경 시공 및 설치,암석,맞음,1,42,2.4,암석,해당없음,해당없음,해당없음
6. 조경공사,6.1 조경작업,6.1.2 조경 시공 및 설치,충전부,떨어짐,1,42,2.4,전기,해당없음,해당없음,해당없음
"5. 전기, 기계설비공사",5.1 전기 설비 작업,"5.1.4 전기특고압선로, 활선 및 전주시공",전주,떨어짐,13,41,31.7,전기,해당없음,해당없음,해당없음
"5. 전기, 기계설비공사",5.1 전기 설비 작업,"5.1.4 전기특고압선로, 활선 및 전주시공",충전부,감전,9,41,22.0,전기,해당없음,해당없음,해당없음
"5. 전기, 기계설비공사",5.1 전기 설비 작업,"5.1.4 전기특고압선로, 활선 및 전주시공",기계설비,떨어짐,3,41,7.3,기계설비,해당없음,해당없음,해당없음
"5. 전기, 기계설비공사",5.1 전기 설비 작업,"5.1.4 전기특고압선로, 활선 및 전주시공",전주,감전,3,41,7.3,전기,해당없음,해당없음,해당없음
"5. 전기, 기계설비공사",5.1 전기 설비 작업,"5.1.4 전기특고압선로, 활선 및 전주시공",충전부,떨어짐,2,41,4.9,전기,해당없음,해당없음,해당없음
"5. 전기, 기계설비공사",5.1 전기 설비 작업,"5.1.4 전기특고압선로, 활선 및 전주시공","각재(파이프,강관,합판)",맞음(낙하물체),1,41,2.4,"각재(파이프,강관,합판)",해당없음,해당없음,해당없음
"5. 전기, 기계설비공사",5.1 전기 설비 작업,"5.1.4 전기특고압선로, 활선 및 전주시공",개구부(기타개구부),떨어짐,1,41,2.4,개구부,12대 기인물,1,9.0%
"5. 전기, 기계설비공사",5.1 전기 설비 작업,"5.1.4 전기특고압선로, 활선 및 전주시공",굴착기,맞음(낙하물체),1,41,2.4,건설기계,12대 기인물,5,4.9%
"5. 전기, 기계설비공사",5.1 전기 설비 작업,"5.1.4 전기특고압선로, 활선 및 전주시공",철골(철골구조물),떨어짐,1,41,2.4,건설자재,12대 기인물,2,8.5%
"5. 전기, 기계설비공사",5.1 전기 설비 작업,"5.1.4 전기특고압선로, 활선 및 전주시공",철골(철골자재),맞음,1,41,2.4,건설자재,12대 기인물,2,8.5%
"5. 전기, 기계설비공사",5.1 전기 설비 작업,"5.1.4 전기특고압선로, 활선 및 전주시공",고소작업대,떨어짐,1,41,2.4,고소작업대,12대 기인물,6,4.9%
"5. 전기, 기계설비공사",5.1 전기 설비 작업,"5.1.4 전기특고압선로, 활선 및 전주시공",기타구조물,떨어짐,1,41,2.4,기타구조물,해당없음,해당없음,해당없음
"5. 전기, 기계설비공사",5.1 전기 설비 작업,"5.1.4 전기특고압선로, 활선 및 전주시공",비계,떨어짐,1,41,2.4,비계,12대 기인물,4,6.9%
"5. 전기, 기계설비공사",5.1 전기 설비 작업,"5.1.4 전기특고압선로, 활선 및 전주시공",작업발판/가설계단,떨어짐,1,41,2.4,작업발판/가설계단,12대 기인물,4,6.9%
"5. 전기, 기계설비공사",5.1 전기 설비 작업,"5.1.4 전기특고압선로, 활선 및 전주시공",전주,깔림 뒤집힘,1,41,2.4,전기,해당없음,해당없음,해당없음
"5. 전기, 기계설비공사",5.1 전기 설비 작업,"5.1.4 전기특고압선로, 활선 및 전주시공",전주,맞음,1,41,2.4,전기,해당없음,해당없음,해당없음
11. 기타 토목공사,11.4 맨홀 및 관부설작업,11.4.1 맨홀 및 관부설 굴착,토사,무너짐,18,33,54.5,토사,해당없음,해당없음,해당없음
4. 마감공사,4.6 창호 및 유리 작업,4.6.2 창호 및 유리 설치,개구부(기타개구부),떨어짐,8,33,24.2,개구부,12대 기인물,1,9.0%
4. 마감공사,4.6 창호 및 유리 작업,4.6.2 창호 및 유리 설치,고소작업대,떨어짐,7,33,21.2,고소작업대,12대 기인물,6,4.9%
11. 기타 토목공사,11.4 맨홀 및 관부설작업,11.4.1 맨홀 및 관부설 굴착,벽체,무너짐,4,33,12.1,벽체,해당없음,해당없음,해당없음
4. 마감공사,4.6 창호 및 유리 작업,4.6.2 창호 및 유리 설치,벽체,떨어짐,4,33,12.1,벽체,해당없음,해당없음,해당없음
4. 마감공사,4.6 창호 및 유리 작업,4.6.2 창호 및 유리 설치,달비계,떨어짐,3,33,9.1,비계,12대 기인물,8,3.7%
4. 마감공사,4.6 창호 및 유리 작업,4.6.2 창호 및 유리 설치,작업발판/가설계단,떨어짐,3,33,9.1,작업발판/가설계단,12대 기인물,4,6.9%
11. 기타 토목공사,11.4 맨홀 및 관부설작업,11.4.1 맨홀 및 관부설 굴착,트럭,끼임,2,33,6.1,건설기계,12대 기인물,9,3.4%
4. 마감공사,4.6 창호 및 유리 작업,4.6.2 창호 및 유리 설치,사다리,떨어짐,2,33,6.1,사다리,12대 기인물,4,6.9%
11. 기타 토목공사,11.4 맨홀 및 관부설작업,11.4.1 맨홀 및 관부설 굴착,"각재(파이프,강관,합판)",깔림 뒤집힘,1,33,3.0,"각재(파이프,강관,합판)",해당없음,해당없음,해당없음
11. 기타 토목공사,11.4 맨홀 및 관부설작업,11.4.1 맨홀 및 관부설 굴착,굴착기,깔림 뒤집힘,1,33,3.0,건설기계,12대 기인물,5,4.9%
11. 기타 토목공사,11.4 맨홀 및 관부설작업,11.4.1 맨홀 및 관부설 굴착,굴착기,부딪힘 접촉,1,33,3.0,건설기계,12대 기인물,5,4.9%
11. 기타 토목공사,11.4 맨홀 및 관부설작업,11.4.1 맨홀 및 관부설 굴착,"기타자재(내부마감재,시멘트,마대)",깔림 뒤집힘,1,33,3.0,"기타자재(내부마감재,시멘트,마대)",해당없음,해당없음,해당없음
11. 기타 토목공사,11.4 맨홀 및 관부설작업,11.4.1 맨홀 및 관부설 굴착,물,떨어짐,1,33,3.0,물,해당없음,해당없음,해당없음
11. 기타 토목공사,11.4 맨홀 및 관부설작업,11.4.1 맨홀 및 관부설 굴착,물,맞음,1,33,3.0,물,해당없음,해당없음,해당없음
11. 기타 토목공사,11.4 맨홀 및 관부설작업,11.4.1 맨홀 및 관부설 굴착,배관,깔림 뒤집힘,1,33,3.0,배관,해당없음,해당없음,해당없음
11. 기타 토목공사,11.4 맨홀 및 관부설작업,11.4.1 맨홀 및 관부설 굴착,암석,무너짐,1,33,3.0,암석,해당없음,해당없음,해당없음
11. 기타 토목공사,11.4 맨홀 및 관부설작업,11.4.1 맨홀 및 관부설 굴착,충전부,감전,1,33,3.0,전기,해당없음,해당없음,해당없음
4. 마감공사,4.6 창호 및 유리 작업,4.6.2 창호 및 유리 설치,개구부(바닥개구부),떨어짐,1,33,3.0,개구부,12대 기인물,1,9.0%
4. 마감공사,4.6 창호 및 유리 작업,4.6.2 창호 및 유리 설치,철골(철골구조물),떨어짐,1,33,3.0,건설자재,12대 기인물,2,8.5%
4. 마감공사,4.6 창호 및 유리 작업,4.6.2 창호 및 유리 설치,고소작업대,부딪힘 접촉,1,33,3.0,고소작업대,12대 기인물,6,4.9%
4. 마감공사,4.6 창호 및 유리 작업,4.6.2 창호 및 유리 설치,비계,떨어짐,1,33,3.0,비계,12대 기인물,4,6.9%
4. 마감공사,4.6 창호 및 유리 작업,4.6.2 창호 및 유리 설치,슬라브단부,떨어짐,1,33,3.0,슬라브단부,해당없음,해당없음,해당없음
4. 마감공사,4.6 창호 및 유리 작업,4.6.2 창호 및 유리 설치,화학물질,떨어짐,1,33,3.0,화학물질,해당없음,해당없음,해당없음
"5. 전기, 기계설비공사",5.2 기계설비 작업,"5.2.1 기계설비 자재반입, 가공, 운반",기계설비,깔림 뒤집힘,3,32,9.4,기계설비,해당없음,해당없음,해당없음
"5. 전기, 기계설비공사",5.2 기계설비 작업,"5.2.1 기계설비 자재반입, 가공, 운반",사다리,떨어짐,3,32,9.4,사다리,12대 기인물,4,6.9%
"5. 전기, 기계설비공사",5.2 기계설비 작업,"5.2.1 기계설비 자재반입, 가공, 운반",개구부(기타개구부),떨어짐,2,32,6.2,개구부,12대 기인물,1,9.0%
"5. 전기, 기계설비공사",5.2 기계설비 작업,"5.2.1 기계설비 자재반입, 가공, 운반",트럭,부딪힘 접촉,2,32,6.2,건설기계,12대 기인물,9,3.4%
"5. 전기, 기계설비공사",5.2 기계설비 작업,"5.2.1 기계설비 자재반입, 가공, 운반",기계설비,떨어짐,2,32,6.2,기계설비,해당없음,해당없음,해당없음
"5. 전기, 기계설비공사",5.2 기계설비 작업,"5.2.1 기계설비 자재반입, 가공, 운반",기계설비,부딪힘 접촉,2,32,6.2,기계설비,해당없음,해당없음,해당없음
"5. 전기, 기계설비공사",5.2 기계설비 작업,"5.2.1 기계설비 자재반입, 가공, 운반","지붕(채광판,선라이트)",떨어짐,2,32,6.2,마감재,12대 기인물,3,7.1%
"5. 전기, 기계설비공사",5.2 기계설비 작업,"5.2.1 기계설비 자재반입, 가공, 운반",배관,깔림 뒤집힘,2,32,6.2,배관,해당없음,해당없음,해당없음
"5. 전기, 기계설비공사",5.2 기계설비 작업,"5.2.1 기계설비 자재반입, 가공, 운반","각재(파이프,강관,합판)",떨어짐,1,32,3.1,"각재(파이프,강관,합판)",해당없음,해당없음,해당없음
"5. 전기, 기계설비공사",5.2 기계설비 작업,"5.2.1 기계설비 자재반입, 가공, 운반",굴착기,끼임,1,32,3.1,건설기계,12대 기인물,5,4.9%
"5. 전기, 기계설비공사",5.2 기계설비 작업,"5.2.1 기계설비 자재반입, 가공, 운반",기타건설장비,떨어짐,1,32,3.1,건설기계,해당없음,해당없음,해당없음
"5. 전기, 기계설비공사",5.2 기계설비 작업,"5.2.1 기계설비 자재반입, 가공, 운반",이동식크레인,떨어짐,1,32,3.1,건설기계,12대 기인물,12,2.3%
"5. 전기, 기계설비공사",5.2 기계설비 작업,"5.2.1 기계설비 자재반입, 가공, 운반",계단,떨어짐,1,32,3.1,계단,해당없음,해당없음,해당없음
"5. 전기, 기계설비공사",5.2 기계설비 작업,"5.2.1 기계설비 자재반입, 가공, 운반",고소작업대,맞음(낙하물체),1,32,3.1,고소작업대,12대 기인물,6,4.9%
"5. 전기, 기계설비공사",5.2 기계설비 작업,"5.2.1 기계설비 자재반입, 가공, 운반",기계설비,끼임,1,32,3.1,기계설비,해당없음,해당없음,해당없음
"5. 전기, 기계설비공사",5.2 기계설비 작업,"5.2.1 기계설비 자재반입, 가공, 운반",기계설비,맞음(낙하물체),1,32,3.1,기계설비,해당없음,해당없음,해당없음
"5. 전기, 기계설비공사",5.2 기계설비 작업,"5.2.1 기계설비 자재반입, 가공, 운반",기타구조물,떨어짐,1,32,3.1,기타구조물,해당없음,해당없음,해당없음
"5. 전기, 기계설비공사",5.2 기계설비 작업,"5.2.1 기계설비 자재반입, 가공, 운반","기타자재(내부마감재,시멘트,마대)",깔림 뒤집힘,1,32,3.1,"기타자재(내부마감재,시멘트,마대)",해당없음,해당없음,해당없음
"5. 전기, 기계설비공사",5.2 기계설비 작업,"5.2.1 기계설비 자재반입, 가공, 운반","기타자재(내부마감재,시멘트,마대)",떨어짐,1,32,3.1,"기타자재(내부마감재,시멘트,마대)",해당없음,해당없음,해당없음
"5. 전기, 기계설비공사",5.2 기계설비 작업,"5.2.1 기계설비 자재반입, 가공, 운반","기타자재(내부마감재,시멘트,마대)",부딪힘 접촉,1,32,3.1,"기타자재(내부마감재,시멘트,마대)",해당없음,해당없음,해당없음
"5. 전기, 기계설비공사",5.2 기계설비 작업,"5.2.1 기계설비 자재반입, 가공, 운반","지붕(처마,홈통)",떨어짐,1,32,3.1,마감재,12대 기인물,3,7.1%
"5. 전기, 기계설비공사",5.2 기계설비 작업,"5.2.1 기계설비 자재반입, 가공, 운반",작업발판/가설계단,떨어짐,1,32,3.1,작업발판/가설계단,12대 기인물,4,6.9%
11. 기타 토목공사,11.1 부대 토목 작업,11.1.1 부대토목 옹벽시공,토사,무너짐,6,30,20.0,토사,해당없음,해당없음,해당없음
11. 기타 토목공사,11.1 부대 토목 작업,11.1.1 부대토목 옹벽시공,굴착기,부딪힘 접촉,3,30,10.0,건설기계,12대 기인물,5,4.9%
11. 기타 토목공사,11.1 부대 토목 작업,11.1.1 부대토목 옹벽시공,슬라브단부,떨어짐,3,30,10.0,슬라브단부,해당없음,해당없음,해당없음
11. 기타 토목공사,11.1 부대 토목 작업,11.1.1 부대토목 옹벽시공,굴착기,맞음,2,30,6.7,건설기계,12대 기인물,5,4.9%
11. 기타 토목공사,11.1 부대 토목 작업,11.1.1 부대토목 옹벽시공,기타구조물,깔림 뒤집힘,2,30,6.7,기타구조물,해당없음,해당없음,해당없음
11. 기타 토목공사,11.1 부대 토목 작업,11.1.1 부대토목 옹벽시공,"각재(파이프,강관,합판)",맞음,1,30,3.3,"각재(파이프,강관,합판)",해당없음,해당없음,해당없음
11. 기타 토목공사,11.1 부대 토목 작업,11.1.1 부대토목 옹벽시공,굴착기,맞음(낙하물체),1,30,3.3,건설기계,12대 기인물,5,4.9%
11. 기타 토목공사,11.1 부대 토목 작업,11.1.1 부대토목 옹벽시공,이동식크레인,떨어짐,1,30,3.3,건설기계,12대 기인물,12,2.3%
11. 기타 토목공사,11.1 부대 토목 작업,11.1.1 부대토목 옹벽시공,콘크리트펌프카,맞음,1,30,3.3,건설기계,해당없음,해당없음,해당없음
11. 기타 토목공사,11.1 부대 토목 작업,11.1.1 부대토목 옹벽시공,트럭,떨어짐,1,30,3.3,건설기계,12대 기인물,9,3.4%
11. 기타 토목공사,11.1 부대 토목 작업,11.1.1 부대토목 옹벽시공,기타구조물,끼임,1,30,3.3,기타구조물,해당없음,해당없음,해당없음
11. 기타 토목공사,11.1 부대 토목 작업,11.1.1 부대토목 옹벽시공,기타구조물,떨어짐,1,30,3.3,기타구조물,해당없음,해당없음,해당없음
11. 기타 토목공사,11.1 부대 토목 작업,11.1.1 부대토목 옹벽시공,"기타자재(내부마감재,시멘트,마대)",끼임,1,30,3.3,"기타자재(내부마감재,시멘트,마대)",해당없음,해당없음,해당없음
11. 기타 토목공사,11.1 부대 토목 작업,11.1.1 부대토목 옹벽시공,분류불능,떨어짐,1,30,3.3,분류불능,해당없음,해당없음,해당없음
11. 기타 토목공사,11.1 부대 토목 작업,11.1.1 부대토목 옹벽시공,분류불능,원인미상,1,30,3.3,분류불능,해당없음,해당없음,해당없음
11. 기타 토목공사,11.1 부대 토목 작업,11.1.1 부대토목 옹벽시공,비계,떨어짐,1,30,3.3,비계,12대 기인물,4,6.9%
11. 기타 토목공사,11.1 부대 토목 작업,11.1.1 부대토목 옹벽시공,로울러,떨어짐,1,30,3.3,유해위험기계기구,해당없음,해당없음,해당없음
11. 기타 토목공사,11.1 부대 토목 작업,11.1.1 부대토목 옹벽시공,작업발판/가설계단,떨어짐,1,30,3.3,작업발판/가설계단,12대 기인물,4,6.9%
11. 기타 토목공사,11.1 부대 토목 작업,11.1.1 부대토목 옹벽시공,토사,떨어짐,1,30,3.3,토사,해당없음,해당없음,해당없음
12. 공통공사,12.5 양중기 작업,12.5.1 양중기(타워크레인),고정식크레인,떨어짐,15,27,55.6,건설기계,해당없음,해당없음,해당없음
12. 공통공사,12.5 양중기 작업,12.5.1 양중기(타워크레인),고정식크레인,깔림 뒤집힘,3,27,11.1,건설기계,해당없음,해당없음,해당없음
12. 공통공사,12.5 양중기 작업,12.5.1 양중기(타워크레인),개구부(바닥개구부),떨어짐,1,27,3.7,개구부,12대 기인물,1,9.0%
12. 공통공사,12.5 양중기 작업,12.5.1 양중기(타워크레인),고정식크레인,끼임,1,27,3.7,건설기계,해당없음,해당없음,해당없음
12. 공통공사,12.5 양중기 작업,12.5.1 양중기(타워크레인),고정식크레인,맞음,1,27,3.7,건설기계,해당없음,해당없음,해당없음
12. 공통공사,12.5 양중기 작업,12.5.1 양중기(타워크레인),고정식크레인,맞음(낙하물체),1,27,3.7,건설기계,해당없음,해당없음,해당없음
12. 공통공사,12.5 양중기 작업,12.5.1 양중기(타워크레인),고정식크레인,무너짐,1,27,3.7,건설기계,해당없음,해당없음,해당없음
12. 공통공사,12.5 양중기 작업,12.5.1 양중기(타워크레인),이동식크레인,끼임,1,27,3.7,건설기계,12대 기인물,12,2.3%
12. 공통공사,12.5 양중기 작업,12.5.1 양중기(타워크레인),"철근콘크리트자재(철근,콘크리트,PC)",깔림 뒤집힘,1,27,3.7,건설자재,해당없음,해당없음,해당없음
12. 공통공사,12.5 양중기 작업,12.5.1 양중기(타워크레인),"기타자재(내부마감재,시멘트,마대)",맞음,1,27,3.7,"기타자재(내부마감재,시멘트,마대)",해당없음,해당없음,해당없음
12. 공통공사,12.5 양중기 작업,12.5.1 양중기(타워크레인),리프트,떨어짐,1,27,3.7,리프트,해당없음,해당없음,해당없음
7. 도로 및 포장공사,7.1 포장 작업,7.1.2 포장 시공,트럭,깔림 뒤집힘,8,26,30.8,건설기계,12대 기인물,9,3.4%
7. 도로 및 포장공사,7.1 포장 작업,7.1.2 포장 시공,로울러,깔림 뒤집힘,6,26,23.1,유해위험기계기구,해당없음,해당없음,해당없음
7. 도로 및 포장공사,7.1 포장 작업,7.1.2 포장 시공,기타건설장비,깔림 뒤집힘,5,26,19.2,건설기계,해당없음,해당없음,해당없음
7. 도로 및 포장공사,7.1 포장 작업,7.1.2 포장 시공,굴착기,깔림 뒤집힘,2,26,7.7,건설기계,12대 기인물,5,4.9%
7. 도로 및 포장공사,7.1 포장 작업,7.1.2 포장 시공,개구부(바닥개구부),떨어짐,1,26,3.8,개구부,12대 기인물,1,9.0%
7. 도로 및 포장공사,7.1 포장 작업,7.1.2 포장 시공,굴착기,부딪힘 접촉,1,26,3.8,건설기계,12대 기인물,5,4.9%
7. 도로 및 포장공사,7.1 포장 작업,7.1.2 포장 시공,트럭,떨어짐,1,26,3.8,건설기계,12대 기인물,9,3.4%
7. 도로 및 포장공사,7.1 포장 작업,7.1.2 포장 시공,기계설비,떨어짐,1,26,3.8,기계설비,해당없음,해당없음,해당없음
7. 도로 및 포장공사,7.1 포장 작업,7.1.2 포장 시공,바닥(바닥에 걸려 넘어짐),무너짐,1,26,3.8,바닥(바닥에 걸려 넘어짐),해당없음,해당없음,해당없음
4. 마감공사,"4.1 조적, 미장 및 견출작업",4.1.2 조적시공,작업발판/가설계단,떨어짐,6,25,24.0,작업발판/가설계단,12대 기인물,4,6.9%
4. 마감공사,"4.1 조적, 미장 및 견출작업",4.1.2 조적시공,비계,떨어짐,4,25,16.0,비계,12대 기인물,4,6.9%
4. 마감공사,"4.1 조적, 미장 및 견출작업",4.1.2 조적시공,이동식비계,떨어짐,4,25,16.0,이동식비계,12대 기인물,4,6.9%
12. 공통공사,"12.6 위험기계기구 작업(장비수리, 이동 등)","12.6.1 건설기계 장비수리, 개량, 이동 등",지게차,부딪힘 접촉,3,25,12.0,건설기계,해당없음,해당없음,해당없음
12. 공통공사,"12.6 위험기계기구 작업(장비수리, 이동 등)","12.6.1 건설기계 장비수리, 개량, 이동 등",이동식크레인,깔림 뒤집힘,2,25,8.0,건설기계,12대 기인물,12,2.3%
12. 공통공사,"12.6 위험기계기구 작업(장비수리, 이동 등)","12.6.1 건설기계 장비수리, 개량, 이동 등",이동식크레인,끼임,2,25,8.0,건설기계,12대 기인물,12,2.3%
12. 공통공사,"12.6 위험기계기구 작업(장비수리, 이동 등)","12.6.1 건설기계 장비수리, 개량, 이동 등",트럭,부딪힘 접촉,2,25,8.0,건설기계,12대 기인물,9,3.4%
4. 마감공사,"4.1 조적, 미장 및 견출작업",4.1.2 조적시공,"기타자재(내부마감재,시멘트,마대)",맞음,2,25,8.0,"기타자재(내부마감재,시멘트,마대)",해당없음,해당없음,해당없음
4. 마감공사,"4.1 조적, 미장 및 견출작업",4.1.2 조적시공,벽체,떨어짐,2,25,8.0,벽체,해당없음,해당없음,해당없음
12. 공통공사,"12.6 위험기계기구 작업(장비수리, 이동 등)","12.6.1 건설기계 장비수리, 개량, 이동 등",교통수단,깔림 뒤집힘,1,25,4.0,건설기계,해당없음,해당없음,해당없음
12. 공통공사,"12.6 위험기계기구 작업(장비수리, 이동 등)","12.6.1 건설기계 장비수리, 개량, 이동 등",교통수단,부딪힘 접촉,1,25,4.0,건설기계,해당없음,해당없음,해당없음
12. 공통공사,"12.6 위험기계기구 작업(장비수리, 이동 등)","12.6.1 건설기계 장비수리, 개량, 이동 등",굴착기,깔림 뒤집힘,1,25,4.0,건설기계,12대 기인물,5,4.9%
12. 공통공사,"12.6 위험기계기구 작업(장비수리, 이동 등)","12.6.1 건설기계 장비수리, 개량, 이동 등",굴착기,끼임,1,25,4.0,건설기계,12대 기인물,5,4.9%
12. 공통공사,"12.6 위험기계기구 작업(장비수리, 이동 등)","12.6.1 건설기계 장비수리, 개량, 이동 등",굴착기,부딪힘 접촉,1,25,4.0,건설기계,12대 기인물,5,4.9%
12. 공통공사,"12.6 위험기계기구 작업(장비수리, 이동 등)","12.6.1 건설기계 장비수리, 개량, 이동 등",이동식크레인,맞음,1,25,4.0,건설기계,12대 기인물,12,2.3%
12. 공통공사,"12.6 위험기계기구 작업(장비수리, 이동 등)","12.6.1 건설기계 장비수리, 개량, 이동 등",지게차,깔림 뒤집힘,1,25,4.0,건설기계,해당없음,해당없음,해당없음
12. 공통공사,"12.6 위험기계기구 작업(장비수리, 이동 등)","12.6.1 건설기계 장비수리, 개량, 이동 등",지게차,끼임,1,25,4.0,건설기계,해당없음,해당없음,해당없음
12. 공통공사,"12.6 위험기계기구 작업(장비수리, 이동 등)","12.6.1 건설기계 장비수리, 개량, 이동 등",지게차,떨어짐,1,25,4.0,건설기계,해당없음,해당없음,해당없음
12. 공통공사,"12.6 위험기계기구 작업(장비수리, 이동 등)","12.6.1 건설기계 장비수리, 개량, 이동 등",트럭,깔림 뒤집힘,1,25,4.0,건설기계,12대 기인물,9,3.4%
12. 공통공사,"12.6 위험기계기구 작업(장비수리, 이동 등)","12.6.1 건설기계 장비수리, 개량, 이동 등",트럭,끼임,1,25,4.0,건설기계,12대 기인물,9,3.4%
12. 공통공사,"12.6 위험기계기구 작업(장비수리, 이동 등)","12.6.1 건설기계 장비수리, 개량, 이동 등",트럭,떨어짐,1,25,4.0,건설기계,12대 기인물,9,3.4%
12. 공통공사,"12.6 위험기계기구 작업(장비수리, 이동 등)","12.6.1 건설기계 장비수리, 개량, 이동 등",트럭,맞음,1,25,4.0,건설기계,12대 기인물,9,3.4%
12. 공통공사,"12.6 위험기계기구 작업(장비수리, 이동 등)","12.6.1 건설기계 장비수리, 개량, 이동 등",기타구조물,떨어짐,1,25,4.0,기타구조물,해당없음,해당없음,해당없음
12. 공통공사,"12.6 위험기계기구 작업(장비수리, 이동 등)","12.6.1 건설기계 장비수리, 개량, 이동 등","기타자재(내부마감재,시멘트,마대)",끼임,1,25,4.0,"기타자재(내부마감재,시멘트,마대)",해당없음,해당없음,해당없음
12. 공통공사,"12.6 위험기계기구 작업(장비수리, 이동 등)","12.6.1 건설기계 장비수리, 개량, 이동 등",엘리베이터피트,떨어짐,1,25,4.0,엘리베이터피트,해당없음,해당없음,해당없음
4. 마감공사,"4.1 조적, 미장 및 견출작업",4.1.2 조적시공,개구부(바닥개구부),떨어짐,1,25,4.0,개구부,12대 기인물,1,9.0%
4. 마감공사,"4.1 조적, 미장 및 견출작업",4.1.2 조적시공,교통수단,끼임,1,25,4.0,건설기계,해당없음,해당없음,해당없음
4. 마감공사,"4.1 조적, 미장 및 견출작업",4.1.2 조적시공,굴착기,떨어짐,1,25,4.0,건설기계,12대 기인물,5,4.9%
4. 마감공사,"4.1 조적, 미장 및 견출작업",4.1.2 조적시공,지게차,떨어짐,1,25,4.0,건설기계,해당없음,해당없음,해당없음
4. 마감공사,"4.1 조적, 미장 및 견출작업",4.1.2 조적시공,계단,떨어짐,1,25,4.0,계단,해당없음,해당없음,해당없음
4. 마감공사,"4.1 조적, 미장 및 견출작업",4.1.2 조적시공,사다리,떨어짐,1,25,4.0,사다리,12대 기인물,4,6.9%
4. 마감공사,"4.1 조적, 미장 및 견출작업",4.1.2 조적시공,슬라브단부,떨어짐,1,25,4.0,슬라브단부,해당없음,해당없음,해당없음
4. 마감공사,4.8 판넬 등 외부마감 작업,4.8.1 판넬 등 외부마감 자재반입,"지붕(처마,홈통)",떨어짐,8,23,34.8,마감재,12대 기인물,3,7.1%
1. 토공사,1.1 굴착 작업,1.1.3 굴착 토사반출,트럭,깔림 뒤집힘,6,23,26.1,건설기계,12대 기인물,9,3.4%
2. 철근콘크리트공사,2.3 철근 작업,2.3.2 철근 가공 및 운반,이동식크레인,맞음,5,23,21.7,건설기계,12대 기인물,12,2.3%
2. 철근콘크리트공사,2.3 철근 작업,2.3.2 철근 가공 및 운반,"철근콘크리트자재(철근,콘크리트,PC)",맞음,5,23,21.7,건설자재,해당없음,해당없음,해당없음
7. 도로 및 포장공사,7.2 포설 및 다짐 작업,7.2.1 포설 및 다짐,트럭,깔림 뒤집힘,5,23,21.7,건설기계,12대 기인물,9,3.4%
7. 도로 및 포장공사,7.2 포설 및 다짐 작업,7.2.1 포설 및 다짐,로울러,깔림 뒤집힘,5,23,21.7,유해위험기계기구,해당없음,해당없음,해당없음
1. 토공사,1.1 굴착 작업,1.1.3 굴착 토사반출,트럭,끼임,4,23,17.4,건설기계,12대 기인물,9,3.4%
1. 토공사,1.1 굴착 작업,1.1.3 굴착 토사반출,트럭,떨어짐,3,23,13.0,건설기계,12대 기인물,9,3.4%
4. 마감공사,4.8 판넬 등 외부마감 작업,4.8.1 판넬 등 외부마감 자재반입,개구부(바닥개구부),떨어짐,3,23,13.0,개구부,12대 기인물,1,9.0%
7. 도로 및 포장공사,7.2 포설 및 다짐 작업,7.2.1 포설 및 다짐,굴착기,깔림 뒤집힘,3,23,13.0,건설기계,12대 기인물,5,4.9%
1. 토공사,1.1 굴착 작업,1.1.3 굴착 토사반출,굴착기,깔림 뒤집힘,2,23,8.7,건설기계,12대 기인물,5,4.9%
2. 철근콘크리트공사,2.3 철근 작업,2.3.2 철근 가공 및 운반,"각재(파이프,강관,합판)",떨어짐,2,23,8.7,"각재(파이프,강관,합판)",해당없음,해당없음,해당없음
2. 철근콘크리트공사,2.3 철근 작업,2.3.2 철근 가공 및 운반,비계,떨어짐,2,23,8.7,비계,12대 기인물,4,6.9%
4. 마감공사,4.8 판넬 등 외부마감 작업,4.8.1 판넬 등 외부마감 자재반입,"지붕(채광판,선라이트)",떨어짐,2,23,8.7,마감재,12대 기인물,3,7.1%
1. 토공사,1.1 굴착 작업,1.1.3 굴착 토사반출,굴착기,끼임,1,23,4.3,건설기계,12대 기인물,5,4.9%
1. 토공사,1.1 굴착 작업,1.1.3 굴착 토사반출,굴착기,떨어짐,1,23,4.3,건설기계,12대 기인물,5,4.9%
1. 토공사,1.1 굴착 작업,1.1.3 굴착 토사반출,기타건설장비,깔림 뒤집힘,1,23,4.3,건설기계,해당없음,해당없음,해당없음
1. 토공사,1.1 굴착 작업,1.1.3 굴착 토사반출,기타건설장비,맞음,1,23,4.3,건설기계,해당없음,해당없음,해당없음
1. 토공사,1.1 굴착 작업,1.1.3 굴착 토사반출,이동식크레인,깔림 뒤집힘,1,23,4.3,건설기계,12대 기인물,12,2.3%
1. 토공사,1.1 굴착 작업,1.1.3 굴착 토사반출,물,맞음,1,23,4.3,물,해당없음,해당없음,해당없음
1. 토공사,1.1 굴착 작업,1.1.3 굴착 토사반출,전주,맞음,1,23,4.3,전기,해당없음,해당없음,해당없음
1. 토공사,1.1 굴착 작업,1.1.3 굴착 토사반출,토사,무너짐,1,23,4.3,토사,해당없음,해당없음,해당없음
2. 철근콘크리트공사,2.3 철근 작업,2.3.2 철근 가공 및 운반,"각재(파이프,강관,합판)",절단 베임 찔림,1,23,4.3,"각재(파이프,강관,합판)",해당없음,해당없음,해당없음
2. 철근콘크리트공사,2.3 철근 작업,2.3.2 철근 가공 및 운반,개구부(바닥개구부),떨어짐,1,23,4.3,개구부,12대 기인물,1,9.0%
2. 철근콘크리트공사,2.3 철근 작업,2.3.2 철근 가공 및 운반,고정식크레인,맞음(낙하물체),1,23,4.3,건설기계,해당없음,해당없음,해당없음
2. 철근콘크리트공사,2.3 철근 작업,2.3.2 철근 가공 및 운반,굴착기,맞음,1,23,4.3,건설기계,12대 기인물,5,4.9%
2. 철근콘크리트공사,2.3 철근 작업,2.3.2 철근 가공 및 운반,"철근콘크리트자재(철근,콘크리트,PC)",맞음(낙하물체),1,23,4.3,건설자재,해당없음,해당없음,해당없음
2. 철근콘크리트공사,2.3 철근 작업,2.3.2 철근 가공 및 운반,계단,떨어짐,1,23,4.3,계단,해당없음,해당없음,해당없음
2. 철근콘크리트공사,2.3 철근 작업,2.3.2 철근 가공 및 운반,고소작업대,맞음(낙하물체),1,23,4.3,고소작업대,12대 기인물,6,4.9%
2. 철근콘크리트공사,2.3 철근 작업,2.3.2 철근 가공 및 운반,엘리베이터피트,떨어짐,1,23,4.3,엘리베이터피트,해당없음,해당없음,해당없음
2. 철근콘크리트공사,2.3 철근 작업,2.3.2 철근 가공 및 운반,충전부,감전,1,23,4.3,전기,해당없음,해당없음,해당없음
4. 마감공사,4.8 판넬 등 외부마감 작업,4.8.1 판넬 등 외부마감 자재반입,트럭,떨어짐,1,23,4.3,건설기계,12대 기인물,9,3.4%
4. 마감공사,4.8 판넬 등 외부마감 작업,4.8.1 판넬 등 외부마감 자재반입,철골(철골구조물),떨어짐,1,23,4.3,건설자재,12대 기인물,2,8.5%
4. 마감공사,4.8 판넬 등 외부마감 작업,4.8.1 판넬 등 외부마감 자재반입,고소작업대,끼임,1,23,4.3,고소작업대,12대 기인물,6,4.9%
4. 마감공사,4.8 판넬 등 외부마감 작업,4.8.1 판넬 등 외부마감 자재반입,고소작업대,떨어짐,1,23,4.3,고소작업대,12대 기인물,6,4.9%
4. 마감공사,4.8 판넬 등 외부마감 작업,4.8.1 판넬 등 외부마감 자재반입,외부마감재,깔림 뒤집힘,1,23,4.3,마감재,해당없음,해당없음,해당없음
4. 마감공사,4.8 판넬 등 외부마감 작업,4.8.1 판넬 등 외부마감 자재반입,외부마감재,떨어짐,1,23,4.3,마감재,해당없음,해당없음,해당없음
4. 마감공사,4.8 판넬 등 외부마감 작업,4.8.1 판넬 등 외부마감 자재반입,사다리,떨어짐,1,23,4.3,사다리,12대 기인물,4,6.9%
4. 마감공사,4.8 판넬 등 외부마감 작업,4.8.1 판넬 등 외부마감 자재반입,슬라브단부,떨어짐,1,23,4.3,슬라브단부,해당없음,해당없음,해당없음
4. 마감공사,4.8 판넬 등 외부마감 작업,4.8.1 판넬 등 외부마감 자재반입,충전부,감전,1,23,4.3,전기,해당없음,해당없음,해당없음
4. 마감공사,4.8 판넬 등 외부마감 작업,4.8.1 판넬 등 외부마감 자재반입,충전부,떨어짐,1,23,4.3,전기,해당없음,해당없음,해당없음
7. 도로 및 포장공사,7.2 포설 및 다짐 작업,7.2.1 포설 및 다짐,교통수단,부딪힘 접촉,1,23,4.3,건설기계,해당없음,해당없음,해당없음
7. 도로 및 포장공사,7.2 포설 및 다짐 작업,7.2.1 포설 및 다짐,기타건설장비,깔림 뒤집힘,1,23,4.3,건설기계,해당없음,해당없음,해당없음
7. 도로 및 포장공사,7.2 포설 및 다짐 작업,7.2.1 포설 및 다짐,기타건설장비,끼임,1,23,4.3,건설기계,해당없음,해당없음,해당없음
7. 도로 및 포장공사,7.2 포설 및 다짐 작업,7.2.1 포설 및 다짐,기타건설장비,무너짐,1,23,4.3,건설기계,해당없음,해당없음,해당없음
7. 도로 및 포장공사,7.2 포설 및 다짐 작업,7.2.1 포설 및 다짐,이동식크레인,깔림 뒤집힘,1,23,4.3,건설기계,12대 기인물,12,2.3%
7. 도로 및 포장공사,7.2 포설 및 다짐 작업,7.2.1 포설 및 다짐,트럭,무너짐,1,23,4.3,건설기계,12대 기인물,9,3.4%
7. 도로 및 포장공사,7.2 포설 및 다짐 작업,7.2.1 포설 및 다짐,기타가설구조물,떨어짐,1,23,4.3,기타가설구조물,해당없음,해당없음,해당없음
7. 도로 및 포장공사,7.2 포설 및 다짐 작업,7.2.1 포설 및 다짐,기타구조물,깔림 뒤집힘,1,23,4.3,기타구조물,해당없음,해당없음,해당없음
7. 도로 및 포장공사,7.2 포설 및 다짐 작업,7.2.1 포설 및 다짐,기타구조물,무너짐,1,23,4.3,기타구조물,해당없음,해당없음,해당없음
7. 도로 및 포장공사,7.2 포설 및 다짐 작업,7.2.1 포설 및 다짐,로울러,떨어짐,1,23,4.3,유해위험기계기구,해당없음,해당없음,해당없음
4. 마감공사,"4.1 조적, 미장 및 견출작업","4.1.1 조적, 미장 및 견출 자재반입, 운반",개구부(바닥개구부),떨어짐,3,22,13.6,개구부,12대 기인물,1,9.0%
4. 마감공사,"4.1 조적, 미장 및 견출작업","4.1.1 조적, 미장 및 견출 자재반입, 운반",개구부(기타개구부),떨어짐,2,22,9.1,개구부,12대 기인물,1,9.0%
4. 마감공사,"4.1 조적, 미장 및 견출작업","4.1.1 조적, 미장 및 견출 자재반입, 운반",지게차,끼임,2,22,9.1,건설기계,해당없음,해당없음,해당없음
4. 마감공사,"4.1 조적, 미장 및 견출작업","4.1.1 조적, 미장 및 견출 자재반입, 운반",계단,떨어짐,2,22,9.1,계단,해당없음,해당없음,해당없음
4. 마감공사,"4.1 조적, 미장 및 견출작업","4.1.1 조적, 미장 및 견출 자재반입, 운반",슬라브단부,떨어짐,2,22,9.1,슬라브단부,해당없음,해당없음,해당없음
4. 마감공사,"4.1 조적, 미장 및 견출작업","4.1.1 조적, 미장 및 견출 자재반입, 운반",이동식크레인,부딪힘 접촉,1,22,4.5,건설기계,12대 기인물,12,2.3%
4. 마감공사,"4.1 조적, 미장 및 견출작업","4.1.1 조적, 미장 및 견출 자재반입, 운반",고소작업대,떨어짐,1,22,4.5,고소작업대,12대 기인물,6,4.9%
4. 마감공사,"4.1 조적, 미장 및 견출작업","4.1.1 조적, 미장 및 견출 자재반입, 운반",리프트,끼임,1,22,4.5,리프트,해당없음,해당없음,해당없음
4. 마감공사,"4.1 조적, 미장 및 견출작업","4.1.1 조적, 미장 및 견출 자재반입, 운반",리프트,떨어짐,1,22,4.5,리프트,해당없음,해당없음,해당없음
4. 마감공사,"4.1 조적, 미장 및 견출작업","4.1.1 조적, 미장 및 견출 자재반입, 운반",말비계,떨어짐,1,22,4.5,말비계,12대 기인물,4,6.9%
4. 마감공사,"4.1 조적, 미장 및 견출작업","4.1.1 조적, 미장 및 견출 자재반입, 운반",달비계,떨어짐,1,22,4.5,비계,12대 기인물,8,3.7%
4. 마감공사,"4.1 조적, 미장 및 견출작업","4.1.1 조적, 미장 및 견출 자재반입, 운반",비계,떨어짐,1,22,4.5,비계,12대 기인물,4,6.9%
4. 마감공사,"4.1 조적, 미장 및 견출작업","4.1.1 조적, 미장 및 견출 자재반입, 운반",사다리,떨어짐,1,22,4.5,사다리,12대 기인물,4,6.9%
4. 마감공사,"4.1 조적, 미장 및 견출작업","4.1.1 조적, 미장 및 견출 자재반입, 운반",엘리베이터피트,떨어짐,1,22,4.5,엘리베이터피트,해당없음,해당없음,해당없음
4. 마감공사,"4.1 조적, 미장 및 견출작업","4.1.1 조적, 미장 및 견출 자재반입, 운반",이동식비계,깔림 뒤집힘,1,22,4.5,이동식비계,12대 기인물,4,6.9%
4. 마감공사,"4.1 조적, 미장 및 견출작업","4.1.1 조적, 미장 및 견출 자재반입, 운반",이동식비계,떨어짐,1,22,4.5,이동식비계,12대 기인물,4,6.9%
3. 철골공사,3.1 철골 작업,3.1.3 철골 데크 플레이트 설치,철골(철골구조물),떨어짐,11,21,52.4,건설자재,12대 기인물,2,8.5%
4. 마감공사,4.4 도장작업,4.4.2 실내 도장,사다리,떨어짐,5,21,23.8,사다리,12대 기인물,4,6.9%
4. 마감공사,4.4 도장작업,4.4.2 실내 도장,이동식비계,떨어짐,5,21,23.8,이동식비계,12대 기인물,4,6.9%
"5. 전기, 기계설비공사",5.3 엘리베이터 설치 작업,5.3.1 엘리베이터 기계 설치,기계설비,끼임,5,21,23.8,기계설비,해당없음,해당없음,해당없음
"5. 전기, 기계설비공사",5.3 엘리베이터 설치 작업,5.3.1 엘리베이터 기계 설치,엘리베이터피트,떨어짐,5,21,23.8,엘리베이터피트,해당없음,해당없음,해당없음
1. 토공사,1.2 흙막이 지보공 작업,1.2.2 흙막이 지보공 설치,흙막이가시설,떨어짐,4,21,19.0,흙막이가시설,해당없음,해당없음,해당없음
2. 철근콘크리트공사,2.3 철근 작업,2.3.3 철근 조립,비계,떨어짐,4,21,19.0,비계,12대 기인물,4,6.9%
3. 철골공사,3.1 철골 작업,3.1.3 철골 데크 플레이트 설치,개구부(바닥개구부),떨어짐,4,21,19.0,개구부,12대 기인물,1,9.0%
1. 토공사,1.2 흙막이 지보공 작업,1.2.2 흙막이 지보공 설치,토사,깔림 뒤집힘,3,21,14.3,토사,해당없음,해당없음,해당없음
1. 토공사,1.2 흙막이 지보공 작업,1.2.2 흙막이 지보공 설치,흙막이가시설,깔림 뒤집힘,3,21,14.3,흙막이가시설,해당없음,해당없음,해당없음
2. 철근콘크리트공사,2.3 철근 작업,2.3.3 철근 조립,"철근콘크리트자재(철근,콘크리트,PC)",깔림 뒤집힘,3,21,14.3,건설자재,해당없음,해당없음,해당없음
3. 철골공사,3.1 철골 작업,3.1.3 철골 데크 플레이트 설치,슬라브단부,떨어짐,3,21,14.3,슬라브단부,해당없음,해당없음,해당없음
"5. 전기, 기계설비공사",5.3 엘리베이터 설치 작업,5.3.1 엘리베이터 기계 설치,기계설비,떨어짐,3,21,14.3,기계설비,해당없음,해당없음,해당없음
2. 철근콘크리트공사,2.3 철근 작업,2.3.3 철근 조립,사다리,떨어짐,2,21,9.5,사다리,12대 기인물,4,6.9%
2. 철근콘크리트공사,2.3 철근 작업,2.3.3 철근 조립,슬라브단부,떨어짐,2,21,9.5,슬라브단부,해당없음,해당없음,해당없음
4. 마감공사,4.4 도장작업,4.4.2 실내 도장,개구부(바닥개구부),떨어짐,2,21,9.5,개구부,12대 기인물,1,9.0%
"5. 전기, 기계설비공사",5.3 엘리베이터 설치 작업,5.3.1 엘리베이터 기계 설치,개구부(기타개구부),떨어짐,2,21,9.5,개구부,12대 기인물,1,9.0%
"5. 전기, 기계설비공사",5.3 엘리베이터 설치 작업,5.3.1 엘리베이터 기계 설치,"지붕(처마,홈통)",떨어짐,2,21,9.5,마감재,12대 기인물,3,7.1%
1. 토공사,1.2 흙막이 지보공 작업,1.2.2 흙막이 지보공 설치,굴착기,맞음,1,21,4.8,건설기계,12대 기인물,5,4.9%
1. 토공사,1.2 흙막이 지보공 작업,1.2.2 흙막이 지보공 설치,굴착기,맞음(낙하물체),1,21,4.8,건설기계,12대 기인물,5,4.9%
1. 토공사,1.2 흙막이 지보공 작업,1.2.2 흙막이 지보공 설치,굴착기,부딪힘 접촉,1,21,4.8,건설기계,12대 기인물,5,4.9%
1. 토공사,1.2 흙막이 지보공 작업,1.2.2 흙막이 지보공 설치,이동식크레인,부딪힘 접촉,1,21,4.8,건설기계,12대 기인물,12,2.3%
1. 토공사,1.2 흙막이 지보공 작업,1.2.2 흙막이 지보공 설치,천공기/항타기,맞음,1,21,4.8,건설기계,해당없음,해당없음,해당없음
1. 토공사,1.2 흙막이 지보공 작업,1.2.2 흙막이 지보공 설치,천공기/항타기,맞음(낙하물체),1,21,4.8,건설기계,해당없음,해당없음,해당없음
1. 토공사,1.2 흙막이 지보공 작업,1.2.2 흙막이 지보공 설치,고소작업대,떨어짐,1,21,4.8,고소작업대,12대 기인물,6,4.9%
1. 토공사,1.2 흙막이 지보공 작업,1.2.2 흙막이 지보공 설치,작업발판/가설계단,떨어짐,1,21,4.8,작업발판/가설계단,12대 기인물,4,6.9%
1. 토공사,1.2 흙막이 지보공 작업,1.2.2 흙막이 지보공 설치,충전부,감전,1,21,4.8,전기,해당없음,해당없음,해당없음
1. 토공사,1.2 흙막이 지보공 작업,1.2.2 흙막이 지보공 설치,흙막이가시설,맞음,1,21,4.8,흙막이가시설,해당없음,해당없음,해당없음
1. 토공사,1.2 흙막이 지보공 작업,1.2.2 흙막이 지보공 설치,흙막이가시설,부딪힘 접촉,1,21,4.8,흙막이가시설,해당없음,해당없음,해당없음
2. 철근콘크리트공사,2.3 철근 작업,2.3.3 철근 조립,개구부(바닥개구부),떨어짐,1,21,4.8,개구부,12대 기인물,1,9.0%
2. 철근콘크리트공사,2.3 철근 작업,2.3.3 철근 조립,"철근콘크리트자재(철근,콘크리트,PC)",끼임,1,21,4.8,건설자재,해당없음,해당없음,해당없음
2. 철근콘크리트공사,2.3 철근 작업,2.3.3 철근 조립,"철근콘크리트자재(철근,콘크리트,PC)",절단 베임 찔림,1,21,4.8,건설자재,해당없음,해당없음,해당없음
2. 철근콘크리트공사,2.3 철근 작업,2.3.3 철근 조립,고소작업대,떨어짐,1,21,4.8,고소작업대,12대 기인물,6,4.9%
2. 철근콘크리트공사,2.3 철근 작업,2.3.3 철근 조립,바닥(바닥에 걸려 넘어짐),절단 베임 찔림,1,21,4.8,바닥(바닥에 걸려 넘어짐),해당없음,해당없음,해당없음
2. 철근콘크리트공사,2.3 철근 작업,2.3.3 철근 조립,벽체,깔림 뒤집힘,1,21,4.8,벽체,해당없음,해당없음,해당없음
2. 철근콘크리트공사,2.3 철근 작업,2.3.3 철근 조립,분류불능,열사병,1,21,4.8,분류불능,해당없음,해당없음,해당없음
2. 철근콘크리트공사,2.3 철근 작업,2.3.3 철근 조립,분류불능,절단 베임 찔림,1,21,4.8,분류불능,해당없음,해당없음,해당없음
2. 철근콘크리트공사,2.3 철근 작업,2.3.3 철근 조립,작업발판/가설계단,떨어짐,1,21,4.8,작업발판/가설계단,12대 기인물,4,6.9%
2. 철근콘크리트공사,2.3 철근 작업,2.3.3 철근 조립,충전부,감전,1,21,4.8,전기,해당없음,해당없음,해당없음
3. 철골공사,3.1 철골 작업,3.1.3 철골 데크 플레이트 설치,"각재(파이프,강관,합판)",맞음(낙하물체),1,21,4.8,"각재(파이프,강관,합판)",해당없음,해당없음,해당없음
3. 철골공사,3.1 철골 작업,3.1.3 철골 데크 플레이트 설치,"기타자재(내부마감재,시멘트,마대)",떨어짐,1,21,4.8,"기타자재(내부마감재,시멘트,마대)",해당없음,해당없음,해당없음
3. 철골공사,3.1 철골 작업,3.1.3 철골 데크 플레이트 설치,동바리,맞음(낙하물체),1,21,4.8,동바리,12대 기인물,11,3.0%
4. 마감공사,4.4 도장작업,4.4.2 실내 도장,철골(철골구조물),떨어짐,1,21,4.8,건설자재,12대 기인물,2,8.5%
4. 마감공사,4.4 도장작업,4.4.2 실내 도장,계단,떨어짐,1,21,4.8,계단,해당없음,해당없음,해당없음
4. 마감공사,4.4 도장작업,4.4.2 실내 도장,고소작업대,떨어짐,1,21,4.8,고소작업대,12대 기인물,6,4.9%
4. 마감공사,4.4 도장작업,4.4.2 실내 도장,"기타자재(내부마감재,시멘트,마대)",화재,1,21,4.8,"기타자재(내부마감재,시멘트,마대)",해당없음,해당없음,해당없음
4. 마감공사,4.4 도장작업,4.4.2 실내 도장,말비계,떨어짐,1,21,4.8,말비계,12대 기인물,4,6.9%
4. 마감공사,4.4 도장작업,4.4.2 실내 도장,분류불능,떨어짐,1,21,4.8,분류불능,해당없음,해당없음,해당없음
4. 마감공사,4.4 도장작업,4.4.2 실내 도장,사다리,넘어짐,1,21,4.8,사다리,12대 기인물,4,6.9%
4. 마감공사,4.4 도장작업,4.4.2 실내 도장,슬라브단부,떨어짐,1,21,4.8,슬라브단부,해당없음,해당없음,해당없음
4. 마감공사,4.4 도장작업,4.4.2 실내 도장,작업발판/가설계단,떨어짐,1,21,4.8,작업발판/가설계단,12대 기인물,4,6.9%
"5. 전기, 기계설비공사",5.3 엘리베이터 설치 작업,5.3.1 엘리베이터 기계 설치,"기타자재(내부마감재,시멘트,마대)",떨어짐,1,21,4.8,"기타자재(내부마감재,시멘트,마대)",해당없음,해당없음,해당없음
"5. 전기, 기계설비공사",5.3 엘리베이터 설치 작업,5.3.1 엘리베이터 기계 설치,분류불능,떨어짐,1,21,4.8,분류불능,해당없음,해당없음,해당없음
"5. 전기, 기계설비공사",5.3 엘리베이터 설치 작업,5.3.1 엘리베이터 기계 설치,용접(단)기,깔림 뒤집힘,1,21,4.8,유해위험기계기구,해당없음,해당없음,해당없음
"5. 전기, 기계설비공사",5.3 엘리베이터 설치 작업,5.3.1 엘리베이터 기계 설치,작업발판/가설계단,떨어짐,1,21,4.8,작업발판/가설계단,12대 기인물,4,6.9%
1. 토공사,1.3 기초파일 작업,"1.3.1 기초파일 자재, 장비반입, 운반, 보관",천공기/항타기,깔림 뒤집힘,4,20,20.0,건설기계,해당없음,해당없음,해당없음
1. 토공사,1.3 기초파일 작업,"1.3.1 기초파일 자재, 장비반입, 운반, 보관",굴착기,맞음,3,20,15.0,건설기계,12대 기인물,5,4.9%
1. 토공사,1.3 기초파일 작업,"1.3.1 기초파일 자재, 장비반입, 운반, 보관",천공기/항타기,끼임,2,20,10.0,건설기계,해당없음,해당없음,해당없음
1. 토공사,1.3 기초파일 작업,"1.3.1 기초파일 자재, 장비반입, 운반, 보관",기초파일,끼임,2,20,10.0,건설자재,해당없음,해당없음,해당없음
1. 토공사,1.3 기초파일 작업,"1.3.1 기초파일 자재, 장비반입, 운반, 보관",굴착기,깔림 뒤집힘,1,20,5.0,건설기계,12대 기인물,5,4.9%
1. 토공사,1.3 기초파일 작업,"1.3.1 기초파일 자재, 장비반입, 운반, 보관",굴착기,떨어짐,1,20,5.0,건설기계,12대 기인물,5,4.9%
1. 토공사,1.3 기초파일 작업,"1.3.1 기초파일 자재, 장비반입, 운반, 보관",굴착기,부딪힘 접촉,1,20,5.0,건설기계,12대 기인물,5,4.9%
1. 토공사,1.3 기초파일 작업,"1.3.1 기초파일 자재, 장비반입, 운반, 보관",이동식크레인,깔림 뒤집힘,1,20,5.0,건설기계,12대 기인물,12,2.3%
1. 토공사,1.3 기초파일 작업,"1.3.1 기초파일 자재, 장비반입, 운반, 보관",이동식크레인,떨어짐,1,20,5.0,건설기계,12대 기인물,12,2.3%
1. 토공사,1.3 기초파일 작업,"1.3.1 기초파일 자재, 장비반입, 운반, 보관",이동식크레인,맞음,1,20,5.0,건설기계,12대 기인물,12,2.3%
1. 토공사,1.3 기초파일 작업,"1.3.1 기초파일 자재, 장비반입, 운반, 보관",이동식크레인,맞음(낙하물체),1,20,5.0,건설기계,12대 기인물,12,2.3%
1. 토공사,1.3 기초파일 작업,"1.3.1 기초파일 자재, 장비반입, 운반, 보관",천공기/항타기,맞음,1,20,5.0,건설기계,해당없음,해당없음,해당없음
1. 토공사,1.3 기초파일 작업,"1.3.1 기초파일 자재, 장비반입, 운반, 보관",기초파일,맞음,1,20,5.0,건설자재,해당없음,해당없음,해당없음
12. 공통공사,12.2 안전가시설 작업,12.2.8 안전가시설(낙하물방지망),방망,떨어짐,13,19,68.4,방망,해당없음,해당없음,해당없음
1. 토공사,1.1 굴착 작업,1.1.2 굴착,토사,무너짐,7,19,36.8,토사,해당없음,해당없음,해당없음
1. 토공사,1.3 기초파일 작업,1.3.3 기초파일 항타,천공기/항타기,맞음,6,19,31.6,건설기계,해당없음,해당없음,해당없음
1. 토공사,1.3 기초파일 작업,1.3.3 기초파일 항타,천공기/항타기,끼임,4,19,21.1,건설기계,해당없음,해당없음,해당없음
1. 토공사,1.1 굴착 작업,1.1.2 굴착,굴착기,깔림 뒤집힘,3,19,15.8,건설기계,12대 기인물,5,4.9%
1. 토공사,1.3 기초파일 작업,1.3.3 기초파일 항타,천공기/항타기,떨어짐,3,19,15.8,건설기계,해당없음,해당없음,해당없음
1. 토공사,1.1 굴착 작업,1.1.2 굴착,굴착기,끼임,2,19,10.5,건설기계,12대 기인물,5,4.9%
1. 토공사,1.3 기초파일 작업,1.3.3 기초파일 항타,천공기/항타기,깔림 뒤집힘,2,19,10.5,건설기계,해당없음,해당없음,해당없음
12. 공통공사,12.2 안전가시설 작업,12.2.8 안전가시설(낙하물방지망),개구부(기타개구부),떨어짐,2,19,10.5,개구부,12대 기인물,1,9.0%
1. 토공사,1.1 굴착 작업,1.1.2 굴착,개구부(바닥개구부),떨어짐,1,19,5.3,개구부,12대 기인물,1,9.0%
1. 토공사,1.1 굴착 작업,1.1.2 굴착,굴착기,떨어짐,1,19,5.3,건설기계,12대 기인물,5,4.9%
1. 토공사,1.1 굴착 작업,1.1.2 굴착,굴착기,맞음,1,19,5.3,건설기계,12대 기인물,5,4.9%
1. 토공사,1.1 굴착 작업,1.1.2 굴착,벽체,맞음,1,19,5.3,벽체,해당없음,해당없음,해당없음
1. 토공사,1.1 굴착 작업,1.1.2 굴착,암석,맞음,1,19,5.3,암석,해당없음,해당없음,해당없음
1. 토공사,1.1 굴착 작업,1.1.2 굴착,토사,끼임,1,19,5.3,토사,해당없음,해당없음,해당없음
1. 토공사,1.1 굴착 작업,1.1.2 굴착,화학물질,폭발,1,19,5.3,화학물질,해당없음,해당없음,해당없음
1. 토공사,1.3 기초파일 작업,1.3.3 기초파일 항타,이동식크레인,맞음,1,19,5.3,건설기계,12대 기인물,12,2.3%
1. 토공사,1.3 기초파일 작업,1.3.3 기초파일 항타,이동식크레인,맞음(낙하물체),1,19,5.3,건설기계,12대 기인물,12,2.3%
1. 토공사,1.3 기초파일 작업,1.3.3 기초파일 항타,천공기/항타기,절단 베임 찔림,1,19,5.3,건설기계,해당없음,해당없음,해당없음
1. 토공사,1.3 기초파일 작업,1.3.3 기초파일 항타,분류불능,원인미상,1,19,5.3,분류불능,해당없음,해당없음,해당없음
12. 공통공사,12.2 안전가시설 작업,12.2.8 안전가시설(낙하물방지망),기타가설구조물,떨어짐,1,19,5.3,기타가설구조물,해당없음,해당없음,해당없음
12. 공통공사,12.2 안전가시설 작업,12.2.8 안전가시설(낙하물방지망),기타구조물,깔림 뒤집힘,1,19,5.3,기타구조물,해당없음,해당없음,해당없음
12. 공통공사,12.2 안전가시설 작업,12.2.8 안전가시설(낙하물방지망),슬라브단부,떨어짐,1,19,5.3,슬라브단부,해당없음,해당없음,해당없음
12. 공통공사,12.2 안전가시설 작업,12.2.8 안전가시설(낙하물방지망),충전부,감전,1,19,5.3,전기,해당없음,해당없음,해당없음
6. 조경공사,6.1 조경작업,6.1.1 조경 부지정리,수목,깔림 뒤집힘,8,18,44.4,수목,해당없음,해당없음,해당없음
6. 조경공사,6.1 조경작업,6.1.1 조경 부지정리,"각재(파이프,강관,합판)",맞음,1,18,5.6,"각재(파이프,강관,합판)",해당없음,해당없음,해당없음
6. 조경공사,6.1 조경작업,6.1.1 조경 부지정리,굴착기,깔림 뒤집힘,1,18,5.6,건설기계,12대 기인물,5,4.9%
6. 조경공사,6.1 조경작업,6.1.1 조경 부지정리,기타건설장비,깔림 뒤집힘,1,18,5.6,건설기계,해당없음,해당없음,해당없음
6. 조경공사,6.1 조경작업,6.1.1 조경 부지정리,기타건설장비,맞음,1,18,5.6,건설기계,해당없음,해당없음,해당없음
6. 조경공사,6.1 조경작업,6.1.1 조경 부지정리,트럭,부딪힘 접촉,1,18,5.6,건설기계,12대 기인물,9,3.4%
6. 조경공사,6.1 조경작업,6.1.1 조경 부지정리,고소작업대,떨어짐,1,18,5.6,고소작업대,12대 기인물,6,4.9%
6. 조경공사,6.1 조경작업,6.1.1 조경 부지정리,기타구조물,깔림 뒤집힘,1,18,5.6,기타구조물,해당없음,해당없음,해당없음
6. 조경공사,6.1 조경작업,6.1.1 조경 부지정리,수목,맞음,1,18,5.6,수목,해당없음,해당없음,해당없음
6. 조경공사,6.1 조경작업,6.1.1 조경 부지정리,슬라브단부,떨어짐,1,18,5.6,슬라브단부,해당없음,해당없음,해당없음
6. 조경공사,6.1 조경작업,6.1.1 조경 부지정리,충전부,떨어짐,1,18,5.6,전기,해당없음,해당없음,해당없음
2. 철근콘크리트공사,2.2 갱폼 작업,"2.2.3 갱폼 인양, 설치",거푸집,떨어짐,7,17,41.2,거푸집,12대 기인물,11,3.0%
2. 철근콘크리트공사,2.2 갱폼 작업,"2.2.3 갱폼 인양, 설치",비계(일체형비계),떨어짐,4,17,23.5,비계,12대 기인물,4,6.9%
3. 철골공사,3.1 철골 작업,3.1.1 철골 부재반입 및 운반,철골(철골구조물),떨어짐,4,17,23.5,건설자재,12대 기인물,2,8.5%
2. 철근콘크리트공사,2.4 콘크리트 작업,"2.4.1 콘크리트 반입, 운반",콘크리트믹서,깔림 뒤집힘,3,17,17.6,건설기계,해당없음,해당없음,해당없음
2. 철근콘크리트공사,2.4 콘크리트 작업,"2.4.1 콘크리트 반입, 운반",콘크리트펌프카,끼임,3,17,17.6,건설기계,해당없음,해당없음,해당없음
3. 철골공사,3.1 철골 작업,3.1.1 철골 부재반입 및 운반,철골(철골자재),떨어짐,3,17,17.6,건설자재,12대 기인물,2,8.5%
3. 철골공사,3.1 철골 작업,3.1.1 철골 부재반입 및 운반,철골(철골자재),맞음(낙하물체),3,17,17.6,건설자재,12대 기인물,2,8.5%
2. 철근콘크리트공사,2.2 갱폼 작업,"2.2.3 갱폼 인양, 설치",고정식크레인,떨어짐,2,17,11.8,건설기계,해당없음,해당없음,해당없음
2. 철근콘크리트공사,2.4 콘크리트 작업,"2.4.1 콘크리트 반입, 운반",콘크리트믹서,끼임,2,17,11.8,건설기계,해당없음,해당없음,해당없음
3. 철골공사,3.1 철골 작업,3.1.1 철골 부재반입 및 운반,개구부(바닥개구부),떨어짐,2,17,11.8,개구부,12대 기인물,1,9.0%
2. 철근콘크리트공사,2.2 갱폼 작업,"2.2.3 갱폼 인양, 설치",거푸집,끼임,1,17,5.9,거푸집,12대 기인물,11,3.0%
2. 철근콘크리트공사,2.2 갱폼 작업,"2.2.3 갱폼 인양, 설치",거푸집,맞음,1,17,5.9,거푸집,12대 기인물,11,3.0%
2. 철근콘크리트공사,2.2 갱폼 작업,"2.2.3 갱폼 인양, 설치",동바리,떨어짐,1,17,5.9,동바리,12대 기인물,11,3.0%
2. 철근콘크리트공사,2.2 갱폼 작업,"2.2.3 갱폼 인양, 설치",작업발판/가설계단,맞음,1,17,5.9,작업발판/가설계단,12대 기인물,4,6.9%
2. 철근콘크리트공사,2.4 콘크리트 작업,"2.4.1 콘크리트 반입, 운반",개구부(기타개구부),떨어짐,1,17,5.9,개구부,12대 기인물,1,9.0%
2. 철근콘크리트공사,2.4 콘크리트 작업,"2.4.1 콘크리트 반입, 운반",기타건설장비,떨어짐,1,17,5.9,건설기계,해당없음,해당없음,해당없음
2. 철근콘크리트공사,2.4 콘크리트 작업,"2.4.1 콘크리트 반입, 운반",기타건설장비,맞음(낙하물체),1,17,5.9,건설기계,해당없음,해당없음,해당없음
2. 철근콘크리트공사,2.4 콘크리트 작업,"2.4.1 콘크리트 반입, 운반",콘크리트펌프카,떨어짐,1,17,5.9,건설기계,해당없음,해당없음,해당없음
2. 철근콘크리트공사,2.4 콘크리트 작업,"2.4.1 콘크리트 반입, 운반",콘크리트펌프카,부딪힘 접촉,1,17,5.9,건설기계,해당없음,해당없음,해당없음
2. 철근콘크리트공사,2.4 콘크리트 작업,"2.4.1 콘크리트 반입, 운반",트럭,떨어짐,1,17,5.9,건설기계,12대 기인물,9,3.4%
2. 철근콘크리트공사,2.4 콘크리트 작업,"2.4.1 콘크리트 반입, 운반","철근콘크리트자재(철근,콘크리트,PC)",떨어짐,1,17,5.9,건설자재,해당없음,해당없음,해당없음
2. 철근콘크리트공사,2.4 콘크리트 작업,"2.4.1 콘크리트 반입, 운반",기타구조물,끼임,1,17,5.9,기타구조물,해당없음,해당없음,해당없음
2. 철근콘크리트공사,2.4 콘크리트 작업,"2.4.1 콘크리트 반입, 운반",분류불능,열사병,1,17,5.9,분류불능,해당없음,해당없음,해당없음
3. 철골공사,3.1 철골 작업,3.1.1 철골 부재반입 및 운반,이동식크레인,맞음,1,17,5.9,건설기계,12대 기인물,12,2.3%
3. 철골공사,3.1 철골 작업,3.1.1 철골 부재반입 및 운반,트럭,맞음(낙하물체),1,17,5.9,건설기계,12대 기인물,9,3.4%
3. 철골공사,3.1 철골 작업,3.1.1 철골 부재반입 및 운반,철골(철골구조물),깔림 뒤집힘,1,17,5.9,건설자재,12대 기인물,2,8.5%
3. 철골공사,3.1 철골 작업,3.1.1 철골 부재반입 및 운반,철골(철골자재),깔림 뒤집힘,1,17,5.9,건설자재,12대 기인물,2,8.5%
3. 철골공사,3.1 철골 작업,3.1.1 철골 부재반입 및 운반,고소작업대,떨어짐,1,17,5.9,고소작업대,12대 기인물,6,4.9%
4. 마감공사,4.3 석재 및 타일 작업,4.3.2 석재 및 타일 붙임,비계,떨어짐,10,16,62.5,비계,12대 기인물,4,6.9%
1. 토공사,1.2 흙막이 지보공 작업,1.2.3 흙막이 지보공 해체,흙막이가시설,떨어짐,7,16,43.8,흙막이가시설,해당없음,해당없음,해당없음
1. 토공사,1.2 흙막이 지보공 작업,1.2.3 흙막이 지보공 해체,흙막이가시설,부딪힘 접촉,3,16,18.8,흙막이가시설,해당없음,해당없음,해당없음
4. 마감공사,4.3 석재 및 타일 작업,4.3.2 석재 및 타일 붙임,계단,떨어짐,3,16,18.8,계단,해당없음,해당없음,해당없음
1. 토공사,1.2 흙막이 지보공 작업,1.2.3 흙막이 지보공 해체,흙막이가시설,무너짐,2,16,12.5,흙막이가시설,해당없음,해당없음,해당없음
1. 토공사,1.2 흙막이 지보공 작업,1.2.3 흙막이 지보공 해체,굴착기,부딪힘 접촉,1,16,6.2,건설기계,12대 기인물,5,4.9%
1. 토공사,1.2 흙막이 지보공 작업,1.2.3 흙막이 지보공 해체,이동식크레인,떨어짐,1,16,6.2,건설기계,12대 기인물,12,2.3%
1. 토공사,1.2 흙막이 지보공 작업,1.2.3 흙막이 지보공 해체,철골(철골자재),부딪힘 접촉,1,16,6.2,건설자재,12대 기인물,2,8.5%
1. 토공사,1.2 흙막이 지보공 작업,1.2.3 흙막이 지보공 해체,암석,맞음,1,16,6.2,암석,해당없음,해당없음,해당없음
4. 마감공사,4.3 석재 및 타일 작업,4.3.2 석재 및 타일 붙임,바닥(바닥에 걸려 넘어짐),부딪힘 접촉,1,16,6.2,바닥(바닥에 걸려 넘어짐),해당없음,해당없음,해당없음
4. 마감공사,4.3 석재 및 타일 작업,4.3.2 석재 및 타일 붙임,용접(단)기,화재,1,16,6.2,유해위험기계기구,해당없음,해당없음,해당없음
4. 마감공사,4.3 석재 및 타일 작업,4.3.2 석재 및 타일 붙임,화학물질,유해위험물질 노출 접촉,1,16,6.2,화학물질,해당없음,해당없음,해당없음
4. 마감공사,4.7 수장 작업,"4.7.1 수장 자배반입, 운반",고소작업대,떨어짐,2,15,13.3,고소작업대,12대 기인물,6,4.9%
4. 마감공사,4.7 수장 작업,"4.7.1 수장 자배반입, 운반","기타자재(내부마감재,시멘트,마대)",끼임,2,15,13.3,"기타자재(내부마감재,시멘트,마대)",해당없음,해당없음,해당없음
4. 마감공사,4.7 수장 작업,"4.7.1 수장 자배반입, 운반",리프트,떨어짐,2,15,13.3,리프트,해당없음,해당없음,해당없음
4. 마감공사,4.7 수장 작업,"4.7.1 수장 자배반입, 운반","각재(파이프,강관,합판)",맞음,1,15,6.7,"각재(파이프,강관,합판)",해당없음,해당없음,해당없음
4. 마감공사,4.7 수장 작업,"4.7.1 수장 자배반입, 운반",기타건설장비,떨어짐,1,15,6.7,건설기계,해당없음,해당없음,해당없음
4. 마감공사,4.7 수장 작업,"4.7.1 수장 자배반입, 운반",지게차,끼임,1,15,6.7,건설기계,해당없음,해당없음,해당없음
4. 마감공사,4.7 수장 작업,"4.7.1 수장 자배반입, 운반",지게차,맞음,1,15,6.7,건설기계,해당없음,해당없음,해당없음
4. 마감공사,4.7 수장 작업,"4.7.1 수장 자배반입, 운반",계단,떨어짐,1,15,6.7,계단,해당없음,해당없음,해당없음
4. 마감공사,4.7 수장 작업,"4.7.1 수장 자배반입, 운반","기타자재(내부마감재,시멘트,마대)",맞음,1,15,6.7,"기타자재(내부마감재,시멘트,마대)",해당없음,해당없음,해당없음
4. 마감공사,4.7 수장 작업,"4.7.1 수장 자배반입, 운반",분류불능,떨어짐,1,15,6.7,분류불능,해당없음,해당없음,해당없음
4. 마감공사,4.7 수장 작업,"4.7.1 수장 자배반입, 운반",이동식비계,떨어짐,1,15,6.7,이동식비계,12대 기인물,4,6.9%
4. 마감공사,4.7 수장 작업,"4.7.1 수장 자배반입, 운반",화학물질,화재,1,15,6.7,화학물질,해당없음,해당없음,해당없음
2. 철근콘크리트공사,2.4 콘크리트 작업,2.4.3 콘크리트 양생,화학물질,산소결핍 질식,4,13,30.8,화학물질,해당없음,해당없음,해당없음
4. 마감공사,4.3 석재 및 타일 작업,"4.3.1 석재 및 타일 자재반입, 운반",계단,떨어짐,3,13,23.1,계단,해당없음,해당없음,해당없음
4. 마감공사,4.3 석재 및 타일 작업,"4.3.1 석재 및 타일 자재반입, 운반",비계,떨어짐,3,13,23.1,비계,12대 기인물,4,6.9%
2. 철근콘크리트공사,2.4 콘크리트 작업,2.4.3 콘크리트 양생,개구부(기타개구부),떨어짐,2,13,15.4,개구부,12대 기인물,1,9.0%
2. 철근콘크리트공사,2.4 콘크리트 작업,2.4.3 콘크리트 양생,슬라브단부,떨어짐,2,13,15.4,슬라브단부,해당없음,해당없음,해당없음
2. 철근콘크리트공사,2.4 콘크리트 작업,2.4.3 콘크리트 양생,"각재(파이프,강관,합판)",떨어짐,1,13,7.7,"각재(파이프,강관,합판)",해당없음,해당없음,해당없음
2. 철근콘크리트공사,2.4 콘크리트 작업,2.4.3 콘크리트 양생,계단,떨어짐,1,13,7.7,계단,해당없음,해당없음,해당없음
2. 철근콘크리트공사,2.4 콘크리트 작업,2.4.3 콘크리트 양생,외부마감재,화재,1,13,7.7,마감재,해당없음,해당없음,해당없음
2. 철근콘크리트공사,2.4 콘크리트 작업,2.4.3 콘크리트 양생,분류불능,원인미상,1,13,7.7,분류불능,해당없음,해당없음,해당없음
2. 철근콘크리트공사,2.4 콘크리트 작업,2.4.3 콘크리트 양생,슬라브단부,무너짐,1,13,7.7,슬라브단부,해당없음,해당없음,해당없음
4. 마감공사,4.3 석재 및 타일 작업,"4.3.1 석재 및 타일 자재반입, 운반",기타건설장비,맞음,1,13,7.7,건설기계,해당없음,해당없음,해당없음
4. 마감공사,4.3 석재 및 타일 작업,"4.3.1 석재 및 타일 자재반입, 운반",지게차,깔림 뒤집힘,1,13,7.7,건설기계,해당없음,해당없음,해당없음
4. 마감공사,4.3 석재 및 타일 작업,"4.3.1 석재 및 타일 자재반입, 운반",고소작업대,떨어짐,1,13,7.7,고소작업대,12대 기인물,6,4.9%
4. 마감공사,4.3 석재 및 타일 작업,"4.3.1 석재 및 타일 자재반입, 운반","기타자재(내부마감재,시멘트,마대)",맞음,1,13,7.7,"기타자재(내부마감재,시멘트,마대)",해당없음,해당없음,해당없음
4. 마감공사,4.3 석재 및 타일 작업,"4.3.1 석재 및 타일 자재반입, 운반",리프트,떨어짐,1,13,7.7,리프트,해당없음,해당없음,해당없음
4. 마감공사,4.3 석재 및 타일 작업,"4.3.1 석재 및 타일 자재반입, 운반",비계,맞음,1,13,7.7,비계,12대 기인물,4,6.9%
4. 마감공사,4.3 석재 및 타일 작업,"4.3.1 석재 및 타일 자재반입, 운반",슬라브단부,떨어짐,1,13,7.7,슬라브단부,해당없음,해당없음,해당없음
"5. 전기, 기계설비공사",5.1 전기 설비 작업,"5.1.1 전기설비 자재반입, 가공, 운반",개구부(바닥개구부),떨어짐,1,12,8.3,개구부,12대 기인물,1,9.0%
"5. 전기, 기계설비공사",5.1 전기 설비 작업,"5.1.1 전기설비 자재반입, 가공, 운반",굴착기,깔림 뒤집힘,1,12,8.3,건설기계,12대 기인물,5,4.9%
"5. 전기, 기계설비공사",5.1 전기 설비 작업,"5.1.1 전기설비 자재반입, 가공, 운반",굴착기,끼임,1,12,8.3,건설기계,12대 기인물,5,4.9%
"5. 전기, 기계설비공사",5.1 전기 설비 작업,"5.1.1 전기설비 자재반입, 가공, 운반",이동식크레인,맞음,1,12,8.3,건설기계,12대 기인물,12,2.3%
"5. 전기, 기계설비공사",5.1 전기 설비 작업,"5.1.1 전기설비 자재반입, 가공, 운반",이동식크레인,부딪힘 접촉,1,12,8.3,건설기계,12대 기인물,12,2.3%
"5. 전기, 기계설비공사",5.1 전기 설비 작업,"5.1.1 전기설비 자재반입, 가공, 운반",기계설비,깔림 뒤집힘,1,12,8.3,기계설비,해당없음,해당없음,해당없음
"5. 전기, 기계설비공사",5.1 전기 설비 작업,"5.1.1 전기설비 자재반입, 가공, 운반","기타자재(내부마감재,시멘트,마대)",감전,1,12,8.3,"기타자재(내부마감재,시멘트,마대)",해당없음,해당없음,해당없음
"5. 전기, 기계설비공사",5.1 전기 설비 작업,"5.1.1 전기설비 자재반입, 가공, 운반",리프트,떨어짐,1,12,8.3,리프트,해당없음,해당없음,해당없음
"5. 전기, 기계설비공사",5.1 전기 설비 작업,"5.1.1 전기설비 자재반입, 가공, 운반","지붕(처마,홈통)",떨어짐,1,12,8.3,마감재,12대 기인물,3,7.1%
"5. 전기, 기계설비공사",5.1 전기 설비 작업,"5.1.1 전기설비 자재반입, 가공, 운반",사다리,떨어짐,1,12,8.3,사다리,12대 기인물,4,6.9%
"5. 전기, 기계설비공사",5.1 전기 설비 작업,"5.1.1 전기설비 자재반입, 가공, 운반",전주,맞음(낙하물체),1,12,8.3,전기,해당없음,해당없음,해당없음
"5. 전기, 기계설비공사",5.1 전기 설비 작업,"5.1.1 전기설비 자재반입, 가공, 운반",화학물질,산소결핍 질식,1,12,8.3,화학물질,해당없음,해당없음,해당없음
12. 공통공사,12.2 안전가시설 작업,12.2.2 안전가시설(작업발판),작업발판/가설계단,떨어짐,7,11,63.6,작업발판/가설계단,12대 기인물,4,6.9%
10. 하천 및 항만공사,"10.2 수중, 해상공사","10.2.1 수중, 해상공사(잠수, 해상작업 등)",물,보호구 이상,6,11,54.5,물,해당없음,해당없음,해당없음
4. 마감공사,4.3 석재 및 타일 작업,"4.3.3 석재 및 타일 줄눈, 코킹 시공",비계,떨어짐,5,11,45.5,비계,12대 기인물,4,6.9%
"5. 전기, 기계설비공사",5.3 엘리베이터 설치 작업,5.3.2 엘리베이터 가이드레일 설치,기계설비,떨어짐,2,11,18.2,기계설비,해당없음,해당없음,해당없음
"5. 전기, 기계설비공사",5.3 엘리베이터 설치 작업,5.3.2 엘리베이터 가이드레일 설치,엘리베이터피트,떨어짐,2,11,18.2,엘리베이터피트,해당없음,해당없음,해당없음
10. 하천 및 항만공사,"10.2 수중, 해상공사","10.2.1 수중, 해상공사(잠수, 해상작업 등)",굴착기,깔림 뒤집힘,1,11,9.1,건설기계,12대 기인물,5,4.9%
10. 하천 및 항만공사,"10.2 수중, 해상공사","10.2.1 수중, 해상공사(잠수, 해상작업 등)",기타건설장비,떨어짐,1,11,9.1,건설기계,해당없음,해당없음,해당없음
10. 하천 및 항만공사,"10.2 수중, 해상공사","10.2.1 수중, 해상공사(잠수, 해상작업 등)",이동식크레인,맞음,1,11,9.1,건설기계,12대 기인물,12,2.3%
10. 하천 및 항만공사,"10.2 수중, 해상공사","10.2.1 수중, 해상공사(잠수, 해상작업 등)",용접(단)기,폭발,1,11,9.1,유해위험기계기구,해당없음,해당없음,해당없음
10. 하천 및 항만공사,"10.2 수중, 해상공사","10.2.1 수중, 해상공사(잠수, 해상작업 등)",절단기/톱,맞음,1,11,9.1,유해위험기계기구,해당없음,해당없음,해당없음
12. 공통공사,12.2 안전가시설 작업,12.2.2 안전가시설(작업발판),개구부(바닥개구부),떨어짐,1,11,9.1,개구부,12대 기인물,1,9.0%
12. 공통공사,12.2 안전가시설 작업,12.2.2 안전가시설(작업발판),비계,떨어짐,1,11,9.1,비계,12대 기인물,4,6.9%
12. 공통공사,12.2 안전가시설 작업,12.2.2 안전가시설(작업발판),비계,무너짐,1,11,9.1,비계,12대 기인물,4,6.9%
12. 공통공사,12.2 안전가시설 작업,12.2.2 안전가시설(작업발판),작업발판/가설계단,맞음,1,11,9.1,작업발판/가설계단,12대 기인물,4,6.9%
4. 마감공사,4.3 석재 및 타일 작업,"4.3.3 석재 및 타일 줄눈, 코킹 시공",외부마감재,떨어짐,1,11,9.1,마감재,해당없음,해당없음,해당없음
4. 마감공사,4.3 석재 및 타일 작업,"4.3.3 석재 및 타일 줄눈, 코킹 시공",말비계,떨어짐,1,11,9.1,말비계,12대 기인물,4,6.9%
4. 마감공사,4.3 석재 및 타일 작업,"4.3.3 석재 및 타일 줄눈, 코킹 시공",달비계,떨어짐,1,11,9.1,비계,12대 기인물,8,3.7%
4. 마감공사,4.3 석재 및 타일 작업,"4.3.3 석재 및 타일 줄눈, 코킹 시공",사다리,떨어짐,1,11,9.1,사다리,12대 기인물,4,6.9%
4. 마감공사,4.3 석재 및 타일 작업,"4.3.3 석재 및 타일 줄눈, 코킹 시공",슬라브단부,떨어짐,1,11,9.1,슬라브단부,해당없음,해당없음,해당없음
4. 마감공사,4.3 석재 및 타일 작업,"4.3.3 석재 및 타일 줄눈, 코킹 시공",작업발판/가설계단,떨어짐,1,11,9.1,작업발판/가설계단,12대 기인물,4,6.9%
"5. 전기, 기계설비공사",5.3 엘리베이터 설치 작업,5.3.2 엘리베이터 가이드레일 설치,개구부(기타개구부),떨어짐,1,11,9.1,개구부,12대 기인물,1,9.0%
"5. 전기, 기계설비공사",5.3 엘리베이터 설치 작업,5.3.2 엘리베이터 가이드레일 설치,개구부(바닥개구부),떨어짐,1,11,9.1,개구부,12대 기인물,1,9.0%
"5. 전기, 기계설비공사",5.3 엘리베이터 설치 작업,5.3.2 엘리베이터 가이드레일 설치,굴착기,부딪힘 접촉,1,11,9.1,건설기계,12대 기인물,5,4.9%
"5. 전기, 기계설비공사",5.3 엘리베이터 설치 작업,5.3.2 엘리베이터 가이드레일 설치,기계설비,끼임,1,11,9.1,기계설비,해당없음,해당없음,해당없음
"5. 전기, 기계설비공사",5.3 엘리베이터 설치 작업,5.3.2 엘리베이터 가이드레일 설치,기계설비,부딪힘 접촉,1,11,9.1,기계설비,해당없음,해당없음,해당없음
"5. 전기, 기계설비공사",5.3 엘리베이터 설치 작업,5.3.2 엘리베이터 가이드레일 설치,기타건설기계기구,끼임,1,11,9.1,기타건설기계기구,해당없음,해당없음,해당없음
"5. 전기, 기계설비공사",5.3 엘리베이터 설치 작업,5.3.2 엘리베이터 가이드레일 설치,작업발판/가설계단,떨어짐,1,11,9.1,작업발판/가설계단,12대 기인물,4,6.9%
1. 토공사,1.3 기초파일 작업,1.3.2 기초파일 천공,천공기/항타기,맞음,5,9,55.6,건설기계,해당없음,해당없음,해당없음
12. 공통공사,12.5 양중기 작업,12.5.3 양중기(이동식 크레인),이동식크레인,끼임,2,9,22.2,건설기계,12대 기인물,12,2.3%
12. 공통공사,12.5 양중기 작업,12.5.3 양중기(이동식 크레인),이동식크레인,맞음,2,9,22.2,건설기계,12대 기인물,12,2.3%
1. 토공사,1.3 기초파일 작업,1.3.2 기초파일 천공,개구부(기타개구부),떨어짐,1,9,11.1,개구부,12대 기인물,1,9.0%
1. 토공사,1.3 기초파일 작업,1.3.2 기초파일 천공,굴착기,깔림 뒤집힘,1,9,11.1,건설기계,12대 기인물,5,4.9%
1. 토공사,1.3 기초파일 작업,1.3.2 기초파일 천공,이동식크레인,끼임,1,9,11.1,건설기계,12대 기인물,12,2.3%
1. 토공사,1.3 기초파일 작업,1.3.2 기초파일 천공,토사,무너짐,1,9,11.1,토사,해당없음,해당없음,해당없음
12. 공통공사,12.5 양중기 작업,12.5.3 양중기(이동식 크레인),이동식크레인,깔림 뒤집힘,1,9,11.1,건설기계,12대 기인물,12,2.3%
12. 공통공사,12.5 양중기 작업,12.5.3 양중기(이동식 크레인),이동식크레인,떨어짐,1,9,11.1,건설기계,12대 기인물,12,2.3%
12. 공통공사,12.5 양중기 작업,12.5.3 양중기(이동식 크레인),이동식크레인,맞음(낙하물체),1,9,11.1,건설기계,12대 기인물,12,2.3%
12. 공통공사,12.5 양중기 작업,12.5.3 양중기(이동식 크레인),이동식크레인,부딪힘 접촉,1,9,11.1,건설기계,12대 기인물,12,2.3%
12. 공통공사,12.5 양중기 작업,12.5.3 양중기(이동식 크레인),분류불능,깔림 뒤집힘,1,9,11.1,분류불능,해당없음,해당없음,해당없음
4. 마감공사,4.5 금속 및 잡철물 작업,"4.5.1 금속 및 잡철물 자재반입, 가공","각재(파이프,강관,합판)",맞음,1,9,11.1,"각재(파이프,강관,합판)",해당없음,해당없음,해당없음
4. 마감공사,4.5 금속 및 잡철물 작업,"4.5.1 금속 및 잡철물 자재반입, 가공",고소작업대,떨어짐,1,9,11.1,고소작업대,12대 기인물,6,4.9%
4. 마감공사,4.5 금속 및 잡철물 작업,"4.5.1 금속 및 잡철물 자재반입, 가공",기계설비,끼임,1,9,11.1,기계설비,해당없음,해당없음,해당없음
4. 마감공사,4.5 금속 및 잡철물 작업,"4.5.1 금속 및 잡철물 자재반입, 가공",기타건설기계기구,맞음,1,9,11.1,기타건설기계기구,해당없음,해당없음,해당없음
4. 마감공사,4.5 금속 및 잡철물 작업,"4.5.1 금속 및 잡철물 자재반입, 가공","기타자재(내부마감재,시멘트,마대)",떨어짐,1,9,11.1,"기타자재(내부마감재,시멘트,마대)",해당없음,해당없음,해당없음
4. 마감공사,4.5 금속 및 잡철물 작업,"4.5.1 금속 및 잡철물 자재반입, 가공",리프트,떨어짐,1,9,11.1,리프트,해당없음,해당없음,해당없음
4. 마감공사,4.5 금속 및 잡철물 작업,"4.5.1 금속 및 잡철물 자재반입, 가공","지붕(채광판,선라이트)",떨어짐,1,9,11.1,마감재,12대 기인물,3,7.1%
4. 마감공사,4.5 금속 및 잡철물 작업,"4.5.1 금속 및 잡철물 자재반입, 가공",천장(판넬 등 마감재),떨어짐,1,9,11.1,마감재,해당없음,해당없음,해당없음
4. 마감공사,4.5 금속 및 잡철물 작업,"4.5.1 금속 및 잡철물 자재반입, 가공",사다리,떨어짐,1,9,11.1,사다리,12대 기인물,4,6.9%
2. 철근콘크리트공사,2.1 거푸집 작업,2.1.4 거푸집 동바리 인양,거푸집,떨어짐,2,8,25.0,거푸집,12대 기인물,11,3.0%
2. 철근콘크리트공사,2.1 거푸집 작업,2.1.4 거푸집 동바리 인양,"각재(파이프,강관,합판)",떨어짐,1,8,12.5,"각재(파이프,강관,합판)",해당없음,해당없음,해당없음
2. 철근콘크리트공사,2.1 거푸집 작업,2.1.4 거푸집 동바리 인양,거푸집,깔림 뒤집힘,1,8,12.5,거푸집,12대 기인물,11,3.0%
2. 철근콘크리트공사,2.1 거푸집 작업,2.1.4 거푸집 동바리 인양,거푸집,맞음,1,8,12.5,거푸집,12대 기인물,11,3.0%
2. 철근콘크리트공사,2.1 거푸집 작업,2.1.4 거푸집 동바리 인양,거푸집,절단 베임 찔림,1,8,12.5,거푸집,12대 기인물,11,3.0%
2. 철근콘크리트공사,2.1 거푸집 작업,2.1.4 거푸집 동바리 인양,비계,떨어짐,1,8,12.5,비계,12대 기인물,4,6.9%
2. 철근콘크리트공사,2.1 거푸집 작업,2.1.4 거푸집 동바리 인양,작업발판/가설계단,떨어짐,1,8,12.5,작업발판/가설계단,12대 기인물,4,6.9%
4. 마감공사,4.4 도장작업,4.4.1 도장 면처리,달비계,떨어짐,4,7,57.1,비계,12대 기인물,8,3.7%
2. 철근콘크리트공사,2.3 철근 작업,2.3.1 철근 반입,굴착기,맞음,2,7,28.6,건설기계,12대 기인물,5,4.9%
2. 철근콘크리트공사,2.3 철근 작업,2.3.1 철근 반입,굴착기,떨어짐,1,7,14.3,건설기계,12대 기인물,5,4.9%
2. 철근콘크리트공사,2.3 철근 작업,2.3.1 철근 반입,지게차,맞음,1,7,14.3,건설기계,해당없음,해당없음,해당없음
2. 철근콘크리트공사,2.3 철근 작업,2.3.1 철근 반입,지게차,맞음(낙하물체),1,7,14.3,건설기계,해당없음,해당없음,해당없음
2. 철근콘크리트공사,2.3 철근 작업,2.3.1 철근 반입,"철근콘크리트자재(철근,콘크리트,PC)",떨어짐,1,7,14.3,건설자재,해당없음,해당없음,해당없음
2. 철근콘크리트공사,2.3 철근 작업,2.3.1 철근 반입,"철근콘크리트자재(철근,콘크리트,PC)",맞음,1,7,14.3,건설자재,해당없음,해당없음,해당없음
4. 마감공사,4.4 도장작업,4.4.1 도장 면처리,계단,떨어짐,1,7,14.3,계단,해당없음,해당없음,해당없음
4. 마감공사,4.4 도장작업,4.4.1 도장 면처리,"지붕(처마,홈통)",떨어짐,1,7,14.3,마감재,12대 기인물,3,7.1%
4. 마감공사,4.4 도장작업,4.4.1 도장 면처리,사다리,떨어짐,1,7,14.3,사다리,12대 기인물,4,6.9%
12. 공통공사,12.2 안전가시설 작업,12.2.1 안전가시설(개구부),개구부(바닥개구부),떨어짐,4,6,66.7,개구부,12대 기인물,1,9.0%
1. 토공사,1.4 되메움 작업,1.4.1 토사반입 및 되메움 실시,트럭,깔림 뒤집힘,3,6,50.0,건설기계,12대 기인물,9,3.4%
12. 공통공사,12.2 안전가시설 작업,12.2.7 안전가시설(가설통로 또는 가설계단),작업발판/가설계단,떨어짐,3,6,50.0,작업발판/가설계단,12대 기인물,4,6.9%
12. 공통공사,12.5 양중기 작업,12.5.2 양중기(리프트),리프트,떨어짐,3,6,50.0,리프트,해당없음,해당없음,해당없음
4. 마감공사,4.6 창호 및 유리 작업,"4.6.1 창호 및 유리 자재반입, 가공, 운반",고소작업대,떨어짐,3,6,50.0,고소작업대,12대 기인물,6,4.9%
11. 기타 토목공사,11.1 부대 토목 작업,11.1.2 부대토목 구내포장,굴착기,깔림 뒤집힘,2,6,33.3,건설기계,12대 기인물,5,4.9%
11. 기타 토목공사,11.3 지장물 조사 및 이설 작업,11.3.2 지장물 이설,전주,떨어짐,2,6,33.3,전기,해당없음,해당없음,해당없음
12. 공통공사,12.2 안전가시설 작업,12.2.7 안전가시설(가설통로 또는 가설계단),사다리,떨어짐,2,6,33.3,사다리,12대 기인물,4,6.9%
4. 마감공사,4.6 창호 및 유리 작업,"4.6.1 창호 및 유리 자재반입, 가공, 운반","기타자재(내부마감재,시멘트,마대)",깔림 뒤집힘,2,6,33.3,"기타자재(내부마감재,시멘트,마대)",해당없음,해당없음,해당없음
1. 토공사,1.4 되메움 작업,1.4.1 토사반입 및 되메움 실시,굴착기,부딪힘 접촉,1,6,16.7,건설기계,12대 기인물,5,4.9%
1. 토공사,1.4 되메움 작업,1.4.1 토사반입 및 되메움 실시,철골(철골자재),깔림 뒤집힘,1,6,16.7,건설자재,12대 기인물,2,8.5%
1. 토공사,1.4 되메움 작업,1.4.1 토사반입 및 되메움 실시,암석,깔림 뒤집힘,1,6,16.7,암석,해당없음,해당없음,해당없음
11. 기타 토목공사,11.1 부대 토목 작업,11.1.2 부대토목 구내포장,굴착기,끼임,1,6,16.7,건설기계,12대 기인물,5,4.9%
11. 기타 토목공사,11.1 부대 토목 작업,11.1.2 부대토목 구내포장,기타건설장비,깔림 뒤집힘,1,6,16.7,건설기계,해당없음,해당없음,해당없음
11. 기타 토목공사,11.1 부대 토목 작업,11.1.2 부대토목 구내포장,트럭,깔림 뒤집힘,1,6,16.7,건설기계,12대 기인물,9,3.4%
11. 기타 토목공사,11.1 부대 토목 작업,11.1.2 부대토목 구내포장,슬라브단부,떨어짐,1,6,16.7,슬라브단부,해당없음,해당없음,해당없음
11. 기타 토목공사,11.3 지장물 조사 및 이설 작업,11.3.2 지장물 이설,굴착기,끼임,1,6,16.7,건설기계,12대 기인물,5,4.9%
11. 기타 토목공사,11.3 지장물 조사 및 이설 작업,11.3.2 지장물 이설,굴착기,부딪힘 접촉,1,6,16.7,건설기계,12대 기인물,5,4.9%
11. 기타 토목공사,11.3 지장물 조사 및 이설 작업,11.3.2 지장물 이설,충전부,감전,1,6,16.7,전기,해당없음,해당없음,해당없음
11. 기타 토목공사,11.3 지장물 조사 및 이설 작업,11.3.2 지장물 이설,화학물질,산소결핍 질식,1,6,16.7,화학물질,해당없음,해당없음,해당없음
12. 공통공사,12.2 안전가시설 작업,12.2.1 안전가시설(개구부),개구부(기타개구부),떨어짐,1,6,16.7,개구부,12대 기인물,1,9.0%
12. 공통공사,12.2 안전가시설 작업,12.2.1 안전가시설(개구부),엘리베이터피트,떨어짐,1,6,16.7,엘리베이터피트,해당없음,해당없음,해당없음
12. 공통공사,12.2 안전가시설 작업,12.2.7 안전가시설(가설통로 또는 가설계단),흙막이가시설,떨어짐,1,6,16.7,흙막이가시설,해당없음,해당없음,해당없음
12. 공통공사,12.5 양중기 작업,12.5.2 양중기(리프트),기계설비,깔림 뒤집힘,1,6,16.7,기계설비,해당없음,해당없음,해당없음
12. 공통공사,12.5 양중기 작업,12.5.2 양중기(리프트),리프트,끼임,1,6,16.7,리프트,해당없음,해당없음,해당없음
12. 공통공사,12.5 양중기 작업,12.5.2 양중기(리프트),리프트,무너짐,1,6,16.7,리프트,해당없음,해당없음,해당없음
4. 마감공사,4.6 창호 및 유리 작업,"4.6.1 창호 및 유리 자재반입, 가공, 운반",비계,맞음,1,6,16.7,비계,12대 기인물,4,6.9%
8. 교량공사,8.2 강교 설치 작업,8.2.1 강교 부재 조립,개구부(기타개구부),떨어짐,1,6,16.7,개구부,12대 기인물,1,9.0%
8. 교량공사,8.2 강교 설치 작업,8.2.1 강교 부재 조립,거푸집,떨어짐,1,6,16.7,거푸집,12대 기인물,11,3.0%
8. 교량공사,8.2 강교 설치 작업,8.2.1 강교 부재 조립,기타건설장비,떨어짐,1,6,16.7,건설기계,해당없음,해당없음,해당없음
8. 교량공사,8.2 강교 설치 작업,8.2.1 강교 부재 조립,"철근콘크리트자재(철근,콘크리트,PC)",깔림 뒤집힘,1,6,16.7,건설자재,해당없음,해당없음,해당없음
8. 교량공사,8.2 강교 설치 작업,8.2.1 강교 부재 조립,비계,떨어짐,1,6,16.7,비계,12대 기인물,4,6.9%
8. 교량공사,8.2 강교 설치 작업,8.2.1 강교 부재 조립,작업발판/가설계단,떨어짐,1,6,16.7,작업발판/가설계단,12대 기인물,4,6.9%
2. 철근콘크리트공사,2.2 갱폼 작업,"2.2.4 갱폼 해체, 반출",비계(일체형비계),떨어짐,4,5,80.0,비계,12대 기인물,4,6.9%
11. 기타 토목공사,11.2 가설도로 작업,11.2.1 가설도로 벌목 및 표토 제거,수목,깔림 뒤집힘,3,5,60.0,수목,해당없음,해당없음,해당없음
7. 도로 및 포장공사,7.1 포장 작업,7.1.1 포장 장비 반입,트럭,깔림 뒤집힘,3,5,60.0,건설기계,12대 기인물,9,3.4%
9. 터널공사,9.2 터널 굴착 작업,9.2.2 터널 버널처리,암석,맞음,3,5,60.0,암석,해당없음,해당없음,해당없음
1. 토공사,1.2 흙막이 지보공 작업,1.2.1 흙막이 지보공 자재반입,굴착기,깔림 뒤집힘,1,5,20.0,건설기계,12대 기인물,5,4.9%
1. 토공사,1.2 흙막이 지보공 작업,1.2.1 흙막이 지보공 자재반입,굴착기,맞음(낙하물체),1,5,20.0,건설기계,12대 기인물,5,4.9%
1. 토공사,1.2 흙막이 지보공 작업,1.2.1 흙막이 지보공 자재반입,이동식크레인,맞음(낙하물체),1,5,20.0,건설기계,12대 기인물,12,2.3%
1. 토공사,1.2 흙막이 지보공 작업,1.2.1 흙막이 지보공 자재반입,기초파일,떨어짐,1,5,20.0,건설자재,해당없음,해당없음,해당없음
1. 토공사,1.2 흙막이 지보공 작업,1.2.1 흙막이 지보공 자재반입,흙막이가시설,떨어짐,1,5,20.0,흙막이가시설,해당없음,해당없음,해당없음
1. 토공사,1.4 되메움 작업,1.4.2 되메움 토사다짐,굴착기,깔림 뒤집힘,1,5,20.0,건설기계,12대 기인물,5,4.9%
1. 토공사,1.4 되메움 작업,1.4.2 되메움 토사다짐,트럭,깔림 뒤집힘,1,5,20.0,건설기계,12대 기인물,9,3.4%
1. 토공사,1.4 되메움 작업,1.4.2 되메움 토사다짐,철골(철골자재),끼임,1,5,20.0,건설자재,12대 기인물,2,8.5%
1. 토공사,1.4 되메움 작업,1.4.2 되메움 토사다짐,분류불능,원인미상,1,5,20.0,분류불능,해당없음,해당없음,해당없음
1. 토공사,1.4 되메움 작업,1.4.2 되메움 토사다짐,토사,무너짐,1,5,20.0,토사,해당없음,해당없음,해당없음
11. 기타 토목공사,11.2 가설도로 작업,11.2.1 가설도로 벌목 및 표토 제거,트럭,부딪힘 접촉,1,5,20.0,건설기계,12대 기인물,9,3.4%
11. 기타 토목공사,11.2 가설도로 작업,11.2.1 가설도로 벌목 및 표토 제거,수목,맞음,1,5,20.0,수목,해당없음,해당없음,해당없음
2. 철근콘크리트공사,2.2 갱폼 작업,"2.2.4 갱폼 해체, 반출",비계,떨어짐,1,5,20.0,비계,12대 기인물,4,6.9%
7. 도로 및 포장공사,7.1 포장 작업,7.1.1 포장 장비 반입,트럭,부딪힘 접촉,1,5,20.0,건설기계,12대 기인물,9,3.4%
7. 도로 및 포장공사,7.1 포장 작업,7.1.1 포장 장비 반입,기타구조물,깔림 뒤집힘,1,5,20.0,기타구조물,해당없음,해당없음,해당없음
9. 터널공사,9.2 터널 굴착 작업,9.2.2 터널 버널처리,기타건설장비,끼임,1,5,20.0,건설기계,해당없음,해당없음,해당없음
9. 터널공사,9.2 터널 굴착 작업,9.2.2 터널 버널처리,토사,끼임,1,5,20.0,토사,해당없음,해당없음,해당없음
12. 공통공사,12.2 안전가시설 작업,12.2.6 안전가시설(추락방지망),방망,떨어짐,2,4,50.0,방망,해당없음,해당없음,해당없음
1. 토공사,1.1 굴착 작업,1.1.1 굴착 장비반입,개구부(기타개구부),떨어짐,1,4,25.0,개구부,12대 기인물,1,9.0%
1. 토공사,1.1 굴착 작업,1.1.1 굴착 장비반입,굴착기,깔림 뒤집힘,1,4,25.0,건설기계,12대 기인물,5,4.9%
1. 토공사,1.1 굴착 작업,1.1.1 굴착 장비반입,굴착기,맞음,1,4,25.0,건설기계,12대 기인물,5,4.9%
1. 토공사,1.1 굴착 작업,1.1.1 굴착 장비반입,이동식크레인,떨어짐,1,4,25.0,건설기계,12대 기인물,12,2.3%
10. 하천 및 항만공사,10.1 준설매립,10.1.1 준설매립 등,트럭,끼임,1,4,25.0,건설기계,12대 기인물,9,3.4%
10. 하천 및 항만공사,10.1 준설매립,10.1.1 준설매립 등,슬라브단부,떨어짐,1,4,25.0,슬라브단부,해당없음,해당없음,해당없음
10. 하천 및 항만공사,10.1 준설매립,10.1.1 준설매립 등,원인미상,넘어짐,1,4,25.0,원인미상,해당없음,해당없음,해당없음
10. 하천 및 항만공사,10.1 준설매립,10.1.1 준설매립 등,화학물질,유해위험물질 노출 접촉,1,4,25.0,화학물질,해당없음,해당없음,해당없음
12. 공통공사,12.2 안전가시설 작업,"12.2.10 안전가시설(휀스, 안전난간)",철골(철골자재),맞음,1,4,25.0,건설자재,12대 기인물,2,8.5%
12. 공통공사,12.2 안전가시설 작업,"12.2.10 안전가시설(휀스, 안전난간)",철골(철골자재),맞음(낙하물체),1,4,25.0,건설자재,12대 기인물,2,8.5%
12. 공통공사,12.2 안전가시설 작업,"12.2.10 안전가시설(휀스, 안전난간)",비계,떨어짐,1,4,25.0,비계,12대 기인물,4,6.9%
12. 공통공사,12.2 안전가시설 작업,"12.2.10 안전가시설(휀스, 안전난간)",사다리,맞음,1,4,25.0,사다리,12대 기인물,4,6.9%
12. 공통공사,12.2 안전가시설 작업,12.2.6 안전가시설(추락방지망),비계,떨어짐,1,4,25.0,비계,12대 기인물,4,6.9%
12. 공통공사,12.2 안전가시설 작업,12.2.6 안전가시설(추락방지망),슬라브단부,절단 베임 찔림,1,4,25.0,슬라브단부,해당없음,해당없음,해당없음
12. 공통공사,12.3 가설전기 작업,12.3.2 가설전기(전선),천장(판넬 등 마감재),떨어짐,1,4,25.0,마감재,해당없음,해당없음,해당없음
12. 공통공사,12.3 가설전기 작업,12.3.2 가설전기(전선),물,익사,1,4,25.0,물,해당없음,해당없음,해당없음
12. 공통공사,12.3 가설전기 작업,12.3.2 가설전기(전선),작업발판/가설계단,떨어짐,1,4,25.0,작업발판/가설계단,12대 기인물,4,6.9%
12. 공통공사,12.3 가설전기 작업,12.3.2 가설전기(전선),전주,떨어짐,1,4,25.0,전기,해당없음,해당없음,해당없음
12. 공통공사,12.5 양중기 작업,12.5.5 양중기(특수작업대),고소작업대,떨어짐,3,3,100.0,고소작업대,12대 기인물,6,4.9%
12. 공통공사,12.2 안전가시설 작업,12.2.5 안전가시설(달비계),달비계,떨어짐,2,3,66.7,비계,12대 기인물,8,3.7%
1. 토공사,1.2 흙막이 지보공 작업,1.2.4 흙막이 지보공 자재반출,고소작업대,떨어짐,1,3,33.3,고소작업대,12대 기인물,6,4.9%
1. 토공사,1.2 흙막이 지보공 작업,1.2.4 흙막이 지보공 자재반출,흙막이가시설,끼임,1,3,33.3,흙막이가시설,해당없음,해당없음,해당없음
1. 토공사,1.2 흙막이 지보공 작업,1.2.4 흙막이 지보공 자재반출,흙막이가시설,떨어짐,1,3,33.3,흙막이가시설,해당없음,해당없음,해당없음
12. 공통공사,12.2 안전가시설 작업,12.2.5 안전가시설(달비계),비계,떨어짐,1,3,33.3,비계,12대 기인물,4,6.9%
2. 철근콘크리트공사,2.2 갱폼 작업,2.2.2 갱폼 조립,비계,떨어짐,1,3,33.3,비계,12대 기인물,4,6.9%
2. 철근콘크리트공사,2.2 갱폼 작업,2.2.2 갱폼 조립,용접(단)기,화재,1,3,33.3,유해위험기계기구,해당없음,해당없음,해당없음
2. 철근콘크리트공사,2.2 갱폼 작업,2.2.2 갱폼 조립,작업발판/가설계단,떨어짐,1,3,33.3,작업발판/가설계단,12대 기인물,4,6.9%
12. 공통공사,12.3 가설전기 작업,12.3.3 가설전기(충전부),충전부,감전,2,2,100.0,전기,해당없음,해당없음,해당없음
12. 공통공사,12.3 가설전기 작업,12.3.5 가설전기(교류아크용접기),용접(단)기,화재,2,2,100.0,유해위험기계기구,해당없음,해당없음,해당없음
11. 기타 토목공사,11.2 가설도로 작업,11.2.2 가설도로 시공,로울러,떨어짐,1,2,50.0,유해위험기계기구,해당없음,해당없음,해당없음
11. 기타 토목공사,11.2 가설도로 작업,11.2.2 가설도로 시공,토사,깔림 뒤집힘,1,2,50.0,토사,해당없음,해당없음,해당없음
12. 공통공사,12.2 안전가시설 작업,12.2.4 안전가시설(이동식비계),로울러,깔림 뒤집힘,1,2,50.0,유해위험기계기구,해당없음,해당없음,해당없음
12. 공통공사,12.2 안전가시설 작업,12.2.4 안전가시설(이동식비계),이동식비계,떨어짐,1,2,50.0,이동식비계,12대 기인물,4,6.9%
12. 공통공사,12.3 가설전기 작업,12.3.4 가설전기(조명등),고소작업대,떨어짐,1,2,50.0,고소작업대,12대 기인물,6,4.9%
12. 공통공사,12.3 가설전기 작업,12.3.4 가설전기(조명등),사다리,떨어짐,1,2,50.0,사다리,12대 기인물,4,6.9%
12. 공통공사,12.4 가설플랜트 작업,12.4.1 가설플랜트(크라샤 Plant),기타건설장비,끼임,1,2,50.0,건설기계,해당없음,해당없음,해당없음
12. 공통공사,12.4 가설플랜트 작업,12.4.1 가설플랜트(크라샤 Plant),기계설비,맞음,1,2,50.0,기계설비,해당없음,해당없음,해당없음
12. 공통공사,12.5 양중기 작업,12.5.4 양중기(윈치),"각재(파이프,강관,합판)",맞음,1,2,50.0,"각재(파이프,강관,합판)",해당없음,해당없음,해당없음
12. 공통공사,12.5 양중기 작업,12.5.4 양중기(윈치),슬라브단부,떨어짐,1,2,50.0,슬라브단부,해당없음,해당없음,해당없음
9. 터널공사,9.1 라이닝 거푸집 작업,"9.1.1 라이닝 거푸집 자재반입, 하역",트럭,부딪힘 접촉,1,2,50.0,건설기계,12대 기인물,9,3.4%
9. 터널공사,9.1 라이닝 거푸집 작업,"9.1.1 라이닝 거푸집 자재반입, 하역","기타자재(내부마감재,시멘트,마대)",맞음,1,2,50.0,"기타자재(내부마감재,시멘트,마대)",해당없음,해당없음,해당없음
9. 터널공사,9.2 터널 굴착 작업,9.2.1 터널 천공,암석,맞음,1,2,50.0,암석,해당없음,해당없음,해당없음
9. 터널공사,9.2 터널 굴착 작업,9.2.1 터널 천공,작업발판/가설계단,끼임,1,2,50.0,작업발판/가설계단,12대 기인물,4,6.9%
9. 터널공사,9.3 터널 보강 작업,9.3.1 터널 강지보,고소작업대,끼임,1,2,50.0,고소작업대,12대 기인물,6,4.9%
9. 터널공사,9.3 터널 보강 작업,9.3.1 터널 강지보,암석,무너짐,1,2,50.0,암석,해당없음,해당없음,해당없음
9. 터널공사,9.3 터널 보강 작업,9.3.2 터널 특수보강,"철근콘크리트자재(철근,콘크리트,PC)",깔림 뒤집힘,1,2,50.0,건설자재,해당없음,해당없음,해당없음
9. 터널공사,9.3 터널 보강 작업,9.3.2 터널 특수보강,이동식비계,떨어짐,1,2,50.0,이동식비계,12대 기인물,4,6.9%
9. 터널공사,9.4 수직구 작업,9.4.1 수직구 흙막이 지보공 시공,굴착기,깔림 뒤집힘,1,2,50.0,건설기계,12대 기인물,5,4.9%
9. 터널공사,9.4 수직구 작업,9.4.1 수직구 흙막이 지보공 시공,흙막이가시설,떨어짐,1,2,50.0,흙막이가시설,해당없음,해당없음,해당없음
1. 토공사,1.5 발파 작업,1.5.1 발파,암석,맞음,1,1,100.0,암석,해당없음,해당없음,해당없음
1. 토공사,1.6 그라우팅작업,1.6.1 그라우팅 장비 및 자재반입,기타건설장비,맞음(낙하물체),1,1,100.0,건설기계,해당없음,해당없음,해당없음
1. 토공사,1.6 그라우팅작업,1.6.2 그라우팅 천공 및 시공,기타건설장비,떨어짐,1,1,100.0,건설기계,해당없음,해당없음,해당없음
11. 기타 토목공사,11.3 지장물 조사 및 이설 작업,11.3.1 지장물 조사 굴착,굴착기,맞음,1,1,100.0,건설기계,12대 기인물,5,4.9%
11. 기타 토목공사,11.5 특수댐 작업,11.5.1 양수발전용 댐,분류불능,끼임,1,1,100.0,분류불능,해당없음,해당없음,해당없음
12. 공통공사,12.2 안전가시설 작업,12.2.9 안전가시설(방호선반),비계,떨어짐,1,1,100.0,비계,12대 기인물,4,6.9%
12. 공통공사,12.3 가설전기 작업,12.3.1 가설전기(분전반),굴착기,깔림 뒤집힘,1,1,100.0,건설기계,12대 기인물,5,4.9%
12. 공통공사,12.3 가설전기 작업,12.3.6 가설전기(이동식 전기 기계기구),충전부,감전,1,1,100.0,전기,해당없음,해당없음,해당없음
2. 철근콘크리트공사,2.2 갱폼 작업,2.2.1 갱폼 자재반입,고정식크레인,맞음,1,1,100.0,건설기계,해당없음,해당없음,해당없음
8. 교량공사,8.1 슬립폼(슬라이딩폼) 작업,8.1.1 슬립폼(슬라이딩폼) 제작,거푸집,깔림 뒤집힘,1,1,100.0,거푸집,12대 기인물,11,3.0%
8. 교량공사,8.1 슬립폼(슬라이딩폼) 작업,8.1.2 슬립폼(슬라이딩폼) 해체,개구부(기타개구부),떨어짐,1,1,100.0,개구부,12대 기인물,1,9.0%
8. 교량공사,8.2 강교 설치 작업,8.2.2 강교 슬라브 시공,교통수단,떨어짐,1,1,100.0,건설기계,해당없음,해당없음,해당없음
8. 교량공사,8.3 PSC 교량 작업,8.3.1 PSC 교량 거더 인양 및 거치,기타구조물,맞음,1,1,100.0,기타구조물,해당없음,해당없음,해당없음
8. 교량공사,8.4 특수교량 작업,8.4.1 특수교량(ILM 공법),"각재(파이프,강관,합판)",깔림 뒤집힘,1,1,100.0,"각재(파이프,강관,합판)",해당없음,해당없음,해당없음
9. 터널공사,9.5 갱구부 작업,9.5.1 갱구부 보강,기타건설장비,끼임,1,1,100.0,건설기계,해당없음,해당없음,해당없음
9. 터널공사,9.6 특수터널 작업,9.6.1 특수터널(TBM공법),철골(철골자재),맞음,1,1,100.0,건설자재,12대 기인물,2,8.5%
