공종,작업명,기인물,재해형태,사고건수,작업명전체건수,비중(%)
4. 마감공사,4.8 판넬 등 외부마감 작업,"지붕(채광판,선라이트)",떨어짐,71,255,27.8
4. 마감공사,4.8 판넬 등 외부마감 작업,"지붕(처마,홈통)",떨어짐,62,255,24.3
4. 마감공사,4.8 판넬 등 외부마감 작업,고소작업대,떨어짐,14,255,5.5
4. 마감공사,4.8 판넬 등 외부마감 작업,사다리,떨어짐,12,255,4.7
4. 마감공사,4.8 판넬 등 외부마감 작업,외부마감재,떨어짐,9,255,3.5
4. 마감공사,4.8 판넬 등 외부마감 작업,천장(판넬 등 마감재),떨어짐,9,255,3.5
4. 마감공사,4.8 판넬 등 외부마감 작업,철골(철골구조물),떨어짐,9,255,3.5
4. 마감공사,4.8 판넬 등 외부마감 작업,개구부(바닥개구부),떨어짐,8,255,3.1
4. 마감공사,4.8 판넬 등 외부마감 작업,슬라브단부,떨어짐,8,255,3.1
4. 마감공사,4.8 판넬 등 외부마감 작업,이동식비계,떨어짐,7,255,2.7
4. 마감공사,4.8 판넬 등 외부마감 작업,이동식크레인,떨어짐,5,255,2.0
4. 마감공사,4.8 판넬 등 외부마감 작업,비계,떨어짐,4,255,1.6
4. 마감공사,4.8 판넬 등 외부마감 작업,작업발판/가설계단,떨어짐,4,255,1.6
4. 마감공사,4.8 판넬 등 외부마감 작업,개구부(기타개구부),떨어짐,3,255,1.2
4. 마감공사,4.8 판넬 등 외부마감 작업,기타구조물,떨어짐,3,255,1.2
4. 마감공사,4.8 판넬 등 외부마감 작업,"각재(파이프,강관,합판)",떨어짐,2,255,0.8
4. 마감공사,4.8 판넬 등 외부마감 작업,고소작업대,끼임,2,255,0.8
4. 마감공사,4.8 판넬 등 외부마감 작업,"기타자재(내부마감재,시멘트,마대)",떨어짐,2,255,0.8
4. 마감공사,4.8 판넬 등 외부마감 작업,달비계,떨어짐,2,255,0.8
4. 마감공사,4.8 판넬 등 외부마감 작업,벽체,떨어짐,2,255,0.8
4. 마감공사,4.8 판넬 등 외부마감 작업,엘리베이터피트,떨어짐,2,255,0.8
4. 마감공사,4.8 판넬 등 외부마감 작업,철골(철골자재),떨어짐,2,255,0.8
4. 마감공사,4.8 판넬 등 외부마감 작업,충전부,떨어짐,2,255,0.8
4. 마감공사,4.8 판넬 등 외부마감 작업,굴착기,떨어짐,1,255,0.4
4. 마감공사,4.8 판넬 등 외부마감 작업,기계설비,끼임,1,255,0.4
4. 마감공사,4.8 판넬 등 외부마감 작업,분류불능,감전,1,255,0.4
4. 마감공사,4.8 판넬 등 외부마감 작업,외부마감재,깔림 뒤집힘,1,255,0.4
4. 마감공사,4.8 판넬 등 외부마감 작업,외부마감재,맞음,1,255,0.4
4. 마감공사,4.8 판넬 등 외부마감 작업,외부마감재,부딪힘 접촉,1,255,0.4
4. 마감공사,4.8 판넬 등 외부마감 작업,외부마감재,화재,1,255,0.4
4. 마감공사,4.8 판넬 등 외부마감 작업,"지붕(처마,홈통)",원인미상,1,255,0.4
4. 마감공사,4.8 판넬 등 외부마감 작업,"철근콘크리트자재(철근,콘크리트,PC)",떨어짐,1,255,0.4
4. 마감공사,4.8 판넬 등 외부마감 작업,충전부,감전,1,255,0.4
4. 마감공사,4.8 판넬 등 외부마감 작업,트럭,떨어짐,1,255,0.4
"5. 전기, 기계설비공사",5.2 기계설비 작업,사다리,떨어짐,20,208,9.6
"5. 전기, 기계설비공사",5.2 기계설비 작업,기계설비,떨어짐,19,208,9.1
"5. 전기, 기계설비공사",5.2 기계설비 작업,이동식비계,떨어짐,15,208,7.2
"5. 전기, 기계설비공사",5.2 기계설비 작업,"지붕(채광판,선라이트)",떨어짐,11,208,5.3
"5. 전기, 기계설비공사",5.2 기계설비 작업,개구부(바닥개구부),떨어짐,9,208,4.3
"5. 전기, 기계설비공사",5.2 기계설비 작업,기계설비,끼임,9,208,4.3
"5. 전기, 기계설비공사",5.2 기계설비 작업,작업발판/가설계단,떨어짐,9,208,4.3
"5. 전기, 기계설비공사",5.2 기계설비 작업,고소작업대,떨어짐,8,208,3.8
"5. 전기, 기계설비공사",5.2 기계설비 작업,고소작업대,끼임,6,208,2.9
"5. 전기, 기계설비공사",5.2 기계설비 작업,개구부(기타개구부),떨어짐,5,208,2.4
"5. 전기, 기계설비공사",5.2 기계설비 작업,기타구조물,떨어짐,5,208,2.4
"5. 전기, 기계설비공사",5.2 기계설비 작업,"지붕(처마,홈통)",떨어짐,5,208,2.4
"5. 전기, 기계설비공사",5.2 기계설비 작업,기계설비,깔림 뒤집힘,4,208,1.9
"5. 전기, 기계설비공사",5.2 기계설비 작업,"기타자재(내부마감재,시멘트,마대)",떨어짐,4,208,1.9
"5. 전기, 기계설비공사",5.2 기계설비 작업,배관,떨어짐,4,208,1.9
"5. 전기, 기계설비공사",5.2 기계설비 작업,천장(판넬 등 마감재),떨어짐,4,208,1.9
"5. 전기, 기계설비공사",5.2 기계설비 작업,리프트,떨어짐,3,208,1.4
"5. 전기, 기계설비공사",5.2 기계설비 작업,이동식크레인,떨어짐,3,208,1.4
"5. 전기, 기계설비공사",5.2 기계설비 작업,화학물질,유해위험물질 노출 접촉,3,208,1.4
"5. 전기, 기계설비공사",5.2 기계설비 작업,화학물질,폭발,3,208,1.4
"5. 전기, 기계설비공사",5.2 기계설비 작업,화학물질,화재,3,208,1.4
"5. 전기, 기계설비공사",5.2 기계설비 작업,"각재(파이프,강관,합판)",떨어짐,2,208,1.0
"5. 전기, 기계설비공사",5.2 기계설비 작업,계단,떨어짐,2,208,1.0
"5. 전기, 기계설비공사",5.2 기계설비 작업,기계설비,맞음,2,208,1.0
"5. 전기, 기계설비공사",5.2 기계설비 작업,기계설비,부딪힘 접촉,2,208,1.0
"5. 전기, 기계설비공사",5.2 기계설비 작업,기타구조물,깔림 뒤집힘,2,208,1.0
"5. 전기, 기계설비공사",5.2 기계설비 작업,"기타자재(내부마감재,시멘트,마대)",깔림 뒤집힘,2,208,1.0
"5. 전기, 기계설비공사",5.2 기계설비 작업,달비계,떨어짐,2,208,1.0
"5. 전기, 기계설비공사",5.2 기계설비 작업,배관,깔림 뒤집힘,2,208,1.0
"5. 전기, 기계설비공사",5.2 기계설비 작업,배관,맞음,2,208,1.0
"5. 전기, 기계설비공사",5.2 기계설비 작업,지게차,깔림 뒤집힘,2,208,1.0
"5. 전기, 기계설비공사",5.2 기계설비 작업,충전부,감전,2,208,1.0
"5. 전기, 기계설비공사",5.2 기계설비 작업,트럭,부딪힘 접촉,2,208,1.0
"5. 전기, 기계설비공사",5.2 기계설비 작업,화학물질,산소결핍 질식,2,208,1.0
"5. 전기, 기계설비공사",5.2 기계설비 작업,고소작업대,깔림 뒤집힘,1,208,0.5
"5. 전기, 기계설비공사",5.2 기계설비 작업,고소작업대,맞음(낙하물체),1,208,0.5
"5. 전기, 기계설비공사",5.2 기계설비 작업,고정식크레인,부딪힘 접촉,1,208,0.5
"5. 전기, 기계설비공사",5.2 기계설비 작업,굴착기,끼임,1,208,0.5
"5. 전기, 기계설비공사",5.2 기계설비 작업,기계설비,맞음(낙하물체),1,208,0.5
"5. 전기, 기계설비공사",5.2 기계설비 작업,기계설비,무너짐,1,208,0.5
"5. 전기, 기계설비공사",5.2 기계설비 작업,기계설비,산소결핍 질식,1,208,0.5
"5. 전기, 기계설비공사",5.2 기계설비 작업,기타가설구조물,떨어짐,1,208,0.5
"5. 전기, 기계설비공사",5.2 기계설비 작업,기타건설장비,떨어짐,1,208,0.5
"5. 전기, 기계설비공사",5.2 기계설비 작업,기타구조물,넘어짐,1,208,0.5
"5. 전기, 기계설비공사",5.2 기계설비 작업,"기타자재(내부마감재,시멘트,마대)",끼임,1,208,0.5
"5. 전기, 기계설비공사",5.2 기계설비 작업,"기타자재(내부마감재,시멘트,마대)",맞음,1,208,0.5
"5. 전기, 기계설비공사",5.2 기계설비 작업,"기타자재(내부마감재,시멘트,마대)",부딪힘 접촉,1,208,0.5
"5. 전기, 기계설비공사",5.2 기계설비 작업,리프트,끼임,1,208,0.5
"5. 전기, 기계설비공사",5.2 기계설비 작업,말비계,떨어짐,1,208,0.5
"5. 전기, 기계설비공사",5.2 기계설비 작업,물,떨어짐,1,208,0.5
"5. 전기, 기계설비공사",5.2 기계설비 작업,물,이상온도 노출 접촉,1,208,0.5
"5. 전기, 기계설비공사",5.2 기계설비 작업,바닥(바닥에 걸려 넘어짐),넘어짐,1,208,0.5
"5. 전기, 기계설비공사",5.2 기계설비 작업,분류불능,유해위험물질 노출 접촉,1,208,0.5
"5. 전기, 기계설비공사",5.2 기계설비 작업,사다리,깔림 뒤집힘,1,208,0.5
"5. 전기, 기계설비공사",5.2 기계설비 작업,슬라브단부,떨어짐,1,208,0.5
"5. 전기, 기계설비공사",5.2 기계설비 작업,암석,깔림 뒤집힘,1,208,0.5
"5. 전기, 기계설비공사",5.2 기계설비 작업,엘리베이터피트,떨어짐,1,208,0.5
"5. 전기, 기계설비공사",5.2 기계설비 작업,용접(단)기,폭발,1,208,0.5
"5. 전기, 기계설비공사",5.2 기계설비 작업,원인미상,열사병,1,208,0.5
"5. 전기, 기계설비공사",5.2 기계설비 작업,절단기/톱,떨어짐,1,208,0.5
"5. 전기, 기계설비공사",5.2 기계설비 작업,철골(철골구조물),끼임,1,208,0.5
"5. 전기, 기계설비공사",5.2 기계설비 작업,철골(철골구조물),무너짐,1,208,0.5
"5. 전기, 기계설비공사",5.2 기계설비 작업,철골(철골자재),떨어짐,1,208,0.5
"5. 전기, 기계설비공사",5.2 기계설비 작업,화학물질,이상온도 노출 접촉,1,208,0.5
2. 철근콘크리트공사,2.1 거푸집 작업,거푸집,떨어짐,38,180,21.1
2. 철근콘크리트공사,2.1 거푸집 작업,비계,떨어짐,19,180,10.6
2. 철근콘크리트공사,2.1 거푸집 작업,작업발판/가설계단,떨어짐,15,180,8.3
2. 철근콘크리트공사,2.1 거푸집 작업,슬라브단부,떨어짐,13,180,7.2
2. 철근콘크리트공사,2.1 거푸집 작업,개구부(바닥개구부),떨어짐,12,180,6.7
2. 철근콘크리트공사,2.1 거푸집 작업,거푸집,깔림 뒤집힘,10,180,5.6
2. 철근콘크리트공사,2.1 거푸집 작업,거푸집,맞음,7,180,3.9
2. 철근콘크리트공사,2.1 거푸집 작업,동바리,떨어짐,7,180,3.9
2. 철근콘크리트공사,2.1 거푸집 작업,개구부(기타개구부),떨어짐,6,180,3.3
2. 철근콘크리트공사,2.1 거푸집 작업,거푸집,절단 베임 찔림,4,180,2.2
2. 철근콘크리트공사,2.1 거푸집 작업,계단,떨어짐,3,180,1.7
2. 철근콘크리트공사,2.1 거푸집 작업,"각재(파이프,강관,합판)",떨어짐,2,180,1.1
2. 철근콘크리트공사,2.1 거푸집 작업,고정식크레인,맞음,2,180,1.1
2. 철근콘크리트공사,2.1 거푸집 작업,"기타자재(내부마감재,시멘트,마대)",떨어짐,2,180,1.1
2. 철근콘크리트공사,2.1 거푸집 작업,벽체,깔림 뒤집힘,2,180,1.1
2. 철근콘크리트공사,2.1 거푸집 작업,분류불능,원인미상,2,180,1.1
2. 철근콘크리트공사,2.1 거푸집 작업,사다리,떨어짐,2,180,1.1
2. 철근콘크리트공사,2.1 거푸집 작업,엘리베이터피트,떨어짐,2,180,1.1
2. 철근콘크리트공사,2.1 거푸집 작업,이동식비계,떨어짐,2,180,1.1
2. 철근콘크리트공사,2.1 거푸집 작업,"철근콘크리트자재(철근,콘크리트,PC)",깔림 뒤집힘,2,180,1.1
2. 철근콘크리트공사,2.1 거푸집 작업,"각재(파이프,강관,합판)",맞음,1,180,0.6
2. 철근콘크리트공사,2.1 거푸집 작업,"각재(파이프,강관,합판)",맞음(낙하물체),1,180,0.6
2. 철근콘크리트공사,2.1 거푸집 작업,거푸집,끼임,1,180,0.6
2. 철근콘크리트공사,2.1 거푸집 작업,계단,깔림 뒤집힘,1,180,0.6
2. 철근콘크리트공사,2.1 거푸집 작업,고정식크레인,떨어짐,1,180,0.6
2. 철근콘크리트공사,2.1 거푸집 작업,기타건설장비,깔림 뒤집힘,1,180,0.6
2. 철근콘크리트공사,2.1 거푸집 작업,기타건설장비,부딪힘 접촉,1,180,0.6
2. 철근콘크리트공사,2.1 거푸집 작업,동바리,맞음,1,180,0.6
2. 철근콘크리트공사,2.1 거푸집 작업,리프트,끼임,1,180,0.6
2. 철근콘크리트공사,2.1 거푸집 작업,바닥(바닥에 걸려 넘어짐),깔림 뒤집힘,1,180,0.6
2. 철근콘크리트공사,2.1 거푸집 작업,바닥(바닥에 걸려 넘어짐),넘어짐,1,180,0.6
2. 철근콘크리트공사,2.1 거푸집 작업,방망,떨어짐,1,180,0.6
2. 철근콘크리트공사,2.1 거푸집 작업,분류불능,맞음,1,180,0.6
2. 철근콘크리트공사,2.1 거푸집 작업,분류불능,열사병,1,180,0.6
2. 철근콘크리트공사,2.1 거푸집 작업,비계(일체형비계),떨어짐,1,180,0.6
2. 철근콘크리트공사,2.1 거푸집 작업,이동식크레인,떨어짐,1,180,0.6
2. 철근콘크리트공사,2.1 거푸집 작업,이동식크레인,맞음,1,180,0.6
2. 철근콘크리트공사,2.1 거푸집 작업,지게차,깔림 뒤집힘,1,180,0.6
2. 철근콘크리트공사,2.1 거푸집 작업,"지붕(처마,홈통)",떨어짐,1,180,0.6
2. 철근콘크리트공사,2.1 거푸집 작업,철골(철골구조물),떨어짐,1,180,0.6
2. 철근콘크리트공사,2.1 거푸집 작업,철골(철골자재),맞음,1,180,0.6
2. 철근콘크리트공사,2.1 거푸집 작업,"철근콘크리트자재(철근,콘크리트,PC)",떨어짐,1,180,0.6
2. 철근콘크리트공사,2.1 거푸집 작업,"철근콘크리트자재(철근,콘크리트,PC)",절단 베임 찔림,1,180,0.6
2. 철근콘크리트공사,2.1 거푸집 작업,충전부,감전,1,180,0.6
2. 철근콘크리트공사,2.1 거푸집 작업,토사,깔림 뒤집힘,1,180,0.6
2. 철근콘크리트공사,2.1 거푸집 작업,트럭,깔림 뒤집힘,1,180,0.6
2. 철근콘크리트공사,2.1 거푸집 작업,화학물질,화재,1,180,0.6
2. 철근콘크리트공사,2.1 거푸집 작업,흙막이가시설,떨어짐,1,180,0.6
3. 철골공사,3.1 철골 작업,철골(철골구조물),떨어짐,73,167,43.7
3. 철골공사,3.1 철골 작업,철골(철골자재),떨어짐,15,167,9.0
3. 철골공사,3.1 철골 작업,고소작업대,떨어짐,14,167,8.4
3. 철골공사,3.1 철골 작업,개구부(바닥개구부),떨어짐,8,167,4.8
3. 철골공사,3.1 철골 작업,철골(철골자재),맞음(낙하물체),6,167,3.6
3. 철골공사,3.1 철골 작업,개구부(기타개구부),떨어짐,4,167,2.4
3. 철골공사,3.1 철골 작업,사다리,떨어짐,4,167,2.4
3. 철골공사,3.1 철골 작업,"지붕(처마,홈통)",떨어짐,4,167,2.4
3. 철골공사,3.1 철골 작업,"각재(파이프,강관,합판)",떨어짐,3,167,1.8
3. 철골공사,3.1 철골 작업,계단,떨어짐,3,167,1.8
3. 철골공사,3.1 철골 작업,슬라브단부,떨어짐,3,167,1.8
3. 철골공사,3.1 철골 작업,이동식비계,떨어짐,3,167,1.8
3. 철골공사,3.1 철골 작업,철골(철골자재),깔림 뒤집힘,3,167,1.8
3. 철골공사,3.1 철골 작업,"각재(파이프,강관,합판)",맞음(낙하물체),1,167,0.6
3. 철골공사,3.1 철골 작업,고소작업대,끼임,1,167,0.6
3. 철골공사,3.1 철골 작업,고소작업대,절단 베임 찔림,1,167,0.6
3. 철골공사,3.1 철골 작업,기타건설장비,맞음,1,167,0.6
3. 철골공사,3.1 철골 작업,"기타자재(내부마감재,시멘트,마대)",떨어짐,1,167,0.6
3. 철골공사,3.1 철골 작업,동바리,맞음(낙하물체),1,167,0.6
3. 철골공사,3.1 철골 작업,바닥(바닥에 걸려 넘어짐),깔림 뒤집힘,1,167,0.6
3. 철골공사,3.1 철골 작업,벽체,떨어짐,1,167,0.6
3. 철골공사,3.1 철골 작업,비계(일체형비계),떨어짐,1,167,0.6
3. 철골공사,3.1 철골 작업,외부마감재,화재,1,167,0.6
3. 철골공사,3.1 철골 작업,이동식크레인,떨어짐,1,167,0.6
3. 철골공사,3.1 철골 작업,이동식크레인,맞음,1,167,0.6
3. 철골공사,3.1 철골 작업,이동식크레인,맞음(낙하물체),1,167,0.6
3. 철골공사,3.1 철골 작업,작업발판/가설계단,떨어짐,1,167,0.6
3. 철골공사,3.1 철골 작업,전주,떨어짐,1,167,0.6
3. 철골공사,3.1 철골 작업,천장(판넬 등 마감재),떨어짐,1,167,0.6
3. 철골공사,3.1 철골 작업,철골(철골구조물),깔림 뒤집힘,1,167,0.6
3. 철골공사,3.1 철골 작업,철골(철골구조물),끼임,1,167,0.6
3. 철골공사,3.1 철골 작업,철골(철골구조물),넘어짐,1,167,0.6
3. 철골공사,3.1 철골 작업,철골(철골구조물),맞음(낙하물체),1,167,0.6
3. 철골공사,3.1 철골 작업,철골(철골구조물),부딪힘 접촉,1,167,0.6
3. 철골공사,3.1 철골 작업,철골(철골자재),끼임,1,167,0.6
3. 철골공사,3.1 철골 작업,철골(철골자재),맞음,1,167,0.6
3. 철골공사,3.1 철골 작업,트럭,맞음(낙하물체),1,167,0.6
"5. 전기, 기계설비공사",5.1 전기 설비 작업,충전부,감전,30,150,20.0
"5. 전기, 기계설비공사",5.1 전기 설비 작업,전주,떨어짐,19,150,12.7
"5. 전기, 기계설비공사",5.1 전기 설비 작업,사다리,떨어짐,17,150,11.3
"5. 전기, 기계설비공사",5.1 전기 설비 작업,기계설비,떨어짐,6,150,4.0
"5. 전기, 기계설비공사",5.1 전기 설비 작업,개구부(바닥개구부),떨어짐,5,150,3.3
"5. 전기, 기계설비공사",5.1 전기 설비 작업,이동식비계,떨어짐,5,150,3.3
"5. 전기, 기계설비공사",5.1 전기 설비 작업,"지붕(처마,홈통)",떨어짐,5,150,3.3
"5. 전기, 기계설비공사",5.1 전기 설비 작업,고소작업대,끼임,4,150,2.7
"5. 전기, 기계설비공사",5.1 전기 설비 작업,고소작업대,떨어짐,3,150,2.0
"5. 전기, 기계설비공사",5.1 전기 설비 작업,기타구조물,떨어짐,3,150,2.0
"5. 전기, 기계설비공사",5.1 전기 설비 작업,전주,감전,3,150,2.0
"5. 전기, 기계설비공사",5.1 전기 설비 작업,천장(판넬 등 마감재),떨어짐,3,150,2.0
"5. 전기, 기계설비공사",5.1 전기 설비 작업,"기타자재(내부마감재,시멘트,마대)",떨어짐,2,150,1.3
"5. 전기, 기계설비공사",5.1 전기 설비 작업,비계,떨어짐,2,150,1.3
"5. 전기, 기계설비공사",5.1 전기 설비 작업,이동식크레인,맞음,2,150,1.3
"5. 전기, 기계설비공사",5.1 전기 설비 작업,작업발판/가설계단,떨어짐,2,150,1.3
"5. 전기, 기계설비공사",5.1 전기 설비 작업,충전부,떨어짐,2,150,1.3
"5. 전기, 기계설비공사",5.1 전기 설비 작업,"각재(파이프,강관,합판)",맞음(낙하물체),1,150,0.7
"5. 전기, 기계설비공사",5.1 전기 설비 작업,개구부(기타개구부),떨어짐,1,150,0.7
"5. 전기, 기계설비공사",5.1 전기 설비 작업,거푸집,맞음,1,150,0.7
"5. 전기, 기계설비공사",5.1 전기 설비 작업,계단,떨어짐,1,150,0.7
"5. 전기, 기계설비공사",5.1 전기 설비 작업,고소작업대,부딪힘 접촉,1,150,0.7
"5. 전기, 기계설비공사",5.1 전기 설비 작업,교통수단,부딪힘 접촉,1,150,0.7
"5. 전기, 기계설비공사",5.1 전기 설비 작업,굴착기,깔림 뒤집힘,1,150,0.7
"5. 전기, 기계설비공사",5.1 전기 설비 작업,굴착기,끼임,1,150,0.7
"5. 전기, 기계설비공사",5.1 전기 설비 작업,굴착기,떨어짐,1,150,0.7
"5. 전기, 기계설비공사",5.1 전기 설비 작업,굴착기,맞음(낙하물체),1,150,0.7
"5. 전기, 기계설비공사",5.1 전기 설비 작업,기계설비,감전,1,150,0.7
"5. 전기, 기계설비공사",5.1 전기 설비 작업,기계설비,깔림 뒤집힘,1,150,0.7
"5. 전기, 기계설비공사",5.1 전기 설비 작업,"기타자재(내부마감재,시멘트,마대)",감전,1,150,0.7
"5. 전기, 기계설비공사",5.1 전기 설비 작업,"기타자재(내부마감재,시멘트,마대)",맞음,1,150,0.7
"5. 전기, 기계설비공사",5.1 전기 설비 작업,"기타자재(내부마감재,시멘트,마대)",화재,1,150,0.7
"5. 전기, 기계설비공사",5.1 전기 설비 작업,리프트,떨어짐,1,150,0.7
"5. 전기, 기계설비공사",5.1 전기 설비 작업,말비계,떨어짐,1,150,0.7
"5. 전기, 기계설비공사",5.1 전기 설비 작업,바닥(바닥에 걸려 넘어짐),절단 베임 찔림,1,150,0.7
"5. 전기, 기계설비공사",5.1 전기 설비 작업,분류불능,원인미상,1,150,0.7
"5. 전기, 기계설비공사",5.1 전기 설비 작업,사다리,감전,1,150,0.7
"5. 전기, 기계설비공사",5.1 전기 설비 작업,슬라브단부,떨어짐,1,150,0.7
"5. 전기, 기계설비공사",5.1 전기 설비 작업,엘리베이터피트,떨어짐,1,150,0.7
"5. 전기, 기계설비공사",5.1 전기 설비 작업,외부마감재,떨어짐,1,150,0.7
"5. 전기, 기계설비공사",5.1 전기 설비 작업,이동식크레인,부딪힘 접촉,1,150,0.7
"5. 전기, 기계설비공사",5.1 전기 설비 작업,전주,깔림 뒤집힘,1,150,0.7
"5. 전기, 기계설비공사",5.1 전기 설비 작업,전주,맞음,1,150,0.7
"5. 전기, 기계설비공사",5.1 전기 설비 작업,전주,맞음(낙하물체),1,150,0.7
"5. 전기, 기계설비공사",5.1 전기 설비 작업,절단기/톱,맞음,1,150,0.7
"5. 전기, 기계설비공사",5.1 전기 설비 작업,"지붕(채광판,선라이트)",떨어짐,1,150,0.7
"5. 전기, 기계설비공사",5.1 전기 설비 작업,철골(철골구조물),떨어짐,1,150,0.7
"5. 전기, 기계설비공사",5.1 전기 설비 작업,철골(철골자재),맞음,1,150,0.7
"5. 전기, 기계설비공사",5.1 전기 설비 작업,토사,떨어짐,1,150,0.7
"5. 전기, 기계설비공사",5.1 전기 설비 작업,토사,무너짐,1,150,0.7
"5. 전기, 기계설비공사",5.1 전기 설비 작업,트럭,부딪힘 접촉,1,150,0.7
"5. 전기, 기계설비공사",5.1 전기 설비 작업,화학물질,감전,1,150,0.7
"5. 전기, 기계설비공사",5.1 전기 설비 작업,화학물질,산소결핍 질식,1,150,0.7
"5. 전기, 기계설비공사",5.1 전기 설비 작업,화학물질,원인미상,1,150,0.7
12. 공통공사,12.2 안전가시설 작업,비계,떨어짐,48,127,37.8
12. 공통공사,12.2 안전가시설 작업,방망,떨어짐,15,127,11.8
12. 공통공사,12.2 안전가시설 작업,작업발판/가설계단,떨어짐,14,127,11.0
12. 공통공사,12.2 안전가시설 작업,개구부(기타개구부),떨어짐,6,127,4.7
12. 공통공사,12.2 안전가시설 작업,충전부,떨어짐,6,127,4.7
12. 공통공사,12.2 안전가시설 작업,개구부(바닥개구부),떨어짐,5,127,3.9
12. 공통공사,12.2 안전가시설 작업,"각재(파이프,강관,합판)",떨어짐,3,127,2.4
12. 공통공사,12.2 안전가시설 작업,"각재(파이프,강관,합판)",맞음,3,127,2.4
12. 공통공사,12.2 안전가시설 작업,이동식크레인,맞음(낙하물체),3,127,2.4
12. 공통공사,12.2 안전가시설 작업,달비계,떨어짐,2,127,1.6
12. 공통공사,12.2 안전가시설 작업,사다리,떨어짐,2,127,1.6
12. 공통공사,12.2 안전가시설 작업,슬라브단부,떨어짐,2,127,1.6
12. 공통공사,12.2 안전가시설 작업,거푸집,끼임,1,127,0.8
12. 공통공사,12.2 안전가시설 작업,기타가설구조물,떨어짐,1,127,0.8
12. 공통공사,12.2 안전가시설 작업,기타구조물,깔림 뒤집힘,1,127,0.8
12. 공통공사,12.2 안전가시설 작업,로울러,깔림 뒤집힘,1,127,0.8
12. 공통공사,12.2 안전가시설 작업,비계,무너짐,1,127,0.8
12. 공통공사,12.2 안전가시설 작업,비계,절단 베임 찔림,1,127,0.8
12. 공통공사,12.2 안전가시설 작업,사다리,맞음,1,127,0.8
12. 공통공사,12.2 안전가시설 작업,슬라브단부,절단 베임 찔림,1,127,0.8
12. 공통공사,12.2 안전가시설 작업,엘리베이터피트,떨어짐,1,127,0.8
12. 공통공사,12.2 안전가시설 작업,이동식비계,떨어짐,1,127,0.8
12. 공통공사,12.2 안전가시설 작업,이동식크레인,끼임,1,127,0.8
12. 공통공사,12.2 안전가시설 작업,작업발판/가설계단,맞음,1,127,0.8
12. 공통공사,12.2 안전가시설 작업,작업발판/가설계단,부딪힘 접촉,1,127,0.8
12. 공통공사,12.2 안전가시설 작업,지게차,끼임,1,127,0.8
12. 공통공사,12.2 안전가시설 작업,철골(철골자재),맞음,1,127,0.8
12. 공통공사,12.2 안전가시설 작업,철골(철골자재),맞음(낙하물체),1,127,0.8
12. 공통공사,12.2 안전가시설 작업,충전부,감전,1,127,0.8
12. 공통공사,12.2 안전가시설 작업,흙막이가시설,떨어짐,1,127,0.8
12. 공통공사,"12.7 기타(작업환경, 청소 등)",개구부(기타개구부),떨어짐,7,126,5.6
12. 공통공사,"12.7 기타(작업환경, 청소 등)",슬라브단부,떨어짐,7,126,5.6
12. 공통공사,"12.7 기타(작업환경, 청소 등)",교통수단,부딪힘 접촉,6,126,4.8
12. 공통공사,"12.7 기타(작업환경, 청소 등)",분류불능,폭염,6,126,4.8
12. 공통공사,"12.7 기타(작업환경, 청소 등)",사다리,떨어짐,6,126,4.8
12. 공통공사,"12.7 기타(작업환경, 청소 등)",개구부(바닥개구부),떨어짐,5,126,4.0
12. 공통공사,"12.7 기타(작업환경, 청소 등)",분류불능,떨어짐,5,126,4.0
12. 공통공사,"12.7 기타(작업환경, 청소 등)",트럭,부딪힘 접촉,5,126,4.0
12. 공통공사,"12.7 기타(작업환경, 청소 등)",기계설비,끼임,4,126,3.2
12. 공통공사,"12.7 기타(작업환경, 청소 등)",분류불능,원인미상,4,126,3.2
12. 공통공사,"12.7 기타(작업환경, 청소 등)",충전부,감전,4,126,3.2
12. 공통공사,"12.7 기타(작업환경, 청소 등)",화학물질,유해위험물질 노출 접촉,4,126,3.2
12. 공통공사,"12.7 기타(작업환경, 청소 등)",기계설비,떨어짐,3,126,2.4
12. 공통공사,"12.7 기타(작업환경, 청소 등)",기타구조물,떨어짐,3,126,2.4
12. 공통공사,"12.7 기타(작업환경, 청소 등)","기타자재(내부마감재,시멘트,마대)",떨어짐,3,126,2.4
12. 공통공사,"12.7 기타(작업환경, 청소 등)",비계,떨어짐,3,126,2.4
12. 공통공사,"12.7 기타(작업환경, 청소 등)",트럭,떨어짐,3,126,2.4
12. 공통공사,"12.7 기타(작업환경, 청소 등)",화학물질,떨어짐,3,126,2.4
12. 공통공사,"12.7 기타(작업환경, 청소 등)","기타자재(내부마감재,시멘트,마대)",맞음,2,126,1.6
12. 공통공사,"12.7 기타(작업환경, 청소 등)",물,익사,2,126,1.6
12. 공통공사,"12.7 기타(작업환경, 청소 등)","지붕(처마,홈통)",떨어짐,2,126,1.6
12. 공통공사,"12.7 기타(작업환경, 청소 등)",화학물질,폭발,2,126,1.6
12. 공통공사,"12.7 기타(작업환경, 청소 등)","각재(파이프,강관,합판)",떨어짐,1,126,0.8
12. 공통공사,"12.7 기타(작업환경, 청소 등)","각재(파이프,강관,합판)",맞음,1,126,0.8
12. 공통공사,"12.7 기타(작업환경, 청소 등)",거푸집,깔림 뒤집힘,1,126,0.8
12. 공통공사,"12.7 기타(작업환경, 청소 등)",계단,떨어짐,1,126,0.8
12. 공통공사,"12.7 기타(작업환경, 청소 등)",계단,부딪힘 접촉,1,126,0.8
12. 공통공사,"12.7 기타(작업환경, 청소 등)",고소작업대,끼임,1,126,0.8
12. 공통공사,"12.7 기타(작업환경, 청소 등)",고소작업대,떨어짐,1,126,0.8
12. 공통공사,"12.7 기타(작업환경, 청소 등)",굴착기,깔림 뒤집힘,1,126,0.8
12. 공통공사,"12.7 기타(작업환경, 청소 등)",굴착기,부딪힘 접촉,1,126,0.8
12. 공통공사,"12.7 기타(작업환경, 청소 등)",굴착기,절단 베임 찔림,1,126,0.8
12. 공통공사,"12.7 기타(작업환경, 청소 등)",기계설비,폭발,1,126,0.8
12. 공통공사,"12.7 기타(작업환경, 청소 등)",기타가설구조물,떨어짐,1,126,0.8
12. 공통공사,"12.7 기타(작업환경, 청소 등)",기타건설장비,깔림 뒤집힘,1,126,0.8
12. 공통공사,"12.7 기타(작업환경, 청소 등)",기타건설장비,떨어짐,1,126,0.8
12. 공통공사,"12.7 기타(작업환경, 청소 등)",기타건설장비,부딪힘 접촉,1,126,0.8
12. 공통공사,"12.7 기타(작업환경, 청소 등)","기타자재(내부마감재,시멘트,마대)",깔림 뒤집힘,1,126,0.8
12. 공통공사,"12.7 기타(작업환경, 청소 등)","기타자재(내부마감재,시멘트,마대)",넘어짐,1,126,0.8
12. 공통공사,"12.7 기타(작업환경, 청소 등)","기타자재(내부마감재,시멘트,마대)",무너짐,1,126,0.8
12. 공통공사,"12.7 기타(작업환경, 청소 등)",배관,맞음,1,126,0.8
12. 공통공사,"12.7 기타(작업환경, 청소 등)",분류불능,부딪힘 접촉,1,126,0.8
12. 공통공사,"12.7 기타(작업환경, 청소 등)",분류불능,화재,1,126,0.8
12. 공통공사,"12.7 기타(작업환경, 청소 등)",수목,맞음,1,126,0.8
12. 공통공사,"12.7 기타(작업환경, 청소 등)",암석,넘어짐,1,126,0.8
12. 공통공사,"12.7 기타(작업환경, 청소 등)",암석,맞음,1,126,0.8
12. 공통공사,"12.7 기타(작업환경, 청소 등)",엘리베이터피트,떨어짐,1,126,0.8
12. 공통공사,"12.7 기타(작업환경, 청소 등)",용접(단)기,화재,1,126,0.8
12. 공통공사,"12.7 기타(작업환경, 청소 등)",원인미상,폭염,1,126,0.8
12. 공통공사,"12.7 기타(작업환경, 청소 등)",작업발판/가설계단,떨어짐,1,126,0.8
12. 공통공사,"12.7 기타(작업환경, 청소 등)",지게차,끼임,1,126,0.8
12. 공통공사,"12.7 기타(작업환경, 청소 등)",지게차,부딪힘 접촉,1,126,0.8
12. 공통공사,"12.7 기타(작업환경, 청소 등)",철골(철골구조물),떨어짐,1,126,0.8
12. 공통공사,"12.7 기타(작업환경, 청소 등)",철골(철골구조물),맞음,1,126,0.8
12. 공통공사,"12.7 기타(작업환경, 청소 등)","철근콘크리트자재(철근,콘크리트,PC)",맞음,1,126,0.8
12. 공통공사,"12.7 기타(작업환경, 청소 등)",충전부,화재,1,126,0.8
12. 공통공사,"12.7 기타(작업환경, 청소 등)",트럭,깔림 뒤집힘,1,126,0.8
12. 공통공사,"12.7 기타(작업환경, 청소 등)",화학물질,화재,1,126,0.8
12. 공통공사,"12.7 기타(작업환경, 청소 등)",흙막이가시설,떨어짐,1,126,0.8
12. 공통공사,"12.1 철거, 해체","지붕(처마,홈통)",떨어짐,19,124,15.3
12. 공통공사,"12.1 철거, 해체",벽체,깔림 뒤집힘,16,124,12.9
12. 공통공사,"12.1 철거, 해체",슬라브단부,떨어짐,9,124,7.3
12. 공통공사,"12.1 철거, 해체",철골(철골구조물),떨어짐,7,124,5.6
12. 공통공사,"12.1 철거, 해체","지붕(채광판,선라이트)",떨어짐,5,124,4.0
12. 공통공사,"12.1 철거, 해체",개구부(기타개구부),떨어짐,4,124,3.2
12. 공통공사,"12.1 철거, 해체",기타구조물,맞음,4,124,3.2
12. 공통공사,"12.1 철거, 해체","기타자재(내부마감재,시멘트,마대)",깔림 뒤집힘,4,124,3.2
12. 공통공사,"12.1 철거, 해체",천장(판넬 등 마감재),떨어짐,4,124,3.2
12. 공통공사,"12.1 철거, 해체",굴착기,떨어짐,3,124,2.4
12. 공통공사,"12.1 철거, 해체",기타구조물,깔림 뒤집힘,3,124,2.4
12. 공통공사,"12.1 철거, 해체",외부마감재,떨어짐,3,124,2.4
12. 공통공사,"12.1 철거, 해체",굴착기,깔림 뒤집힘,2,124,1.6
12. 공통공사,"12.1 철거, 해체",굴착기,끼임,2,124,1.6
12. 공통공사,"12.1 철거, 해체",기계설비,깔림 뒤집힘,2,124,1.6
12. 공통공사,"12.1 철거, 해체",기타구조물,떨어짐,2,124,1.6
12. 공통공사,"12.1 철거, 해체","기타자재(내부마감재,시멘트,마대)",맞음,2,124,1.6
12. 공통공사,"12.1 철거, 해체",배관,맞음,2,124,1.6
12. 공통공사,"12.1 철거, 해체",슬라브단부,깔림 뒤집힘,2,124,1.6
12. 공통공사,"12.1 철거, 해체",화학물질,폭발,2,124,1.6
12. 공통공사,"12.1 철거, 해체","각재(파이프,강관,합판)",깔림 뒤집힘,1,124,0.8
12. 공통공사,"12.1 철거, 해체",개구부(바닥개구부),떨어짐,1,124,0.8
12. 공통공사,"12.1 철거, 해체",고소작업대,끼임,1,124,0.8
12. 공통공사,"12.1 철거, 해체",고소작업대,떨어짐,1,124,0.8
12. 공통공사,"12.1 철거, 해체",고정식크레인,떨어짐,1,124,0.8
12. 공통공사,"12.1 철거, 해체",굴착기,맞음,1,124,0.8
12. 공통공사,"12.1 철거, 해체",굴착기,부딪힘 접촉,1,124,0.8
12. 공통공사,"12.1 철거, 해체",기계설비,끼임,1,124,0.8
12. 공통공사,"12.1 철거, 해체",기계설비,맞음,1,124,0.8
12. 공통공사,"12.1 철거, 해체","기타자재(내부마감재,시멘트,마대)",떨어짐,1,124,0.8
12. 공통공사,"12.1 철거, 해체","기타자재(내부마감재,시멘트,마대)",화재,1,124,0.8
12. 공통공사,"12.1 철거, 해체",바닥(바닥에 걸려 넘어짐),떨어짐,1,124,0.8
12. 공통공사,"12.1 철거, 해체",배관,깔림 뒤집힘,1,124,0.8
12. 공통공사,"12.1 철거, 해체",비계,떨어짐,1,124,0.8
12. 공통공사,"12.1 철거, 해체",사다리,떨어짐,1,124,0.8
12. 공통공사,"12.1 철거, 해체",이동식비계,떨어짐,1,124,0.8
12. 공통공사,"12.1 철거, 해체",이동식크레인,깔림 뒤집힘,1,124,0.8
12. 공통공사,"12.1 철거, 해체",이동식크레인,떨어짐,1,124,0.8
12. 공통공사,"12.1 철거, 해체",이동식크레인,맞음(낙하물체),1,124,0.8
12. 공통공사,"12.1 철거, 해체",작업발판/가설계단,떨어짐,1,124,0.8
12. 공통공사,"12.1 철거, 해체",전주,떨어짐,1,124,0.8
12. 공통공사,"12.1 철거, 해체",전주,맞음,1,124,0.8
12. 공통공사,"12.1 철거, 해체","지붕(처마,홈통)",끼임,1,124,0.8
12. 공통공사,"12.1 철거, 해체",철골(철골구조물),깔림 뒤집힘,1,124,0.8
12. 공통공사,"12.1 철거, 해체","철근콘크리트자재(철근,콘크리트,PC)",떨어짐,1,124,0.8
12. 공통공사,"12.1 철거, 해체",충전부,감전,1,124,0.8
12. 공통공사,"12.1 철거, 해체",충전부,떨어짐,1,124,0.8
4. 마감공사,4.4 도장작업,달비계,떨어짐,55,116,47.4
4. 마감공사,4.4 도장작업,고소작업대,떨어짐,12,116,10.3
4. 마감공사,4.4 도장작업,사다리,떨어짐,10,116,8.6
4. 마감공사,4.4 도장작업,이동식비계,떨어짐,8,116,6.9
4. 마감공사,4.4 도장작업,"지붕(처마,홈통)",떨어짐,7,116,6.0
4. 마감공사,4.4 도장작업,슬라브단부,떨어짐,4,116,3.4
4. 마감공사,4.4 도장작업,개구부(바닥개구부),떨어짐,3,116,2.6
4. 마감공사,4.4 도장작업,작업발판/가설계단,떨어짐,3,116,2.6
4. 마감공사,4.4 도장작업,계단,떨어짐,2,116,1.7
4. 마감공사,4.4 도장작업,기타구조물,떨어짐,2,116,1.7
4. 마감공사,4.4 도장작업,철골(철골구조물),떨어짐,2,116,1.7
4. 마감공사,4.4 도장작업,개구부(기타개구부),떨어짐,1,116,0.9
4. 마감공사,4.4 도장작업,"기타자재(내부마감재,시멘트,마대)",화재,1,116,0.9
4. 마감공사,4.4 도장작업,말비계,떨어짐,1,116,0.9
4. 마감공사,4.4 도장작업,바닥(바닥에 걸려 넘어짐),떨어짐,1,116,0.9
4. 마감공사,4.4 도장작업,분류불능,떨어짐,1,116,0.9
4. 마감공사,4.4 도장작업,비계,떨어짐,1,116,0.9
4. 마감공사,4.4 도장작업,사다리,넘어짐,1,116,0.9
4. 마감공사,4.4 도장작업,이동식크레인,떨어짐,1,116,0.9
4. 마감공사,"4.1 조적, 미장 및 견출작업",작업발판/가설계단,떨어짐,13,115,11.3
4. 마감공사,"4.1 조적, 미장 및 견출작업",비계,떨어짐,12,115,10.4
4. 마감공사,"4.1 조적, 미장 및 견출작업",이동식비계,떨어짐,11,115,9.6
4. 마감공사,"4.1 조적, 미장 및 견출작업",말비계,떨어짐,10,115,8.7
4. 마감공사,"4.1 조적, 미장 및 견출작업",슬라브단부,떨어짐,8,115,7.0
4. 마감공사,"4.1 조적, 미장 및 견출작업",개구부(바닥개구부),떨어짐,7,115,6.1
4. 마감공사,"4.1 조적, 미장 및 견출작업",계단,떨어짐,5,115,4.3
4. 마감공사,"4.1 조적, 미장 및 견출작업",사다리,떨어짐,5,115,4.3
4. 마감공사,"4.1 조적, 미장 및 견출작업",고소작업대,끼임,4,115,3.5
4. 마감공사,"4.1 조적, 미장 및 견출작업",벽체,떨어짐,4,115,3.5
4. 마감공사,"4.1 조적, 미장 및 견출작업",개구부(기타개구부),떨어짐,3,115,2.6
4. 마감공사,"4.1 조적, 미장 및 견출작업",기타구조물,떨어짐,2,115,1.7
4. 마감공사,"4.1 조적, 미장 및 견출작업","기타자재(내부마감재,시멘트,마대)",맞음,2,115,1.7
4. 마감공사,"4.1 조적, 미장 및 견출작업",달비계,떨어짐,2,115,1.7
4. 마감공사,"4.1 조적, 미장 및 견출작업",리프트,끼임,2,115,1.7
4. 마감공사,"4.1 조적, 미장 및 견출작업",리프트,떨어짐,2,115,1.7
4. 마감공사,"4.1 조적, 미장 및 견출작업",엘리베이터피트,떨어짐,2,115,1.7
4. 마감공사,"4.1 조적, 미장 및 견출작업",지게차,끼임,2,115,1.7
4. 마감공사,"4.1 조적, 미장 및 견출작업","각재(파이프,강관,합판)",맞음(낙하물체),1,115,0.9
4. 마감공사,"4.1 조적, 미장 및 견출작업",거푸집,떨어짐,1,115,0.9
4. 마감공사,"4.1 조적, 미장 및 견출작업",계단,넘어짐,1,115,0.9
4. 마감공사,"4.1 조적, 미장 및 견출작업",고소작업대,깔림 뒤집힘,1,115,0.9
4. 마감공사,"4.1 조적, 미장 및 견출작업",고소작업대,떨어짐,1,115,0.9
4. 마감공사,"4.1 조적, 미장 및 견출작업",교통수단,끼임,1,115,0.9
4. 마감공사,"4.1 조적, 미장 및 견출작업",굴착기,떨어짐,1,115,0.9
4. 마감공사,"4.1 조적, 미장 및 견출작업",기타건설기계기구,맞음,1,115,0.9
4. 마감공사,"4.1 조적, 미장 및 견출작업",기타건설장비,떨어짐,1,115,0.9
4. 마감공사,"4.1 조적, 미장 및 견출작업","기타자재(내부마감재,시멘트,마대)",떨어짐,1,115,0.9
4. 마감공사,"4.1 조적, 미장 및 견출작업",물,익사,1,115,0.9
4. 마감공사,"4.1 조적, 미장 및 견출작업",암석,부딪힘 접촉,1,115,0.9
4. 마감공사,"4.1 조적, 미장 및 견출작업",이동식비계,깔림 뒤집힘,1,115,0.9
4. 마감공사,"4.1 조적, 미장 및 견출작업",이동식크레인,부딪힘 접촉,1,115,0.9
4. 마감공사,"4.1 조적, 미장 및 견출작업",지게차,떨어짐,1,115,0.9
4. 마감공사,"4.1 조적, 미장 및 견출작업","지붕(처마,홈통)",끼임,1,115,0.9
4. 마감공사,"4.1 조적, 미장 및 견출작업","철근콘크리트자재(철근,콘크리트,PC)",떨어짐,1,115,0.9
4. 마감공사,"4.1 조적, 미장 및 견출작업","철근콘크리트자재(철근,콘크리트,PC)",맞음,1,115,0.9
4. 마감공사,"4.1 조적, 미장 및 견출작업",충전부,감전,1,115,0.9
11. 기타 토목공사,11.4 맨홀 및 관부설작업,토사,무너짐,39,106,36.8
11. 기타 토목공사,11.4 맨홀 및 관부설작업,굴착기,부딪힘 접촉,12,106,11.3
11. 기타 토목공사,11.4 맨홀 및 관부설작업,트럭,깔림 뒤집힘,5,106,4.7
11. 기타 토목공사,11.4 맨홀 및 관부설작업,벽체,무너짐,4,106,3.8
11. 기타 토목공사,11.4 맨홀 및 관부설작업,굴착기,깔림 뒤집힘,3,106,2.8
11. 기타 토목공사,11.4 맨홀 및 관부설작업,굴착기,맞음(낙하물체),3,106,2.8
11. 기타 토목공사,11.4 맨홀 및 관부설작업,배관,부딪힘 접촉,3,106,2.8
11. 기타 토목공사,11.4 맨홀 및 관부설작업,"기타자재(내부마감재,시멘트,마대)",맞음,2,106,1.9
11. 기타 토목공사,11.4 맨홀 및 관부설작업,물,떨어짐,2,106,1.9
11. 기타 토목공사,11.4 맨홀 및 관부설작업,물,익사,2,106,1.9
11. 기타 토목공사,11.4 맨홀 및 관부설작업,암석,무너짐,2,106,1.9
11. 기타 토목공사,11.4 맨홀 및 관부설작업,"철근콘크리트자재(철근,콘크리트,PC)",깔림 뒤집힘,2,106,1.9
11. 기타 토목공사,11.4 맨홀 및 관부설작업,트럭,끼임,2,106,1.9
11. 기타 토목공사,11.4 맨홀 및 관부설작업,화학물질,떨어짐,2,106,1.9
11. 기타 토목공사,11.4 맨홀 및 관부설작업,화학물질,유해위험물질 노출 접촉,2,106,1.9
11. 기타 토목공사,11.4 맨홀 및 관부설작업,"각재(파이프,강관,합판)",깔림 뒤집힘,1,106,0.9
11. 기타 토목공사,11.4 맨홀 및 관부설작업,"각재(파이프,강관,합판)",맞음,1,106,0.9
11. 기타 토목공사,11.4 맨홀 및 관부설작업,교통수단,부딪힘 접촉,1,106,0.9
11. 기타 토목공사,11.4 맨홀 및 관부설작업,굴착기,끼임,1,106,0.9
11. 기타 토목공사,11.4 맨홀 및 관부설작업,기타구조물,깔림 뒤집힘,1,106,0.9
11. 기타 토목공사,11.4 맨홀 및 관부설작업,기타구조물,떨어짐,1,106,0.9
11. 기타 토목공사,11.4 맨홀 및 관부설작업,기타구조물,부딪힘 접촉,1,106,0.9
11. 기타 토목공사,11.4 맨홀 및 관부설작업,"기타자재(내부마감재,시멘트,마대)",깔림 뒤집힘,1,106,0.9
11. 기타 토목공사,11.4 맨홀 및 관부설작업,물,맞음,1,106,0.9
11. 기타 토목공사,11.4 맨홀 및 관부설작업,물,폭발,1,106,0.9
11. 기타 토목공사,11.4 맨홀 및 관부설작업,바닥(바닥에 걸려 넘어짐),떨어짐,1,106,0.9
11. 기타 토목공사,11.4 맨홀 및 관부설작업,배관,깔림 뒤집힘,1,106,0.9
11. 기타 토목공사,11.4 맨홀 및 관부설작업,배관,절단 베임 찔림,1,106,0.9
11. 기타 토목공사,11.4 맨홀 및 관부설작업,배관,폭발,1,106,0.9
11. 기타 토목공사,11.4 맨홀 및 관부설작업,암석,떨어짐,1,106,0.9
11. 기타 토목공사,11.4 맨홀 및 관부설작업,절단기/톱,맞음,1,106,0.9
11. 기타 토목공사,11.4 맨홀 및 관부설작업,절단기/톱,절단 베임 찔림,1,106,0.9
11. 기타 토목공사,11.4 맨홀 및 관부설작업,충전부,감전,1,106,0.9
11. 기타 토목공사,11.4 맨홀 및 관부설작업,트럭,떨어짐,1,106,0.9
11. 기타 토목공사,11.4 맨홀 및 관부설작업,화학물질,산소결핍 질식,1,106,0.9
11. 기타 토목공사,11.4 맨홀 및 관부설작업,흙막이가시설,떨어짐,1,106,0.9
2. 철근콘크리트공사,2.4 콘크리트 작업,콘크리트펌프카,맞음,12,79,15.2
2. 철근콘크리트공사,2.4 콘크리트 작업,개구부(기타개구부),떨어짐,6,79,7.6
2. 철근콘크리트공사,2.4 콘크리트 작업,철골(철골구조물),무너짐,6,79,7.6
2. 철근콘크리트공사,2.4 콘크리트 작업,콘크리트믹서,깔림 뒤집힘,4,79,5.1
2. 철근콘크리트공사,2.4 콘크리트 작업,콘크리트펌프카,끼임,4,79,5.1
2. 철근콘크리트공사,2.4 콘크리트 작업,화학물질,산소결핍 질식,4,79,5.1
2. 철근콘크리트공사,2.4 콘크리트 작업,거푸집,떨어짐,3,79,3.8
2. 철근콘크리트공사,2.4 콘크리트 작업,슬라브단부,떨어짐,3,79,3.8
2. 철근콘크리트공사,2.4 콘크리트 작업,콘크리트믹서,끼임,3,79,3.8
2. 철근콘크리트공사,2.4 콘크리트 작업,분류불능,원인미상,2,79,2.5
2. 철근콘크리트공사,2.4 콘크리트 작업,"철근콘크리트자재(철근,콘크리트,PC)",떨어짐,2,79,2.5
2. 철근콘크리트공사,2.4 콘크리트 작업,"철근콘크리트자재(철근,콘크리트,PC)",절단 베임 찔림,2,79,2.5
2. 철근콘크리트공사,2.4 콘크리트 작업,콘크리트펌프카,깔림 뒤집힘,2,79,2.5
2. 철근콘크리트공사,2.4 콘크리트 작업,콘크리트펌프카,떨어짐,2,79,2.5
2. 철근콘크리트공사,2.4 콘크리트 작업,"각재(파이프,강관,합판)",떨어짐,1,79,1.3
2. 철근콘크리트공사,2.4 콘크리트 작업,"각재(파이프,강관,합판)",맞음,1,79,1.3
2. 철근콘크리트공사,2.4 콘크리트 작업,개구부(바닥개구부),떨어짐,1,79,1.3
2. 철근콘크리트공사,2.4 콘크리트 작업,거푸집,깔림 뒤집힘,1,79,1.3
2. 철근콘크리트공사,2.4 콘크리트 작업,거푸집,무너짐,1,79,1.3
2. 철근콘크리트공사,2.4 콘크리트 작업,계단,떨어짐,1,79,1.3
2. 철근콘크리트공사,2.4 콘크리트 작업,기타건설장비,떨어짐,1,79,1.3
2. 철근콘크리트공사,2.4 콘크리트 작업,기타건설장비,맞음(낙하물체),1,79,1.3
2. 철근콘크리트공사,2.4 콘크리트 작업,기타구조물,끼임,1,79,1.3
2. 철근콘크리트공사,2.4 콘크리트 작업,"기타자재(내부마감재,시멘트,마대)",맞음,1,79,1.3
2. 철근콘크리트공사,2.4 콘크리트 작업,"기타자재(내부마감재,시멘트,마대)",부딪힘 접촉,1,79,1.3
2. 철근콘크리트공사,2.4 콘크리트 작업,동바리,무너짐,1,79,1.3
2. 철근콘크리트공사,2.4 콘크리트 작업,리프트,끼임,1,79,1.3
2. 철근콘크리트공사,2.4 콘크리트 작업,분류불능,열사병,1,79,1.3
2. 철근콘크리트공사,2.4 콘크리트 작업,비계,떨어짐,1,79,1.3
2. 철근콘크리트공사,2.4 콘크리트 작업,비계(일체형비계),떨어짐,1,79,1.3
2. 철근콘크리트공사,2.4 콘크리트 작업,슬라브단부,무너짐,1,79,1.3
2. 철근콘크리트공사,2.4 콘크리트 작업,외부마감재,화재,1,79,1.3
2. 철근콘크리트공사,2.4 콘크리트 작업,작업발판/가설계단,떨어짐,1,79,1.3
2. 철근콘크리트공사,2.4 콘크리트 작업,"지붕(처마,홈통)",떨어짐,1,79,1.3
2. 철근콘크리트공사,2.4 콘크리트 작업,철골(철골구조물),떨어짐,1,79,1.3
2. 철근콘크리트공사,2.4 콘크리트 작업,콘크리트펌프카,부딪힘 접촉,1,79,1.3
2. 철근콘크리트공사,2.4 콘크리트 작업,트럭,떨어짐,1,79,1.3
2. 철근콘크리트공사,2.4 콘크리트 작업,흙막이가시설,떨어짐,1,79,1.3
4. 마감공사,4.7 수장 작업,사다리,떨어짐,9,67,13.4
4. 마감공사,4.7 수장 작업,이동식비계,떨어짐,7,67,10.4
4. 마감공사,4.7 수장 작업,고소작업대,떨어짐,5,67,7.5
4. 마감공사,4.7 수장 작업,개구부(기타개구부),떨어짐,3,67,4.5
4. 마감공사,4.7 수장 작업,리프트,떨어짐,3,67,4.5
4. 마감공사,4.7 수장 작업,비계,떨어짐,3,67,4.5
4. 마감공사,4.7 수장 작업,슬라브단부,떨어짐,3,67,4.5
4. 마감공사,4.7 수장 작업,작업발판/가설계단,떨어짐,3,67,4.5
4. 마감공사,4.7 수장 작업,개구부(바닥개구부),떨어짐,2,67,3.0
4. 마감공사,4.7 수장 작업,"기타자재(내부마감재,시멘트,마대)",끼임,2,67,3.0
4. 마감공사,4.7 수장 작업,"기타자재(내부마감재,시멘트,마대)",떨어짐,2,67,3.0
4. 마감공사,4.7 수장 작업,"기타자재(내부마감재,시멘트,마대)",맞음,2,67,3.0
4. 마감공사,4.7 수장 작업,말비계,떨어짐,2,67,3.0
4. 마감공사,4.7 수장 작업,화학물질,화재,2,67,3.0
4. 마감공사,4.7 수장 작업,"각재(파이프,강관,합판)",맞음,1,67,1.5
4. 마감공사,4.7 수장 작업,계단,떨어짐,1,67,1.5
4. 마감공사,4.7 수장 작업,기타가설구조물,떨어짐,1,67,1.5
4. 마감공사,4.7 수장 작업,기타건설장비,떨어짐,1,67,1.5
4. 마감공사,4.7 수장 작업,달비계,떨어짐,1,67,1.5
4. 마감공사,4.7 수장 작업,벽체,떨어짐,1,67,1.5
4. 마감공사,4.7 수장 작업,분류불능,떨어짐,1,67,1.5
4. 마감공사,4.7 수장 작업,분류불능,화재,1,67,1.5
4. 마감공사,4.7 수장 작업,이동식비계,깔림 뒤집힘,1,67,1.5
4. 마감공사,4.7 수장 작업,이동식비계,부딪힘 접촉,1,67,1.5
4. 마감공사,4.7 수장 작업,이동식크레인,맞음,1,67,1.5
4. 마감공사,4.7 수장 작업,작업발판/가설계단,부딪힘 접촉,1,67,1.5
4. 마감공사,4.7 수장 작업,절단기/톱,절단 베임 찔림,1,67,1.5
4. 마감공사,4.7 수장 작업,지게차,끼임,1,67,1.5
4. 마감공사,4.7 수장 작업,지게차,맞음,1,67,1.5
4. 마감공사,4.7 수장 작업,"지붕(처마,홈통)",떨어짐,1,67,1.5
4. 마감공사,4.7 수장 작업,철골(철골구조물),떨어짐,1,67,1.5
4. 마감공사,4.7 수장 작업,충전부,감전,1,67,1.5
4. 마감공사,4.7 수장 작업,트럭,떨어짐,1,67,1.5
4. 마감공사,4.5 금속 및 잡철물 작업,사다리,떨어짐,9,61,14.8
4. 마감공사,4.5 금속 및 잡철물 작업,고소작업대,떨어짐,6,61,9.8
4. 마감공사,4.5 금속 및 잡철물 작업,철골(철골구조물),떨어짐,6,61,9.8
4. 마감공사,4.5 금속 및 잡철물 작업,이동식비계,떨어짐,5,61,8.2
4. 마감공사,4.5 금속 및 잡철물 작업,슬라브단부,떨어짐,4,61,6.6
4. 마감공사,4.5 금속 및 잡철물 작업,개구부(바닥개구부),떨어짐,3,61,4.9
4. 마감공사,4.5 금속 및 잡철물 작업,기계설비,끼임,3,61,4.9
4. 마감공사,4.5 금속 및 잡철물 작업,"기타자재(내부마감재,시멘트,마대)",떨어짐,3,61,4.9
4. 마감공사,4.5 금속 및 잡철물 작업,"지붕(처마,홈통)",떨어짐,3,61,4.9
4. 마감공사,4.5 금속 및 잡철물 작업,개구부(기타개구부),떨어짐,2,61,3.3
4. 마감공사,4.5 금속 및 잡철물 작업,기계설비,맞음,2,61,3.3
4. 마감공사,4.5 금속 및 잡철물 작업,엘리베이터피트,떨어짐,2,61,3.3
4. 마감공사,4.5 금속 및 잡철물 작업,"각재(파이프,강관,합판)",넘어짐,1,61,1.6
4. 마감공사,4.5 금속 및 잡철물 작업,"각재(파이프,강관,합판)",떨어짐,1,61,1.6
4. 마감공사,4.5 금속 및 잡철물 작업,"각재(파이프,강관,합판)",맞음,1,61,1.6
4. 마감공사,4.5 금속 및 잡철물 작업,계단,떨어짐,1,61,1.6
4. 마감공사,4.5 금속 및 잡철물 작업,교통수단,부딪힘 접촉,1,61,1.6
4. 마감공사,4.5 금속 및 잡철물 작업,기타건설기계기구,맞음,1,61,1.6
4. 마감공사,4.5 금속 및 잡철물 작업,기타구조물,떨어짐,1,61,1.6
4. 마감공사,4.5 금속 및 잡철물 작업,리프트,떨어짐,1,61,1.6
4. 마감공사,4.5 금속 및 잡철물 작업,리프트,맞음,1,61,1.6
4. 마감공사,4.5 금속 및 잡철물 작업,말비계,떨어짐,1,61,1.6
4. 마감공사,4.5 금속 및 잡철물 작업,작업발판/가설계단,떨어짐,1,61,1.6
4. 마감공사,4.5 금속 및 잡철물 작업,"지붕(채광판,선라이트)",떨어짐,1,61,1.6
4. 마감공사,4.5 금속 및 잡철물 작업,천장(판넬 등 마감재),떨어짐,1,61,1.6
6. 조경공사,6.1 조경작업,수목,깔림 뒤집힘,12,60,20.0
6. 조경공사,6.1 조경작업,굴착기,깔림 뒤집힘,8,60,13.3
6. 조경공사,6.1 조경작업,사다리,떨어짐,4,60,6.7
6. 조경공사,6.1 조경작업,수목,떨어짐,4,60,6.7
6. 조경공사,6.1 조경작업,수목,맞음,3,60,5.0
6. 조경공사,6.1 조경작업,암석,끼임,3,60,5.0
6. 조경공사,6.1 조경작업,충전부,감전,3,60,5.0
6. 조경공사,6.1 조경작업,고소작업대,떨어짐,2,60,3.3
6. 조경공사,6.1 조경작업,충전부,떨어짐,2,60,3.3
6. 조경공사,6.1 조경작업,트럭,부딪힘 접촉,2,60,3.3
6. 조경공사,6.1 조경작업,"각재(파이프,강관,합판)",맞음,1,60,1.7
6. 조경공사,6.1 조경작업,계단,떨어짐,1,60,1.7
6. 조경공사,6.1 조경작업,굴착기,맞음(낙하물체),1,60,1.7
6. 조경공사,6.1 조경작업,기타건설장비,깔림 뒤집힘,1,60,1.7
6. 조경공사,6.1 조경작업,기타건설장비,맞음,1,60,1.7
6. 조경공사,6.1 조경작업,기타구조물,깔림 뒤집힘,1,60,1.7
6. 조경공사,6.1 조경작업,"기타자재(내부마감재,시멘트,마대)",끼임,1,60,1.7
6. 조경공사,6.1 조경작업,벽체,깔림 뒤집힘,1,60,1.7
6. 조경공사,6.1 조경작업,벽체,떨어짐,1,60,1.7
6. 조경공사,6.1 조경작업,분류불능,화재,1,60,1.7
6. 조경공사,6.1 조경작업,수목,끼임,1,60,1.7
6. 조경공사,6.1 조경작업,슬라브단부,떨어짐,1,60,1.7
6. 조경공사,6.1 조경작업,암석,맞음,1,60,1.7
6. 조경공사,6.1 조경작업,지게차,부딪힘 접촉,1,60,1.7
6. 조경공사,6.1 조경작업,철골(철골자재),끼임,1,60,1.7
6. 조경공사,6.1 조경작업,트럭,깔림 뒤집힘,1,60,1.7
6. 조경공사,6.1 조경작업,트럭,떨어짐,1,60,1.7
4. 마감공사,4.2 방수 작업,"지붕(처마,홈통)",떨어짐,14,58,24.1
4. 마감공사,4.2 방수 작업,슬라브단부,떨어짐,10,58,17.2
4. 마감공사,4.2 방수 작업,사다리,떨어짐,5,58,8.6
4. 마감공사,4.2 방수 작업,화학물질,유해위험물질 노출 접촉,4,58,6.9
4. 마감공사,4.2 방수 작업,개구부(바닥개구부),떨어짐,3,58,5.2
4. 마감공사,4.2 방수 작업,달비계,떨어짐,2,58,3.4
4. 마감공사,4.2 방수 작업,비계,떨어짐,2,58,3.4
4. 마감공사,4.2 방수 작업,충전부,감전,2,58,3.4
4. 마감공사,4.2 방수 작업,화학물질,화재,2,58,3.4
4. 마감공사,4.2 방수 작업,"각재(파이프,강관,합판)",맞음,1,58,1.7
4. 마감공사,4.2 방수 작업,개구부(기타개구부),떨어짐,1,58,1.7
4. 마감공사,4.2 방수 작업,계단,부딪힘 접촉,1,58,1.7
4. 마감공사,4.2 방수 작업,고소작업대,끼임,1,58,1.7
4. 마감공사,4.2 방수 작업,고소작업대,떨어짐,1,58,1.7
4. 마감공사,4.2 방수 작업,기타구조물,맞음,1,58,1.7
4. 마감공사,4.2 방수 작업,"기타자재(내부마감재,시멘트,마대)",떨어짐,1,58,1.7
4. 마감공사,4.2 방수 작업,리프트,떨어짐,1,58,1.7
4. 마감공사,4.2 방수 작업,방망,떨어짐,1,58,1.7
4. 마감공사,4.2 방수 작업,분류불능,원인미상,1,58,1.7
4. 마감공사,4.2 방수 작업,외부마감재,부딪힘 접촉,1,58,1.7
4. 마감공사,4.2 방수 작업,이동식비계,떨어짐,1,58,1.7
4. 마감공사,4.2 방수 작업,이동식크레인,떨어짐,1,58,1.7
4. 마감공사,4.2 방수 작업,"지붕(채광판,선라이트)",떨어짐,1,58,1.7
2. 철근콘크리트공사,2.3 철근 작업,비계,떨어짐,6,51,11.8
2. 철근콘크리트공사,2.3 철근 작업,"철근콘크리트자재(철근,콘크리트,PC)",맞음,6,51,11.8
2. 철근콘크리트공사,2.3 철근 작업,이동식크레인,맞음,5,51,9.8
2. 철근콘크리트공사,2.3 철근 작업,굴착기,맞음,3,51,5.9
2. 철근콘크리트공사,2.3 철근 작업,"철근콘크리트자재(철근,콘크리트,PC)",깔림 뒤집힘,3,51,5.9
2. 철근콘크리트공사,2.3 철근 작업,"각재(파이프,강관,합판)",떨어짐,2,51,3.9
2. 철근콘크리트공사,2.3 철근 작업,개구부(바닥개구부),떨어짐,2,51,3.9
2. 철근콘크리트공사,2.3 철근 작업,사다리,떨어짐,2,51,3.9
2. 철근콘크리트공사,2.3 철근 작업,슬라브단부,떨어짐,2,51,3.9
2. 철근콘크리트공사,2.3 철근 작업,충전부,감전,2,51,3.9
2. 철근콘크리트공사,2.3 철근 작업,"각재(파이프,강관,합판)",절단 베임 찔림,1,51,2.0
2. 철근콘크리트공사,2.3 철근 작업,계단,떨어짐,1,51,2.0
2. 철근콘크리트공사,2.3 철근 작업,고소작업대,떨어짐,1,51,2.0
2. 철근콘크리트공사,2.3 철근 작업,고소작업대,맞음(낙하물체),1,51,2.0
2. 철근콘크리트공사,2.3 철근 작업,고정식크레인,맞음(낙하물체),1,51,2.0
2. 철근콘크리트공사,2.3 철근 작업,굴착기,떨어짐,1,51,2.0
2. 철근콘크리트공사,2.3 철근 작업,바닥(바닥에 걸려 넘어짐),절단 베임 찔림,1,51,2.0
2. 철근콘크리트공사,2.3 철근 작업,벽체,깔림 뒤집힘,1,51,2.0
2. 철근콘크리트공사,2.3 철근 작업,분류불능,열사병,1,51,2.0
2. 철근콘크리트공사,2.3 철근 작업,분류불능,절단 베임 찔림,1,51,2.0
2. 철근콘크리트공사,2.3 철근 작업,엘리베이터피트,떨어짐,1,51,2.0
2. 철근콘크리트공사,2.3 철근 작업,작업발판/가설계단,떨어짐,1,51,2.0
2. 철근콘크리트공사,2.3 철근 작업,지게차,맞음,1,51,2.0
2. 철근콘크리트공사,2.3 철근 작업,지게차,맞음(낙하물체),1,51,2.0
2. 철근콘크리트공사,2.3 철근 작업,"철근콘크리트자재(철근,콘크리트,PC)",끼임,1,51,2.0
2. 철근콘크리트공사,2.3 철근 작업,"철근콘크리트자재(철근,콘크리트,PC)",떨어짐,1,51,2.0
2. 철근콘크리트공사,2.3 철근 작업,"철근콘크리트자재(철근,콘크리트,PC)",맞음(낙하물체),1,51,2.0
2. 철근콘크리트공사,2.3 철근 작업,"철근콘크리트자재(철근,콘크리트,PC)",절단 베임 찔림,1,51,2.0
1. 토공사,1.3 기초파일 작업,천공기/항타기,맞음,12,48,25.0
1. 토공사,1.3 기초파일 작업,천공기/항타기,깔림 뒤집힘,6,48,12.5
1. 토공사,1.3 기초파일 작업,천공기/항타기,끼임,6,48,12.5
1. 토공사,1.3 기초파일 작업,굴착기,맞음,3,48,6.2
1. 토공사,1.3 기초파일 작업,천공기/항타기,떨어짐,3,48,6.2
1. 토공사,1.3 기초파일 작업,굴착기,깔림 뒤집힘,2,48,4.2
1. 토공사,1.3 기초파일 작업,기초파일,끼임,2,48,4.2
1. 토공사,1.3 기초파일 작업,이동식크레인,맞음,2,48,4.2
1. 토공사,1.3 기초파일 작업,이동식크레인,맞음(낙하물체),2,48,4.2
1. 토공사,1.3 기초파일 작업,개구부(기타개구부),떨어짐,1,48,2.1
1. 토공사,1.3 기초파일 작업,굴착기,떨어짐,1,48,2.1
1. 토공사,1.3 기초파일 작업,굴착기,부딪힘 접촉,1,48,2.1
1. 토공사,1.3 기초파일 작업,기초파일,맞음,1,48,2.1
1. 토공사,1.3 기초파일 작업,분류불능,원인미상,1,48,2.1
1. 토공사,1.3 기초파일 작업,이동식크레인,깔림 뒤집힘,1,48,2.1
1. 토공사,1.3 기초파일 작업,이동식크레인,끼임,1,48,2.1
1. 토공사,1.3 기초파일 작업,이동식크레인,떨어짐,1,48,2.1
1. 토공사,1.3 기초파일 작업,천공기/항타기,절단 베임 찔림,1,48,2.1
1. 토공사,1.3 기초파일 작업,토사,무너짐,1,48,2.1
12. 공통공사,12.5 양중기 작업,고정식크레인,떨어짐,15,47,31.9
12. 공통공사,12.5 양중기 작업,리프트,떨어짐,4,47,8.5
12. 공통공사,12.5 양중기 작업,고소작업대,떨어짐,3,47,6.4
12. 공통공사,12.5 양중기 작업,고정식크레인,깔림 뒤집힘,3,47,6.4
12. 공통공사,12.5 양중기 작업,이동식크레인,끼임,3,47,6.4
12. 공통공사,12.5 양중기 작업,이동식크레인,맞음,2,47,4.3
12. 공통공사,12.5 양중기 작업,"각재(파이프,강관,합판)",맞음,1,47,2.1
12. 공통공사,12.5 양중기 작업,개구부(바닥개구부),떨어짐,1,47,2.1
12. 공통공사,12.5 양중기 작업,고정식크레인,끼임,1,47,2.1
12. 공통공사,12.5 양중기 작업,고정식크레인,맞음,1,47,2.1
12. 공통공사,12.5 양중기 작업,고정식크레인,맞음(낙하물체),1,47,2.1
12. 공통공사,12.5 양중기 작업,고정식크레인,무너짐,1,47,2.1
12. 공통공사,12.5 양중기 작업,기계설비,깔림 뒤집힘,1,47,2.1
12. 공통공사,12.5 양중기 작업,"기타자재(내부마감재,시멘트,마대)",맞음,1,47,2.1
12. 공통공사,12.5 양중기 작업,리프트,끼임,1,47,2.1
12. 공통공사,12.5 양중기 작업,리프트,무너짐,1,47,2.1
12. 공통공사,12.5 양중기 작업,분류불능,깔림 뒤집힘,1,47,2.1
12. 공통공사,12.5 양중기 작업,슬라브단부,떨어짐,1,47,2.1
12. 공통공사,12.5 양중기 작업,이동식크레인,깔림 뒤집힘,1,47,2.1
12. 공통공사,12.5 양중기 작업,이동식크레인,떨어짐,1,47,2.1
12. 공통공사,12.5 양중기 작업,이동식크레인,맞음(낙하물체),1,47,2.1
12. 공통공사,12.5 양중기 작업,이동식크레인,부딪힘 접촉,1,47,2.1
12. 공통공사,12.5 양중기 작업,"철근콘크리트자재(철근,콘크리트,PC)",깔림 뒤집힘,1,47,2.1
1. 토공사,1.1 굴착 작업,토사,무너짐,8,46,17.4
1. 토공사,1.1 굴착 작업,굴착기,깔림 뒤집힘,6,46,13.0
1. 토공사,1.1 굴착 작업,트럭,깔림 뒤집힘,6,46,13.0
1. 토공사,1.1 굴착 작업,트럭,끼임,4,46,8.7
1. 토공사,1.1 굴착 작업,굴착기,끼임,3,46,6.5
1. 토공사,1.1 굴착 작업,트럭,떨어짐,3,46,6.5
1. 토공사,1.1 굴착 작업,굴착기,떨어짐,2,46,4.3
1. 토공사,1.1 굴착 작업,굴착기,맞음,2,46,4.3
1. 토공사,1.1 굴착 작업,개구부(기타개구부),떨어짐,1,46,2.2
1. 토공사,1.1 굴착 작업,개구부(바닥개구부),떨어짐,1,46,2.2
1. 토공사,1.1 굴착 작업,기타건설장비,깔림 뒤집힘,1,46,2.2
1. 토공사,1.1 굴착 작업,기타건설장비,맞음,1,46,2.2
1. 토공사,1.1 굴착 작업,물,맞음,1,46,2.2
1. 토공사,1.1 굴착 작업,벽체,맞음,1,46,2.2
1. 토공사,1.1 굴착 작업,암석,맞음,1,46,2.2
1. 토공사,1.1 굴착 작업,이동식크레인,깔림 뒤집힘,1,46,2.2
1. 토공사,1.1 굴착 작업,이동식크레인,떨어짐,1,46,2.2
1. 토공사,1.1 굴착 작업,전주,맞음,1,46,2.2
1. 토공사,1.1 굴착 작업,토사,끼임,1,46,2.2
1. 토공사,1.1 굴착 작업,화학물질,폭발,1,46,2.2
1. 토공사,1.2 흙막이 지보공 작업,흙막이가시설,떨어짐,13,45,28.9
1. 토공사,1.2 흙막이 지보공 작업,흙막이가시설,부딪힘 접촉,4,45,8.9
1. 토공사,1.2 흙막이 지보공 작업,토사,깔림 뒤집힘,3,45,6.7
1. 토공사,1.2 흙막이 지보공 작업,흙막이가시설,깔림 뒤집힘,3,45,6.7
1. 토공사,1.2 흙막이 지보공 작업,고소작업대,떨어짐,2,45,4.4
1. 토공사,1.2 흙막이 지보공 작업,굴착기,맞음(낙하물체),2,45,4.4
1. 토공사,1.2 흙막이 지보공 작업,굴착기,부딪힘 접촉,2,45,4.4
1. 토공사,1.2 흙막이 지보공 작업,흙막이가시설,무너짐,2,45,4.4
1. 토공사,1.2 흙막이 지보공 작업,굴착기,깔림 뒤집힘,1,45,2.2
1. 토공사,1.2 흙막이 지보공 작업,굴착기,맞음,1,45,2.2
1. 토공사,1.2 흙막이 지보공 작업,기초파일,떨어짐,1,45,2.2
1. 토공사,1.2 흙막이 지보공 작업,암석,맞음,1,45,2.2
1. 토공사,1.2 흙막이 지보공 작업,이동식크레인,떨어짐,1,45,2.2
1. 토공사,1.2 흙막이 지보공 작업,이동식크레인,맞음(낙하물체),1,45,2.2
1. 토공사,1.2 흙막이 지보공 작업,이동식크레인,부딪힘 접촉,1,45,2.2
1. 토공사,1.2 흙막이 지보공 작업,작업발판/가설계단,떨어짐,1,45,2.2
1. 토공사,1.2 흙막이 지보공 작업,천공기/항타기,맞음,1,45,2.2
1. 토공사,1.2 흙막이 지보공 작업,천공기/항타기,맞음(낙하물체),1,45,2.2
1. 토공사,1.2 흙막이 지보공 작업,철골(철골자재),부딪힘 접촉,1,45,2.2
1. 토공사,1.2 흙막이 지보공 작업,충전부,감전,1,45,2.2
1. 토공사,1.2 흙막이 지보공 작업,흙막이가시설,끼임,1,45,2.2
1. 토공사,1.2 흙막이 지보공 작업,흙막이가시설,맞음,1,45,2.2
4. 마감공사,4.3 석재 및 타일 작업,비계,떨어짐,18,40,45.0
4. 마감공사,4.3 석재 및 타일 작업,계단,떨어짐,6,40,15.0
4. 마감공사,4.3 석재 및 타일 작업,슬라브단부,떨어짐,2,40,5.0
4. 마감공사,4.3 석재 및 타일 작업,고소작업대,떨어짐,1,40,2.5
4. 마감공사,4.3 석재 및 타일 작업,기타건설장비,맞음,1,40,2.5
4. 마감공사,4.3 석재 및 타일 작업,"기타자재(내부마감재,시멘트,마대)",맞음,1,40,2.5
4. 마감공사,4.3 석재 및 타일 작업,달비계,떨어짐,1,40,2.5
4. 마감공사,4.3 석재 및 타일 작업,리프트,떨어짐,1,40,2.5
4. 마감공사,4.3 석재 및 타일 작업,말비계,떨어짐,1,40,2.5
4. 마감공사,4.3 석재 및 타일 작업,바닥(바닥에 걸려 넘어짐),부딪힘 접촉,1,40,2.5
4. 마감공사,4.3 석재 및 타일 작업,비계,맞음,1,40,2.5
4. 마감공사,4.3 석재 및 타일 작업,사다리,떨어짐,1,40,2.5
4. 마감공사,4.3 석재 및 타일 작업,외부마감재,떨어짐,1,40,2.5
4. 마감공사,4.3 석재 및 타일 작업,용접(단)기,화재,1,40,2.5
4. 마감공사,4.3 석재 및 타일 작업,작업발판/가설계단,떨어짐,1,40,2.5
4. 마감공사,4.3 석재 및 타일 작업,지게차,깔림 뒤집힘,1,40,2.5
4. 마감공사,4.3 석재 및 타일 작업,화학물질,유해위험물질 노출 접촉,1,40,2.5
4. 마감공사,4.6 창호 및 유리 작업,고소작업대,떨어짐,10,39,25.6
4. 마감공사,4.6 창호 및 유리 작업,개구부(기타개구부),떨어짐,8,39,20.5
4. 마감공사,4.6 창호 및 유리 작업,벽체,떨어짐,4,39,10.3
4. 마감공사,4.6 창호 및 유리 작업,달비계,떨어짐,3,39,7.7
4. 마감공사,4.6 창호 및 유리 작업,작업발판/가설계단,떨어짐,3,39,7.7
4. 마감공사,4.6 창호 및 유리 작업,"기타자재(내부마감재,시멘트,마대)",깔림 뒤집힘,2,39,5.1
4. 마감공사,4.6 창호 및 유리 작업,사다리,떨어짐,2,39,5.1
4. 마감공사,4.6 창호 및 유리 작업,개구부(바닥개구부),떨어짐,1,39,2.6
4. 마감공사,4.6 창호 및 유리 작업,고소작업대,부딪힘 접촉,1,39,2.6
4. 마감공사,4.6 창호 및 유리 작업,비계,떨어짐,1,39,2.6
4. 마감공사,4.6 창호 및 유리 작업,비계,맞음,1,39,2.6
4. 마감공사,4.6 창호 및 유리 작업,슬라브단부,떨어짐,1,39,2.6
4. 마감공사,4.6 창호 및 유리 작업,철골(철골구조물),떨어짐,1,39,2.6
4. 마감공사,4.6 창호 및 유리 작업,화학물질,떨어짐,1,39,2.6
11. 기타 토목공사,11.1 부대 토목 작업,토사,무너짐,6,36,16.7
11. 기타 토목공사,11.1 부대 토목 작업,슬라브단부,떨어짐,4,36,11.1
11. 기타 토목공사,11.1 부대 토목 작업,굴착기,부딪힘 접촉,3,36,8.3
11. 기타 토목공사,11.1 부대 토목 작업,굴착기,깔림 뒤집힘,2,36,5.6
11. 기타 토목공사,11.1 부대 토목 작업,굴착기,맞음,2,36,5.6
11. 기타 토목공사,11.1 부대 토목 작업,기타구조물,깔림 뒤집힘,2,36,5.6
11. 기타 토목공사,11.1 부대 토목 작업,"각재(파이프,강관,합판)",맞음,1,36,2.8
11. 기타 토목공사,11.1 부대 토목 작업,굴착기,끼임,1,36,2.8
11. 기타 토목공사,11.1 부대 토목 작업,굴착기,맞음(낙하물체),1,36,2.8
11. 기타 토목공사,11.1 부대 토목 작업,기타건설장비,깔림 뒤집힘,1,36,2.8
11. 기타 토목공사,11.1 부대 토목 작업,기타구조물,끼임,1,36,2.8
11. 기타 토목공사,11.1 부대 토목 작업,기타구조물,떨어짐,1,36,2.8
11. 기타 토목공사,11.1 부대 토목 작업,"기타자재(내부마감재,시멘트,마대)",끼임,1,36,2.8
11. 기타 토목공사,11.1 부대 토목 작업,로울러,떨어짐,1,36,2.8
11. 기타 토목공사,11.1 부대 토목 작업,분류불능,떨어짐,1,36,2.8
11. 기타 토목공사,11.1 부대 토목 작업,분류불능,원인미상,1,36,2.8
11. 기타 토목공사,11.1 부대 토목 작업,비계,떨어짐,1,36,2.8
11. 기타 토목공사,11.1 부대 토목 작업,이동식크레인,떨어짐,1,36,2.8
11. 기타 토목공사,11.1 부대 토목 작업,작업발판/가설계단,떨어짐,1,36,2.8
11. 기타 토목공사,11.1 부대 토목 작업,콘크리트펌프카,맞음,1,36,2.8
11. 기타 토목공사,11.1 부대 토목 작업,토사,떨어짐,1,36,2.8
11. 기타 토목공사,11.1 부대 토목 작업,트럭,깔림 뒤집힘,1,36,2.8
11. 기타 토목공사,11.1 부대 토목 작업,트럭,떨어짐,1,36,2.8
"5. 전기, 기계설비공사",5.3 엘리베이터 설치 작업,엘리베이터피트,떨어짐,7,32,21.9
"5. 전기, 기계설비공사",5.3 엘리베이터 설치 작업,기계설비,끼임,6,32,18.8
"5. 전기, 기계설비공사",5.3 엘리베이터 설치 작업,기계설비,떨어짐,5,32,15.6
"5. 전기, 기계설비공사",5.3 엘리베이터 설치 작업,개구부(기타개구부),떨어짐,3,32,9.4
"5. 전기, 기계설비공사",5.3 엘리베이터 설치 작업,작업발판/가설계단,떨어짐,2,32,6.2
"5. 전기, 기계설비공사",5.3 엘리베이터 설치 작업,"지붕(처마,홈통)",떨어짐,2,32,6.2
"5. 전기, 기계설비공사",5.3 엘리베이터 설치 작업,개구부(바닥개구부),떨어짐,1,32,3.1
"5. 전기, 기계설비공사",5.3 엘리베이터 설치 작업,굴착기,부딪힘 접촉,1,32,3.1
"5. 전기, 기계설비공사",5.3 엘리베이터 설치 작업,기계설비,부딪힘 접촉,1,32,3.1
"5. 전기, 기계설비공사",5.3 엘리베이터 설치 작업,기타건설기계기구,끼임,1,32,3.1
"5. 전기, 기계설비공사",5.3 엘리베이터 설치 작업,"기타자재(내부마감재,시멘트,마대)",떨어짐,1,32,3.1
"5. 전기, 기계설비공사",5.3 엘리베이터 설치 작업,분류불능,떨어짐,1,32,3.1
"5. 전기, 기계설비공사",5.3 엘리베이터 설치 작업,용접(단)기,깔림 뒤집힘,1,32,3.1
7. 도로 및 포장공사,7.1 포장 작업,트럭,깔림 뒤집힘,11,31,35.5
7. 도로 및 포장공사,7.1 포장 작업,로울러,깔림 뒤집힘,6,31,19.4
7. 도로 및 포장공사,7.1 포장 작업,기타건설장비,깔림 뒤집힘,5,31,16.1
7. 도로 및 포장공사,7.1 포장 작업,굴착기,깔림 뒤집힘,2,31,6.5
7. 도로 및 포장공사,7.1 포장 작업,개구부(바닥개구부),떨어짐,1,31,3.2
7. 도로 및 포장공사,7.1 포장 작업,굴착기,부딪힘 접촉,1,31,3.2
7. 도로 및 포장공사,7.1 포장 작업,기계설비,떨어짐,1,31,3.2
7. 도로 및 포장공사,7.1 포장 작업,기타구조물,깔림 뒤집힘,1,31,3.2
7. 도로 및 포장공사,7.1 포장 작업,바닥(바닥에 걸려 넘어짐),무너짐,1,31,3.2
7. 도로 및 포장공사,7.1 포장 작업,트럭,떨어짐,1,31,3.2
7. 도로 및 포장공사,7.1 포장 작업,트럭,부딪힘 접촉,1,31,3.2
2. 철근콘크리트공사,2.2 갱폼 작업,비계(일체형비계),떨어짐,8,26,30.8
2. 철근콘크리트공사,2.2 갱폼 작업,거푸집,떨어짐,7,26,26.9
2. 철근콘크리트공사,2.2 갱폼 작업,고정식크레인,떨어짐,2,26,7.7
2. 철근콘크리트공사,2.2 갱폼 작업,비계,떨어짐,2,26,7.7
2. 철근콘크리트공사,2.2 갱폼 작업,거푸집,끼임,1,26,3.8
2. 철근콘크리트공사,2.2 갱폼 작업,거푸집,맞음,1,26,3.8
2. 철근콘크리트공사,2.2 갱폼 작업,고정식크레인,맞음,1,26,3.8
2. 철근콘크리트공사,2.2 갱폼 작업,동바리,떨어짐,1,26,3.8
2. 철근콘크리트공사,2.2 갱폼 작업,용접(단)기,화재,1,26,3.8
2. 철근콘크리트공사,2.2 갱폼 작업,작업발판/가설계단,떨어짐,1,26,3.8
2. 철근콘크리트공사,2.2 갱폼 작업,작업발판/가설계단,맞음,1,26,3.8
12. 공통공사,"12.6 위험기계기구 작업(장비수리, 이동 등)",지게차,부딪힘 접촉,3,25,12.0
12. 공통공사,"12.6 위험기계기구 작업(장비수리, 이동 등)",이동식크레인,깔림 뒤집힘,2,25,8.0
12. 공통공사,"12.6 위험기계기구 작업(장비수리, 이동 등)",이동식크레인,끼임,2,25,8.0
12. 공통공사,"12.6 위험기계기구 작업(장비수리, 이동 등)",트럭,부딪힘 접촉,2,25,8.0
12. 공통공사,"12.6 위험기계기구 작업(장비수리, 이동 등)",교통수단,깔림 뒤집힘,1,25,4.0
12. 공통공사,"12.6 위험기계기구 작업(장비수리, 이동 등)",교통수단,부딪힘 접촉,1,25,4.0
12. 공통공사,"12.6 위험기계기구 작업(장비수리, 이동 등)",굴착기,깔림 뒤집힘,1,25,4.0
12. 공통공사,"12.6 위험기계기구 작업(장비수리, 이동 등)",굴착기,끼임,1,25,4.0
12. 공통공사,"12.6 위험기계기구 작업(장비수리, 이동 등)",굴착기,부딪힘 접촉,1,25,4.0
12. 공통공사,"12.6 위험기계기구 작업(장비수리, 이동 등)",기타구조물,떨어짐,1,25,4.0
12. 공통공사,"12.6 위험기계기구 작업(장비수리, 이동 등)","기타자재(내부마감재,시멘트,마대)",끼임,1,25,4.0
12. 공통공사,"12.6 위험기계기구 작업(장비수리, 이동 등)",엘리베이터피트,떨어짐,1,25,4.0
12. 공통공사,"12.6 위험기계기구 작업(장비수리, 이동 등)",이동식크레인,맞음,1,25,4.0
12. 공통공사,"12.6 위험기계기구 작업(장비수리, 이동 등)",지게차,깔림 뒤집힘,1,25,4.0
12. 공통공사,"12.6 위험기계기구 작업(장비수리, 이동 등)",지게차,끼임,1,25,4.0
12. 공통공사,"12.6 위험기계기구 작업(장비수리, 이동 등)",지게차,떨어짐,1,25,4.0
12. 공통공사,"12.6 위험기계기구 작업(장비수리, 이동 등)",트럭,깔림 뒤집힘,1,25,4.0
12. 공통공사,"12.6 위험기계기구 작업(장비수리, 이동 등)",트럭,끼임,1,25,4.0
12. 공통공사,"12.6 위험기계기구 작업(장비수리, 이동 등)",트럭,떨어짐,1,25,4.0
12. 공통공사,"12.6 위험기계기구 작업(장비수리, 이동 등)",트럭,맞음,1,25,4.0
7. 도로 및 포장공사,7.2 포설 및 다짐 작업,로울러,깔림 뒤집힘,5,23,21.7
7. 도로 및 포장공사,7.2 포설 및 다짐 작업,트럭,깔림 뒤집힘,5,23,21.7
7. 도로 및 포장공사,7.2 포설 및 다짐 작업,굴착기,깔림 뒤집힘,3,23,13.0
7. 도로 및 포장공사,7.2 포설 및 다짐 작업,교통수단,부딪힘 접촉,1,23,4.3
7. 도로 및 포장공사,7.2 포설 및 다짐 작업,기타가설구조물,떨어짐,1,23,4.3
7. 도로 및 포장공사,7.2 포설 및 다짐 작업,기타건설장비,깔림 뒤집힘,1,23,4.3
7. 도로 및 포장공사,7.2 포설 및 다짐 작업,기타건설장비,끼임,1,23,4.3
7. 도로 및 포장공사,7.2 포설 및 다짐 작업,기타건설장비,무너짐,1,23,4.3
7. 도로 및 포장공사,7.2 포설 및 다짐 작업,기타구조물,깔림 뒤집힘,1,23,4.3
7. 도로 및 포장공사,7.2 포설 및 다짐 작업,기타구조물,무너짐,1,23,4.3
7. 도로 및 포장공사,7.2 포설 및 다짐 작업,로울러,떨어짐,1,23,4.3
7. 도로 및 포장공사,7.2 포설 및 다짐 작업,이동식크레인,깔림 뒤집힘,1,23,4.3
7. 도로 및 포장공사,7.2 포설 및 다짐 작업,트럭,무너짐,1,23,4.3
12. 공통공사,12.3 가설전기 작업,충전부,감전,3,12,25.0
12. 공통공사,12.3 가설전기 작업,용접(단)기,화재,2,12,16.7
12. 공통공사,12.3 가설전기 작업,고소작업대,떨어짐,1,12,8.3
12. 공통공사,12.3 가설전기 작업,굴착기,깔림 뒤집힘,1,12,8.3
12. 공통공사,12.3 가설전기 작업,물,익사,1,12,8.3
12. 공통공사,12.3 가설전기 작업,사다리,떨어짐,1,12,8.3
12. 공통공사,12.3 가설전기 작업,작업발판/가설계단,떨어짐,1,12,8.3
12. 공통공사,12.3 가설전기 작업,전주,떨어짐,1,12,8.3
12. 공통공사,12.3 가설전기 작업,천장(판넬 등 마감재),떨어짐,1,12,8.3
10. 하천 및 항만공사,"10.2 수중, 해상공사",물,보호구 이상,6,11,54.5
1. 토공사,1.4 되메움 작업,트럭,깔림 뒤집힘,4,11,36.4
1. 토공사,1.4 되메움 작업,굴착기,깔림 뒤집힘,1,11,9.1
1. 토공사,1.4 되메움 작업,굴착기,부딪힘 접촉,1,11,9.1
1. 토공사,1.4 되메움 작업,분류불능,원인미상,1,11,9.1
1. 토공사,1.4 되메움 작업,암석,깔림 뒤집힘,1,11,9.1
1. 토공사,1.4 되메움 작업,철골(철골자재),깔림 뒤집힘,1,11,9.1
1. 토공사,1.4 되메움 작업,철골(철골자재),끼임,1,11,9.1
1. 토공사,1.4 되메움 작업,토사,무너짐,1,11,9.1
10. 하천 및 항만공사,"10.2 수중, 해상공사",굴착기,깔림 뒤집힘,1,11,9.1
10. 하천 및 항만공사,"10.2 수중, 해상공사",기타건설장비,떨어짐,1,11,9.1
10. 하천 및 항만공사,"10.2 수중, 해상공사",용접(단)기,폭발,1,11,9.1
10. 하천 및 항만공사,"10.2 수중, 해상공사",이동식크레인,맞음,1,11,9.1
10. 하천 및 항만공사,"10.2 수중, 해상공사",절단기/톱,맞음,1,11,9.1
9. 터널공사,9.2 터널 굴착 작업,암석,맞음,4,7,57.1
11. 기타 토목공사,11.2 가설도로 작업,수목,깔림 뒤집힘,3,7,42.9
11. 기타 토목공사,11.3 지장물 조사 및 이설 작업,전주,떨어짐,2,7,28.6
11. 기타 토목공사,11.2 가설도로 작업,로울러,떨어짐,1,7,14.3
11. 기타 토목공사,11.2 가설도로 작업,수목,맞음,1,7,14.3
11. 기타 토목공사,11.2 가설도로 작업,토사,깔림 뒤집힘,1,7,14.3
11. 기타 토목공사,11.2 가설도로 작업,트럭,부딪힘 접촉,1,7,14.3
11. 기타 토목공사,11.3 지장물 조사 및 이설 작업,굴착기,끼임,1,7,14.3
11. 기타 토목공사,11.3 지장물 조사 및 이설 작업,굴착기,맞음,1,7,14.3
11. 기타 토목공사,11.3 지장물 조사 및 이설 작업,굴착기,부딪힘 접촉,1,7,14.3
11. 기타 토목공사,11.3 지장물 조사 및 이설 작업,충전부,감전,1,7,14.3
11. 기타 토목공사,11.3 지장물 조사 및 이설 작업,화학물질,산소결핍 질식,1,7,14.3
8. 교량공사,8.2 강교 설치 작업,개구부(기타개구부),떨어짐,1,7,14.3
8. 교량공사,8.2 강교 설치 작업,거푸집,떨어짐,1,7,14.3
8. 교량공사,8.2 강교 설치 작업,교통수단,떨어짐,1,7,14.3
8. 교량공사,8.2 강교 설치 작업,기타건설장비,떨어짐,1,7,14.3
8. 교량공사,8.2 강교 설치 작업,비계,떨어짐,1,7,14.3
8. 교량공사,8.2 강교 설치 작업,작업발판/가설계단,떨어짐,1,7,14.3
8. 교량공사,8.2 강교 설치 작업,"철근콘크리트자재(철근,콘크리트,PC)",깔림 뒤집힘,1,7,14.3
9. 터널공사,9.2 터널 굴착 작업,기타건설장비,끼임,1,7,14.3
9. 터널공사,9.2 터널 굴착 작업,작업발판/가설계단,끼임,1,7,14.3
9. 터널공사,9.2 터널 굴착 작업,토사,끼임,1,7,14.3
10. 하천 및 항만공사,10.1 준설매립,슬라브단부,떨어짐,1,4,25.0
10. 하천 및 항만공사,10.1 준설매립,원인미상,넘어짐,1,4,25.0
10. 하천 및 항만공사,10.1 준설매립,트럭,끼임,1,4,25.0
10. 하천 및 항만공사,10.1 준설매립,화학물질,유해위험물질 노출 접촉,1,4,25.0
9. 터널공사,9.3 터널 보강 작업,고소작업대,끼임,1,4,25.0
9. 터널공사,9.3 터널 보강 작업,암석,무너짐,1,4,25.0
9. 터널공사,9.3 터널 보강 작업,이동식비계,떨어짐,1,4,25.0
9. 터널공사,9.3 터널 보강 작업,"철근콘크리트자재(철근,콘크리트,PC)",깔림 뒤집힘,1,4,25.0
1. 토공사,1.6 그라우팅작업,기타건설장비,떨어짐,1,2,50.0
1. 토공사,1.6 그라우팅작업,기타건설장비,맞음(낙하물체),1,2,50.0
12. 공통공사,12.4 가설플랜트 작업,기계설비,맞음,1,2,50.0
12. 공통공사,12.4 가설플랜트 작업,기타건설장비,끼임,1,2,50.0
8. 교량공사,8.1 슬립폼(슬라이딩폼) 작업,개구부(기타개구부),떨어짐,1,2,50.0
8. 교량공사,8.1 슬립폼(슬라이딩폼) 작업,거푸집,깔림 뒤집힘,1,2,50.0
9. 터널공사,9.1 라이닝 거푸집 작업,"기타자재(내부마감재,시멘트,마대)",맞음,1,2,50.0
9. 터널공사,9.1 라이닝 거푸집 작업,트럭,부딪힘 접촉,1,2,50.0
9. 터널공사,9.4 수직구 작업,굴착기,깔림 뒤집힘,1,2,50.0
9. 터널공사,9.4 수직구 작업,흙막이가시설,떨어짐,1,2,50.0
1. 토공사,1.5 발파 작업,암석,맞음,1,1,100.0
11. 기타 토목공사,11.5 특수댐 작업,분류불능,끼임,1,1,100.0
8. 교량공사,8.3 PSC 교량 작업,기타구조물,맞음,1,1,100.0
8. 교량공사,8.4 특수교량 작업,"각재(파이프,강관,합판)",깔림 뒤집힘,1,1,100.0
9. 터널공사,9.5 갱구부 작업,기타건설장비,끼임,1,1,100.0
9. 터널공사,9.6 특수터널 작업,철골(철골자재),맞음,1,1,100.0
